id,SKU,nombre_producto,descripcion,current_price,current_stock,status,creation_date,last_update
1,P00001,Gillette Mach3 modelo 2026,Rastrillo para afeitar con tres hojas,224.09,147,1,2026-01-15 10:00:00,2026-02-10 12:00:00
2,P00002,Nike Revolution 7 color negro,Tenis deportivos para entrenamiento,2018.32,103,1,2026-01-15 10:00:00,2026-02-10 12:00:00
3,P00003,JBL Go 4 color negro,Bocina portatil Bluetooth,1180.02,187,1,2026-01-15 10:00:00,2026-02-10 12:00:00
4,P00004,Logitech G502 Hero presentacion familiar,Mouse gamer de alto rendimiento,1032.52,283,1,2026-01-15 10:00:00,2026-02-10 12:00:00
5,P00005,Nike Revolution 7 presentacion familiar,Tenis deportivos para entrenamiento,2037.25,67,1,2026-01-15 10:00:00,2026-02-10 12:00:00
6,P00006,Kingston NV2 1TB color negro,Unidad SSD NVMe M.2 de 1 TB,1213.32,297,1,2026-01-15 10:00:00,2026-02-10 12:00:00
7,P00007,Tefal Plancha Ultragliss color blanco,Plancha de vapor para ropa,1090.64,209,1,2026-01-15 10:00:00,2026-02-10 12:00:00
8,P00008,Logitech G502 Hero color negro,Mouse gamer de alto rendimiento,1006.29,282,1,2026-01-15 10:00:00,2026-02-10 12:00:00
9,P00009,JBL Go 4 presentacion familiar,Bocina portatil Bluetooth,1230.74,57,1,2026-01-15 10:00:00,2026-02-10 12:00:00
10,P00010,Cinsa Olla de presion 6L paquete con 2 piezas,Olla de presion de aluminio de 6 litros,1127.88,88,1,2026-01-15 10:00:00,2026-02-10 12:00:00
11,P00011,Cinsa Olla de presion 6L paquete con 2 piezas,Olla de presion de aluminio de 6 litros,1094.71,291,1,2026-01-15 10:00:00,2026-02-10 12:00:00
12,P00012,SanDisk Ultra microSD 128GB version estandar,Tarjeta microSD de 128 GB,277.55,129,1,2026-01-15 10:00:00,2026-02-10 12:00:00
13,P00013,Gillette Mach3 edicion especial,Rastrillo para afeitar con tres hojas,164.7,292,1,2026-01-15 10:00:00,2026-02-10 12:00:00
14,P00014,Colgate Total 12 edicion especial,Pasta dental de proteccion integral,80.1,100,1,2026-01-15 10:00:00,2026-02-10 12:00:00
15,P00015,Kingston NV2 1TB edicion especial,Unidad SSD NVMe M.2 de 1 TB,1486.95,249,1,2026-01-15 10:00:00,2026-02-10 12:00:00
16,P00016,Cinsa Olla de presion 6L presentacion familiar,Olla de presion de aluminio de 6 litros,972.89,188,1,2026-01-15 10:00:00,2026-02-10 12:00:00
17,P00017,Gillette Mach3 color negro,Rastrillo para afeitar con tres hojas,169.75,244,1,2026-01-15 10:00:00,2026-02-10 12:00:00
18,P00018,SanDisk Ultra microSD 128GB modelo 2026,Tarjeta microSD de 128 GB,374.45,195,1,2026-01-15 10:00:00,2026-02-10 12:00:00
19,P00019,Kingston NV2 1TB edicion especial,Unidad SSD NVMe M.2 de 1 TB,1059.66,6,0,2026-01-15 10:00:00,2026-02-10 12:00:00
20,P00020,JBL Go 4 modelo 2026,Bocina portatil Bluetooth,952.47,238,1,2026-01-15 10:00:00,2026-02-10 12:00:00
21,P00021,Kingston NV2 1TB modelo 2026,Unidad SSD NVMe M.2 de 1 TB,1199.79,219,1,2026-01-15 10:00:00,2026-02-10 12:00:00
22,P00022,Sterilite Caja organizadora 40L version estandar,Caja plastica con tapa para almacenamiento,204.29,153,1,2026-01-15 10:00:00,2026-02-10 12:00:00
23,P00023,JBL Go 4 color blanco,Bocina portatil Bluetooth,1142.89,83,1,2026-01-15 10:00:00,2026-02-10 12:00:00
24,P00024,Logitech G502 Hero paquete con 2 piezas,Mouse gamer de alto rendimiento,723.42,229,1,2026-01-15 10:00:00,2026-02-10 12:00:00
25,P00025,Cinsa Olla de presion 6L color blanco,Olla de presion de aluminio de 6 litros,1015.84,75,1,2026-01-15 10:00:00,2026-02-10 12:00:00
26,P00026,SanDisk Ultra microSD 128GB presentacion familiar,Tarjeta microSD de 128 GB,318.89,205,1,2026-01-15 10:00:00,2026-02-10 12:00:00
27,P00027,JBL Go 4 color negro,Bocina portatil Bluetooth,951.41,106,1,2026-01-15 10:00:00,2026-02-10 12:00:00
28,P00028,Tefal Plancha Ultragliss version estandar,Plancha de vapor para ropa,1119.5,246,1,2026-01-15 10:00:00,2026-02-10 12:00:00
29,P00029,Nike Revolution 7 presentacion familiar,Tenis deportivos para entrenamiento,2071.14,134,1,2026-01-15 10:00:00,2026-02-10 12:00:00
30,P00030,Gillette Mach3 color blanco,Rastrillo para afeitar con tres hojas,183.47,127,1,2026-01-15 10:00:00,2026-02-10 12:00:00
31,P00031,Cinsa Olla de presion 6L version estandar,Olla de presion de aluminio de 6 litros,1125.9,212,1,2026-01-15 10:00:00,2026-02-10 12:00:00
32,P00032,Kingston NV2 1TB version estandar,Unidad SSD NVMe M.2 de 1 TB,1122.69,88,1,2026-01-15 10:00:00,2026-02-10 12:00:00
33,P00033,Gillette Mach3 paquete con 2 piezas,Rastrillo para afeitar con tres hojas,283.39,152,1,2026-01-15 10:00:00,2026-02-10 12:00:00
34,P00034,Cinsa Olla de presion 6L color blanco,Olla de presion de aluminio de 6 litros,968.85,51,1,2026-01-15 10:00:00,2026-02-10 12:00:00
35,P00035,Cinsa Olla de presion 6L color negro,Olla de presion de aluminio de 6 litros,912.19,18,1,2026-01-15 10:00:00,2026-02-10 12:00:00
36,P00036,Kingston NV2 1TB modelo 2026,Unidad SSD NVMe M.2 de 1 TB,1465.08,48,1,2026-01-15 10:00:00,2026-02-10 12:00:00
37,P00037,Cinsa Olla de presion 6L color negro,Olla de presion de aluminio de 6 litros,973.43,288,1,2026-01-15 10:00:00,2026-02-10 12:00:00
38,P00038,SanDisk Ultra microSD 128GB modelo 2026,Tarjeta microSD de 128 GB,359.35,65,1,2026-01-15 10:00:00,2026-02-10 12:00:00
39,P00039,Sterilite Caja organizadora 40L presentacion familiar,Caja plastica con tapa para almacenamiento,234.44,21,1,2026-01-15 10:00:00,2026-02-10 12:00:00
40,P00040,SanDisk Ultra microSD 128GB color negro,Tarjeta microSD de 128 GB,319.05,23,1,2026-01-15 10:00:00,2026-02-10 12:00:00
41,P00041,JBL Go 4 color negro,Bocina portatil Bluetooth,1017.3,96,1,2026-01-15 10:00:00,2026-02-10 12:00:00
42,P00042,JBL Go 4 version estandar,Bocina portatil Bluetooth,1168.39,290,1,2026-01-15 10:00:00,2026-02-10 12:00:00
43,P00043,Colgate Total 12 modelo 2026,Pasta dental de proteccion integral,65.57,95,1,2026-01-15 10:00:00,2026-02-10 12:00:00
44,P00044,Colgate Total 12 paquete con 2 piezas,Pasta dental de proteccion integral,60.84,135,1,2026-01-15 10:00:00,2026-02-10 12:00:00
45,P00045,SanDisk Ultra microSD 128GB modelo 2026,Tarjeta microSD de 128 GB,335.61,130,1,2026-01-15 10:00:00,2026-02-10 12:00:00
46,P00046,Logitech G502 Hero version estandar,Mouse gamer de alto rendimiento,1070.59,135,1,2026-01-15 10:00:00,2026-02-10 12:00:00
47,P00047,Tefal Plancha Ultragliss modelo 2026,Plancha de vapor para ropa,1112.12,9,1,2026-01-15 10:00:00,2026-02-10 12:00:00
48,P00048,SanDisk Ultra microSD 128GB color blanco,Tarjeta microSD de 128 GB,307.57,77,1,2026-01-15 10:00:00,2026-02-10 12:00:00
49,P00049,Kingston NV2 1TB modelo 2026,Unidad SSD NVMe M.2 de 1 TB,1185.88,111,1,2026-01-15 10:00:00,2026-02-10 12:00:00
50,P00050,Colgate Total 12 color negro,Pasta dental de proteccion integral,92.22,35,1,2026-01-15 10:00:00,2026-02-10 12:00:00
51,P00051,JBL Go 4 version estandar,Bocina portatil Bluetooth,1188.88,89,1,2026-01-15 10:00:00,2026-02-10 12:00:00
52,P00052,JBL Go 4 modelo 2026,Bocina portatil Bluetooth,1126.15,270,1,2026-01-15 10:00:00,2026-02-10 12:00:00
53,P00053,Colgate Total 12 modelo 2026,Pasta dental de proteccion integral,82.79,54,1,2026-01-15 10:00:00,2026-02-10 12:00:00
54,P00054,Gillette Mach3 presentacion familiar,Rastrillo para afeitar con tres hojas,180.14,273,1,2026-01-15 10:00:00,2026-02-10 12:00:00
55,P00055,Nike Revolution 7 color negro,Tenis deportivos para entrenamiento,2038.8,153,1,2026-01-15 10:00:00,2026-02-10 12:00:00
56,P00056,Colgate Total 12 paquete con 2 piezas,Pasta dental de proteccion integral,62.98,234,1,2026-01-15 10:00:00,2026-02-10 12:00:00
57,P00057,Logitech G502 Hero presentacion familiar,Mouse gamer de alto rendimiento,864.51,177,1,2026-01-15 10:00:00,2026-02-10 12:00:00
58,P00058,Nike Revolution 7 presentacion familiar,Tenis deportivos para entrenamiento,2034.01,280,1,2026-01-15 10:00:00,2026-02-10 12:00:00
59,P00059,Sterilite Caja organizadora 40L version estandar,Caja plastica con tapa para almacenamiento,317.24,283,1,2026-01-15 10:00:00,2026-02-10 12:00:00
60,P00060,Kingston NV2 1TB paquete con 2 piezas,Unidad SSD NVMe M.2 de 1 TB,1058.52,21,1,2026-01-15 10:00:00,2026-02-10 12:00:00
61,P00061,Kingston NV2 1TB presentacion familiar,Unidad SSD NVMe M.2 de 1 TB,1027.4,196,1,2026-01-15 10:00:00,2026-02-10 12:00:00
62,P00062,Kingston NV2 1TB paquete con 2 piezas,Unidad SSD NVMe M.2 de 1 TB,1115.12,19,1,2026-01-15 10:00:00,2026-02-10 12:00:00
63,P00063,SanDisk Ultra microSD 128GB edicion especial,Tarjeta microSD de 128 GB,329.08,245,1,2026-01-15 10:00:00,2026-02-10 12:00:00
64,P00064,Logitech G502 Hero version estandar,Mouse gamer de alto rendimiento,891.67,74,1,2026-01-15 10:00:00,2026-02-10 12:00:00
65,P00065,Gillette Mach3 color blanco,Rastrillo para afeitar con tres hojas,205.7,106,1,2026-01-15 10:00:00,2026-02-10 12:00:00
66,P00066,Cinsa Olla de presion 6L color blanco,Olla de presion de aluminio de 6 litros,821.29,182,1,2026-01-15 10:00:00,2026-02-10 12:00:00
67,P00067,Logitech G502 Hero color negro,Mouse gamer de alto rendimiento,882.47,213,1,2026-01-15 10:00:00,2026-02-10 12:00:00
68,P00068,Colgate Total 12 paquete con 2 piezas,Pasta dental de proteccion integral,85.26,207,1,2026-01-15 10:00:00,2026-02-10 12:00:00
69,P00069,Colgate Total 12 modelo 2026,Pasta dental de proteccion integral,64.79,151,1,2026-01-15 10:00:00,2026-02-10 12:00:00
70,P00070,Cinsa Olla de presion 6L modelo 2026,Olla de presion de aluminio de 6 litros,1028.81,218,1,2026-01-15 10:00:00,2026-02-10 12:00:00
71,P00071,Nike Revolution 7 version estandar,Tenis deportivos para entrenamiento,1651.93,115,1,2026-01-15 10:00:00,2026-02-10 12:00:00
72,P00072,Tefal Plancha Ultragliss color blanco,Plancha de vapor para ropa,1192.79,118,1,2026-01-15 10:00:00,2026-02-10 12:00:00
73,P00073,Nike Revolution 7 paquete con 2 piezas,Tenis deportivos para entrenamiento,2097.9,78,1,2026-01-15 10:00:00,2026-02-10 12:00:00
74,P00074,Sterilite Caja organizadora 40L color negro,Caja plastica con tapa para almacenamiento,420.03,71,1,2026-01-15 10:00:00,2026-02-10 12:00:00
75,P00075,Gillette Mach3 edicion especial,Rastrillo para afeitar con tres hojas,257.67,145,1,2026-01-15 10:00:00,2026-02-10 12:00:00
76,P00076,Sterilite Caja organizadora 40L edicion especial,Caja plastica con tapa para almacenamiento,298.93,33,1,2026-01-15 10:00:00,2026-02-10 12:00:00
77,P00077,Sterilite Caja organizadora 40L color negro,Caja plastica con tapa para almacenamiento,235.46,75,1,2026-01-15 10:00:00,2026-02-10 12:00:00
78,P00078,Gillette Mach3 color blanco,Rastrillo para afeitar con tres hojas,161.88,144,1,2026-01-15 10:00:00,2026-02-10 12:00:00
79,P00079,SanDisk Ultra microSD 128GB modelo 2026,Tarjeta microSD de 128 GB,328.74,254,1,2026-01-15 10:00:00,2026-02-10 12:00:00
80,P00080,Sterilite Caja organizadora 40L modelo 2026,Caja plastica con tapa para almacenamiento,212.62,297,1,2026-01-15 10:00:00,2026-02-10 12:00:00
81,P00081,Sterilite Caja organizadora 40L presentacion familiar,Caja plastica con tapa para almacenamiento,418.07,134,1,2026-01-15 10:00:00,2026-02-10 12:00:00
82,P00082,JBL Go 4 edicion especial,Bocina portatil Bluetooth,1264.15,274,1,2026-01-15 10:00:00,2026-02-10 12:00:00
83,P00083,Nike Revolution 7 presentacion familiar,Tenis deportivos para entrenamiento,1795.85,216,1,2026-01-15 10:00:00,2026-02-10 12:00:00
84,P00084,Nike Revolution 7 presentacion familiar,Tenis deportivos para entrenamiento,2186.81,92,1,2026-01-15 10:00:00,2026-02-10 12:00:00
85,P00085,Logitech G502 Hero presentacion familiar,Mouse gamer de alto rendimiento,950.22,216,1,2026-01-15 10:00:00,2026-02-10 12:00:00
86,P00086,Nike Revolution 7 color negro,Tenis deportivos para entrenamiento,1748.36,259,1,2026-01-15 10:00:00,2026-02-10 12:00:00
87,P00087,Cinsa Olla de presion 6L version estandar,Olla de presion de aluminio de 6 litros,1156.84,40,1,2026-01-15 10:00:00,2026-02-10 12:00:00
88,P00088,Kingston NV2 1TB presentacion familiar,Unidad SSD NVMe M.2 de 1 TB,1239.71,123,1,2026-01-15 10:00:00,2026-02-10 12:00:00
89,P00089,SanDisk Ultra microSD 128GB color negro,Tarjeta microSD de 128 GB,361.46,205,1,2026-01-15 10:00:00,2026-02-10 12:00:00
90,P00090,Colgate Total 12 color blanco,Pasta dental de proteccion integral,85.29,94,1,2026-01-15 10:00:00,2026-02-10 12:00:00
91,P00091,Logitech G502 Hero paquete con 2 piezas,Mouse gamer de alto rendimiento,873.03,295,1,2026-01-15 10:00:00,2026-02-10 12:00:00
92,P00092,Tefal Plancha Ultragliss version estandar,Plancha de vapor para ropa,1036.95,85,1,2026-01-15 10:00:00,2026-02-10 12:00:00
93,P00093,Colgate Total 12 paquete con 2 piezas,Pasta dental de proteccion integral,94.7,196,1,2026-01-15 10:00:00,2026-02-10 12:00:00
94,P00094,Gillette Mach3 version estandar,Rastrillo para afeitar con tres hojas,177.75,3,1,2026-01-15 10:00:00,2026-02-10 12:00:00
95,P00095,Gillette Mach3 version estandar,Rastrillo para afeitar con tres hojas,154.88,165,1,2026-01-15 10:00:00,2026-02-10 12:00:00
96,P00096,Sterilite Caja organizadora 40L modelo 2026,Caja plastica con tapa para almacenamiento,395.78,173,1,2026-01-15 10:00:00,2026-02-10 12:00:00
97,P00097,Gillette Mach3 version estandar,Rastrillo para afeitar con tres hojas,174,103,1,2026-01-15 10:00:00,2026-02-10 12:00:00
98,P00098,Kingston NV2 1TB modelo 2026,Unidad SSD NVMe M.2 de 1 TB,1001.13,120,1,2026-01-15 10:00:00,2026-02-10 12:00:00
99,P00099,SanDisk Ultra microSD 128GB color negro,Tarjeta microSD de 128 GB,336.14,89,1,2026-01-15 10:00:00,2026-02-10 12:00:00
100,P00100,SanDisk Ultra microSD 128GB version estandar,Tarjeta microSD de 128 GB,367.21,235,1,2026-01-15 10:00:00,2026-02-10 12:00:00
101,P00101,Colgate Total 12 edicion especial,Pasta dental de proteccion integral,51.08,42,1,2026-01-15 10:00:00,2026-02-10 12:00:00
102,P00102,Nike Revolution 7 version estandar,Tenis deportivos para entrenamiento,1546.89,163,1,2026-01-15 10:00:00,2026-02-10 12:00:00
103,P00103,Sterilite Caja organizadora 40L color blanco,Caja plastica con tapa para almacenamiento,359.53,193,1,2026-01-15 10:00:00,2026-02-10 12:00:00
104,P00104,Colgate Total 12 color negro,Pasta dental de proteccion integral,57.55,167,1,2026-01-15 10:00:00,2026-02-10 12:00:00
105,P00105,Colgate Total 12 version estandar,Pasta dental de proteccion integral,77.04,12,1,2026-01-15 10:00:00,2026-02-10 12:00:00
106,P00106,JBL Go 4 color blanco,Bocina portatil Bluetooth,1045.76,167,1,2026-01-15 10:00:00,2026-02-10 12:00:00
107,P00107,Nike Revolution 7 paquete con 2 piezas,Tenis deportivos para entrenamiento,2013.51,162,1,2026-01-15 10:00:00,2026-02-10 12:00:00
108,P00108,Colgate Total 12 modelo 2026,Pasta dental de proteccion integral,66.73,210,1,2026-01-15 10:00:00,2026-02-10 12:00:00
109,P00109,Tefal Plancha Ultragliss paquete con 2 piezas,Plancha de vapor para ropa,1176.55,91,1,2026-01-15 10:00:00,2026-02-10 12:00:00
110,P00110,Colgate Total 12 modelo 2026,Pasta dental de proteccion integral,87.62,194,1,2026-01-15 10:00:00,2026-02-10 12:00:00
111,P00111,Kingston NV2 1TB modelo 2026,Unidad SSD NVMe M.2 de 1 TB,1306.13,98,1,2026-01-15 10:00:00,2026-02-10 12:00:00
112,P00112,Gillette Mach3 version estandar,Rastrillo para afeitar con tres hojas,258.88,164,1,2026-01-15 10:00:00,2026-02-10 12:00:00
113,P00113,Colgate Total 12 presentacion familiar,Pasta dental de proteccion integral,82.43,292,1,2026-01-15 10:00:00,2026-02-10 12:00:00
114,P00114,Sterilite Caja organizadora 40L color negro,Caja plastica con tapa para almacenamiento,287.19,202,1,2026-01-15 10:00:00,2026-02-10 12:00:00
115,P00115,Cinsa Olla de presion 6L edicion especial,Olla de presion de aluminio de 6 litros,900,171,1,2026-01-15 10:00:00,2026-02-10 12:00:00
116,P00116,Colgate Total 12 edicion especial,Pasta dental de proteccion integral,96.63,5,1,2026-01-15 10:00:00,2026-02-10 12:00:00
117,P00117,Logitech G502 Hero presentacion familiar,Mouse gamer de alto rendimiento,868.8,247,1,2026-01-15 10:00:00,2026-02-10 12:00:00
118,P00118,Nike Revolution 7 color blanco,Tenis deportivos para entrenamiento,1505.62,195,1,2026-01-15 10:00:00,2026-02-10 12:00:00
119,P00119,Nike Revolution 7 color negro,Tenis deportivos para entrenamiento,2071.01,98,1,2026-01-15 10:00:00,2026-02-10 12:00:00
120,P00120,Gillette Mach3 edicion especial,Rastrillo para afeitar con tres hojas,229.94,159,1,2026-01-15 10:00:00,2026-02-10 12:00:00
121,P00121,Cinsa Olla de presion 6L color blanco,Olla de presion de aluminio de 6 litros,1037.31,19,1,2026-01-15 10:00:00,2026-02-10 12:00:00
122,P00122,SanDisk Ultra microSD 128GB color blanco,Tarjeta microSD de 128 GB,367.75,271,1,2026-01-15 10:00:00,2026-02-10 12:00:00
123,P00123,Kingston NV2 1TB paquete con 2 piezas,Unidad SSD NVMe M.2 de 1 TB,1093.19,117,1,2026-01-15 10:00:00,2026-02-10 12:00:00
124,P00124,Cinsa Olla de presion 6L presentacion familiar,Olla de presion de aluminio de 6 litros,1089.99,205,1,2026-01-15 10:00:00,2026-02-10 12:00:00
125,P00125,Tefal Plancha Ultragliss modelo 2026,Plancha de vapor para ropa,833.87,71,1,2026-01-15 10:00:00,2026-02-10 12:00:00
126,P00126,SanDisk Ultra microSD 128GB color negro,Tarjeta microSD de 128 GB,369.04,33,1,2026-01-15 10:00:00,2026-02-10 12:00:00
127,P00127,Colgate Total 12 version estandar,Pasta dental de proteccion integral,93.71,284,1,2026-01-15 10:00:00,2026-02-10 12:00:00
128,P00128,Tefal Plancha Ultragliss version estandar,Plancha de vapor para ropa,827.67,280,1,2026-01-15 10:00:00,2026-02-10 12:00:00
129,P00129,Sterilite Caja organizadora 40L presentacion familiar,Caja plastica con tapa para almacenamiento,311.64,188,1,2026-01-15 10:00:00,2026-02-10 12:00:00
130,P00130,SanDisk Ultra microSD 128GB color blanco,Tarjeta microSD de 128 GB,291.16,1,0,2026-01-15 10:00:00,2026-02-10 12:00:00
131,P00131,Tefal Plancha Ultragliss edicion especial,Plancha de vapor para ropa,1060.32,216,1,2026-01-15 10:00:00,2026-02-10 12:00:00
132,P00132,Colgate Total 12 edicion especial,Pasta dental de proteccion integral,94.03,20,1,2026-01-15 10:00:00,2026-02-10 12:00:00
133,P00133,Cinsa Olla de presion 6L color negro,Olla de presion de aluminio de 6 litros,939.81,135,1,2026-01-15 10:00:00,2026-02-10 12:00:00
134,P00134,Kingston NV2 1TB paquete con 2 piezas,Unidad SSD NVMe M.2 de 1 TB,1229.8,31,1,2026-01-15 10:00:00,2026-02-10 12:00:00
135,P00135,JBL Go 4 version estandar,Bocina portatil Bluetooth,917.55,17,1,2026-01-15 10:00:00,2026-02-10 12:00:00
136,P00136,Nike Revolution 7 version estandar,Tenis deportivos para entrenamiento,2147.34,38,1,2026-01-15 10:00:00,2026-02-10 12:00:00
137,P00137,Kingston NV2 1TB modelo 2026,Unidad SSD NVMe M.2 de 1 TB,1070.15,170,1,2026-01-15 10:00:00,2026-02-10 12:00:00
138,P00138,Gillette Mach3 version estandar,Rastrillo para afeitar con tres hojas,245.69,124,1,2026-01-15 10:00:00,2026-02-10 12:00:00
139,P00139,Gillette Mach3 color blanco,Rastrillo para afeitar con tres hojas,267.67,52,1,2026-01-15 10:00:00,2026-02-10 12:00:00
140,P00140,Cinsa Olla de presion 6L version estandar,Olla de presion de aluminio de 6 litros,809.58,256,1,2026-01-15 10:00:00,2026-02-10 12:00:00
141,P00141,Logitech G502 Hero color blanco,Mouse gamer de alto rendimiento,860.53,184,1,2026-01-15 10:00:00,2026-02-10 12:00:00
142,P00142,Sterilite Caja organizadora 40L edicion especial,Caja plastica con tapa para almacenamiento,305.71,245,1,2026-01-15 10:00:00,2026-02-10 12:00:00
143,P00143,Logitech G502 Hero edicion especial,Mouse gamer de alto rendimiento,1043.37,159,1,2026-01-15 10:00:00,2026-02-10 12:00:00
144,P00144,Kingston NV2 1TB color blanco,Unidad SSD NVMe M.2 de 1 TB,1248.46,45,1,2026-01-15 10:00:00,2026-02-10 12:00:00
145,P00145,Colgate Total 12 edicion especial,Pasta dental de proteccion integral,73.17,283,1,2026-01-15 10:00:00,2026-02-10 12:00:00
146,P00146,SanDisk Ultra microSD 128GB version estandar,Tarjeta microSD de 128 GB,395.26,236,1,2026-01-15 10:00:00,2026-02-10 12:00:00
147,P00147,Gillette Mach3 color blanco,Rastrillo para afeitar con tres hojas,205.53,117,1,2026-01-15 10:00:00,2026-02-10 12:00:00
148,P00148,JBL Go 4 paquete con 2 piezas,Bocina portatil Bluetooth,1285.32,26,1,2026-01-15 10:00:00,2026-02-10 12:00:00
149,P00149,SanDisk Ultra microSD 128GB paquete con 2 piezas,Tarjeta microSD de 128 GB,259.66,288,1,2026-01-15 10:00:00,2026-02-10 12:00:00
150,P00150,Logitech G502 Hero version estandar,Mouse gamer de alto rendimiento,863.1,232,1,2026-01-15 10:00:00,2026-02-10 12:00:00
151,P00151,Kingston NV2 1TB version estandar,Unidad SSD NVMe M.2 de 1 TB,1290.24,173,1,2026-01-15 10:00:00,2026-02-10 12:00:00
152,P00152,JBL Go 4 presentacion familiar,Bocina portatil Bluetooth,973.36,39,1,2026-01-15 10:00:00,2026-02-10 12:00:00
153,P00153,JBL Go 4 modelo 2026,Bocina portatil Bluetooth,1118.79,186,1,2026-01-15 10:00:00,2026-02-10 12:00:00
154,P00154,Logitech G502 Hero presentacion familiar,Mouse gamer de alto rendimiento,908.96,204,1,2026-01-15 10:00:00,2026-02-10 12:00:00
155,P00155,Logitech G502 Hero modelo 2026,Mouse gamer de alto rendimiento,906.9,235,1,2026-01-15 10:00:00,2026-02-10 12:00:00
156,P00156,Cinsa Olla de presion 6L presentacion familiar,Olla de presion de aluminio de 6 litros,950.39,211,1,2026-01-15 10:00:00,2026-02-10 12:00:00
157,P00157,Tefal Plancha Ultragliss color negro,Plancha de vapor para ropa,852.63,11,1,2026-01-15 10:00:00,2026-02-10 12:00:00
158,P00158,Nike Revolution 7 edicion especial,Tenis deportivos para entrenamiento,1627.06,94,1,2026-01-15 10:00:00,2026-02-10 12:00:00
159,P00159,Cinsa Olla de presion 6L modelo 2026,Olla de presion de aluminio de 6 litros,1076.29,1,1,2026-01-15 10:00:00,2026-02-10 12:00:00
160,P00160,SanDisk Ultra microSD 128GB version estandar,Tarjeta microSD de 128 GB,398.27,226,1,2026-01-15 10:00:00,2026-02-10 12:00:00
161,P00161,Kingston NV2 1TB color blanco,Unidad SSD NVMe M.2 de 1 TB,1402.92,222,1,2026-01-15 10:00:00,2026-02-10 12:00:00
162,P00162,SanDisk Ultra microSD 128GB paquete con 2 piezas,Tarjeta microSD de 128 GB,297.71,201,1,2026-01-15 10:00:00,2026-02-10 12:00:00
163,P00163,SanDisk Ultra microSD 128GB presentacion familiar,Tarjeta microSD de 128 GB,303.09,239,1,2026-01-15 10:00:00,2026-02-10 12:00:00
164,P00164,Colgate Total 12 modelo 2026,Pasta dental de proteccion integral,60.96,285,1,2026-01-15 10:00:00,2026-02-10 12:00:00
165,P00165,Nike Revolution 7 presentacion familiar,Tenis deportivos para entrenamiento,2000.56,293,1,2026-01-15 10:00:00,2026-02-10 12:00:00
166,P00166,Cinsa Olla de presion 6L paquete con 2 piezas,Olla de presion de aluminio de 6 litros,1147.1,136,1,2026-01-15 10:00:00,2026-02-10 12:00:00
167,P00167,Kingston NV2 1TB edicion especial,Unidad SSD NVMe M.2 de 1 TB,1120.29,117,1,2026-01-15 10:00:00,2026-02-10 12:00:00
168,P00168,Tefal Plancha Ultragliss color blanco,Plancha de vapor para ropa,1008.37,94,1,2026-01-15 10:00:00,2026-02-10 12:00:00
169,P00169,Tefal Plancha Ultragliss presentacion familiar,Plancha de vapor para ropa,1149.29,14,1,2026-01-15 10:00:00,2026-02-10 12:00:00
170,P00170,Tefal Plancha Ultragliss color blanco,Plancha de vapor para ropa,885.39,184,1,2026-01-15 10:00:00,2026-02-10 12:00:00
171,P00171,Nike Revolution 7 version estandar,Tenis deportivos para entrenamiento,1849.38,148,1,2026-01-15 10:00:00,2026-02-10 12:00:00
172,P00172,Nike Revolution 7 edicion especial,Tenis deportivos para entrenamiento,1844.33,8,0,2026-01-15 10:00:00,2026-02-10 12:00:00
173,P00173,Gillette Mach3 color negro,Rastrillo para afeitar con tres hojas,205.61,176,1,2026-01-15 10:00:00,2026-02-10 12:00:00
174,P00174,Gillette Mach3 modelo 2026,Rastrillo para afeitar con tres hojas,298.35,34,1,2026-01-15 10:00:00,2026-02-10 12:00:00
175,P00175,SanDisk Ultra microSD 128GB edicion especial,Tarjeta microSD de 128 GB,376.02,275,1,2026-01-15 10:00:00,2026-02-10 12:00:00
176,P00176,Logitech G502 Hero paquete con 2 piezas,Mouse gamer de alto rendimiento,874.35,158,1,2026-01-15 10:00:00,2026-02-10 12:00:00
177,P00177,Gillette Mach3 paquete con 2 piezas,Rastrillo para afeitar con tres hojas,238.78,237,1,2026-01-15 10:00:00,2026-02-10 12:00:00
178,P00178,Cinsa Olla de presion 6L version estandar,Olla de presion de aluminio de 6 litros,1166.43,242,1,2026-01-15 10:00:00,2026-02-10 12:00:00
179,P00179,Cinsa Olla de presion 6L paquete con 2 piezas,Olla de presion de aluminio de 6 litros,1111.4,225,1,2026-01-15 10:00:00,2026-02-10 12:00:00
180,P00180,SanDisk Ultra microSD 128GB modelo 2026,Tarjeta microSD de 128 GB,356.93,3,0,2026-01-15 10:00:00,2026-02-10 12:00:00
181,P00181,Logitech G502 Hero edicion especial,Mouse gamer de alto rendimiento,737.76,45,1,2026-01-15 10:00:00,2026-02-10 12:00:00
182,P00182,Sterilite Caja organizadora 40L edicion especial,Caja plastica con tapa para almacenamiento,306.35,266,1,2026-01-15 10:00:00,2026-02-10 12:00:00
183,P00183,Logitech G502 Hero paquete con 2 piezas,Mouse gamer de alto rendimiento,882.69,112,1,2026-01-15 10:00:00,2026-02-10 12:00:00
184,P00184,Colgate Total 12 color blanco,Pasta dental de proteccion integral,60.72,19,1,2026-01-15 10:00:00,2026-02-10 12:00:00
185,P00185,Logitech G502 Hero color negro,Mouse gamer de alto rendimiento,801.21,270,1,2026-01-15 10:00:00,2026-02-10 12:00:00
186,P00186,Kingston NV2 1TB version estandar,Unidad SSD NVMe M.2 de 1 TB,1339.72,282,1,2026-01-15 10:00:00,2026-02-10 12:00:00
187,P00187,Tefal Plancha Ultragliss edicion especial,Plancha de vapor para ropa,1140.77,249,1,2026-01-15 10:00:00,2026-02-10 12:00:00
188,P00188,Kingston NV2 1TB color negro,Unidad SSD NVMe M.2 de 1 TB,1363.52,238,1,2026-01-15 10:00:00,2026-02-10 12:00:00
189,P00189,Nike Revolution 7 modelo 2026,Tenis deportivos para entrenamiento,1505.3,208,1,2026-01-15 10:00:00,2026-02-10 12:00:00
190,P00190,SanDisk Ultra microSD 128GB version estandar,Tarjeta microSD de 128 GB,296.83,226,1,2026-01-15 10:00:00,2026-02-10 12:00:00
191,P00191,Cinsa Olla de presion 6L color blanco,Olla de presion de aluminio de 6 litros,895.44,48,1,2026-01-15 10:00:00,2026-02-10 12:00:00
192,P00192,JBL Go 4 edicion especial,Bocina portatil Bluetooth,1061.27,82,1,2026-01-15 10:00:00,2026-02-10 12:00:00
193,P00193,Tefal Plancha Ultragliss modelo 2026,Plancha de vapor para ropa,962.94,252,1,2026-01-15 10:00:00,2026-02-10 12:00:00
194,P00194,JBL Go 4 presentacion familiar,Bocina portatil Bluetooth,1290.14,186,1,2026-01-15 10:00:00,2026-02-10 12:00:00
195,P00195,Sterilite Caja organizadora 40L paquete con 2 piezas,Caja plastica con tapa para almacenamiento,346.54,73,1,2026-01-15 10:00:00,2026-02-10 12:00:00
196,P00196,Colgate Total 12 modelo 2026,Pasta dental de proteccion integral,82.27,57,1,2026-01-15 10:00:00,2026-02-10 12:00:00
197,P00197,JBL Go 4 modelo 2026,Bocina portatil Bluetooth,1118.04,299,1,2026-01-15 10:00:00,2026-02-10 12:00:00
198,P00198,Nike Revolution 7 edicion especial,Tenis deportivos para entrenamiento,2005.23,178,1,2026-01-15 10:00:00,2026-02-10 12:00:00
199,P00199,JBL Go 4 edicion especial,Bocina portatil Bluetooth,1193.42,100,1,2026-01-15 10:00:00,2026-02-10 12:00:00
200,P00200,Gillette Mach3 edicion especial,Rastrillo para afeitar con tres hojas,221.72,39,1,2026-01-15 10:00:00,2026-02-10 12:00:00
201,P00201,Gillette Mach3 modelo 2026,Rastrillo para afeitar con tres hojas,189.56,166,1,2026-01-15 10:00:00,2026-02-10 12:00:00
202,P00202,SanDisk Ultra microSD 128GB color blanco,Tarjeta microSD de 128 GB,300.03,215,1,2026-01-15 10:00:00,2026-02-10 12:00:00
203,P00203,Sterilite Caja organizadora 40L version estandar,Caja plastica con tapa para almacenamiento,427.87,55,1,2026-01-15 10:00:00,2026-02-10 12:00:00
204,P00204,Sterilite Caja organizadora 40L presentacion familiar,Caja plastica con tapa para almacenamiento,221.92,171,1,2026-01-15 10:00:00,2026-02-10 12:00:00
205,P00205,Kingston NV2 1TB presentacion familiar,Unidad SSD NVMe M.2 de 1 TB,1334.83,239,1,2026-01-15 10:00:00,2026-02-10 12:00:00
206,P00206,Nike Revolution 7 version estandar,Tenis deportivos para entrenamiento,1777.32,12,1,2026-01-15 10:00:00,2026-02-10 12:00:00
207,P00207,Logitech G502 Hero color negro,Mouse gamer de alto rendimiento,845.25,288,1,2026-01-15 10:00:00,2026-02-10 12:00:00
208,P00208,SanDisk Ultra microSD 128GB modelo 2026,Tarjeta microSD de 128 GB,333.53,78,1,2026-01-15 10:00:00,2026-02-10 12:00:00
209,P00209,Colgate Total 12 edicion especial,Pasta dental de proteccion integral,58.09,26,1,2026-01-15 10:00:00,2026-02-10 12:00:00
210,P00210,SanDisk Ultra microSD 128GB presentacion familiar,Tarjeta microSD de 128 GB,378.59,181,1,2026-01-15 10:00:00,2026-02-10 12:00:00
211,P00211,SanDisk Ultra microSD 128GB color negro,Tarjeta microSD de 128 GB,290.04,147,1,2026-01-15 10:00:00,2026-02-10 12:00:00
212,P00212,Colgate Total 12 edicion especial,Pasta dental de proteccion integral,90.19,122,1,2026-01-15 10:00:00,2026-02-10 12:00:00
213,P00213,JBL Go 4 paquete con 2 piezas,Bocina portatil Bluetooth,929.37,4,1,2026-01-15 10:00:00,2026-02-10 12:00:00
214,P00214,Colgate Total 12 paquete con 2 piezas,Pasta dental de proteccion integral,83.65,54,1,2026-01-15 10:00:00,2026-02-10 12:00:00
215,P00215,Kingston NV2 1TB modelo 2026,Unidad SSD NVMe M.2 de 1 TB,1259.52,158,1,2026-01-15 10:00:00,2026-02-10 12:00:00
216,P00216,SanDisk Ultra microSD 128GB version estandar,Tarjeta microSD de 128 GB,262.82,250,1,2026-01-15 10:00:00,2026-02-10 12:00:00
217,P00217,Colgate Total 12 edicion especial,Pasta dental de proteccion integral,66.67,273,1,2026-01-15 10:00:00,2026-02-10 12:00:00
218,P00218,Gillette Mach3 paquete con 2 piezas,Rastrillo para afeitar con tres hojas,174.97,57,1,2026-01-15 10:00:00,2026-02-10 12:00:00
219,P00219,Gillette Mach3 edicion especial,Rastrillo para afeitar con tres hojas,158.93,42,1,2026-01-15 10:00:00,2026-02-10 12:00:00
220,P00220,Logitech G502 Hero edicion especial,Mouse gamer de alto rendimiento,871.13,3,1,2026-01-15 10:00:00,2026-02-10 12:00:00
221,P00221,Tefal Plancha Ultragliss paquete con 2 piezas,Plancha de vapor para ropa,1027.53,163,1,2026-01-15 10:00:00,2026-02-10 12:00:00
222,P00222,JBL Go 4 color blanco,Bocina portatil Bluetooth,985.19,147,1,2026-01-15 10:00:00,2026-02-10 12:00:00
223,P00223,Logitech G502 Hero presentacion familiar,Mouse gamer de alto rendimiento,902.41,101,1,2026-01-15 10:00:00,2026-02-10 12:00:00
224,P00224,Gillette Mach3 color blanco,Rastrillo para afeitar con tres hojas,223.58,54,1,2026-01-15 10:00:00,2026-02-10 12:00:00
225,P00225,Colgate Total 12 color blanco,Pasta dental de proteccion integral,51.57,141,1,2026-01-15 10:00:00,2026-02-10 12:00:00
226,P00226,JBL Go 4 version estandar,Bocina portatil Bluetooth,1271.64,272,1,2026-01-15 10:00:00,2026-02-10 12:00:00
227,P00227,Nike Revolution 7 color negro,Tenis deportivos para entrenamiento,1651.2,55,1,2026-01-15 10:00:00,2026-02-10 12:00:00
228,P00228,Tefal Plancha Ultragliss paquete con 2 piezas,Plancha de vapor para ropa,1115.78,47,1,2026-01-15 10:00:00,2026-02-10 12:00:00
229,P00229,Tefal Plancha Ultragliss edicion especial,Plancha de vapor para ropa,1132.8,37,1,2026-01-15 10:00:00,2026-02-10 12:00:00
230,P00230,Tefal Plancha Ultragliss version estandar,Plancha de vapor para ropa,895.08,153,1,2026-01-15 10:00:00,2026-02-10 12:00:00
231,P00231,Cinsa Olla de presion 6L version estandar,Olla de presion de aluminio de 6 litros,838.13,37,1,2026-01-15 10:00:00,2026-02-10 12:00:00
232,P00232,Colgate Total 12 color negro,Pasta dental de proteccion integral,99.6,154,1,2026-01-15 10:00:00,2026-02-10 12:00:00
233,P00233,Tefal Plancha Ultragliss color blanco,Plancha de vapor para ropa,899.02,141,1,2026-01-15 10:00:00,2026-02-10 12:00:00
234,P00234,SanDisk Ultra microSD 128GB edicion especial,Tarjeta microSD de 128 GB,318.67,39,1,2026-01-15 10:00:00,2026-02-10 12:00:00
235,P00235,Kingston NV2 1TB modelo 2026,Unidad SSD NVMe M.2 de 1 TB,1359.11,189,1,2026-01-15 10:00:00,2026-02-10 12:00:00
236,P00236,Sterilite Caja organizadora 40L presentacion familiar,Caja plastica con tapa para almacenamiento,439.32,189,1,2026-01-15 10:00:00,2026-02-10 12:00:00
237,P00237,SanDisk Ultra microSD 128GB version estandar,Tarjeta microSD de 128 GB,374.54,152,1,2026-01-15 10:00:00,2026-02-10 12:00:00
238,P00238,Cinsa Olla de presion 6L version estandar,Olla de presion de aluminio de 6 litros,1065.95,111,1,2026-01-15 10:00:00,2026-02-10 12:00:00
239,P00239,Sterilite Caja organizadora 40L edicion especial,Caja plastica con tapa para almacenamiento,287.49,24,1,2026-01-15 10:00:00,2026-02-10 12:00:00
240,P00240,SanDisk Ultra microSD 128GB color negro,Tarjeta microSD de 128 GB,286.97,292,1,2026-01-15 10:00:00,2026-02-10 12:00:00
241,P00241,Sterilite Caja organizadora 40L modelo 2026,Caja plastica con tapa para almacenamiento,353.47,172,1,2026-01-15 10:00:00,2026-02-10 12:00:00
242,P00242,Gillette Mach3 version estandar,Rastrillo para afeitar con tres hojas,264.43,291,1,2026-01-15 10:00:00,2026-02-10 12:00:00
243,P00243,Cinsa Olla de presion 6L modelo 2026,Olla de presion de aluminio de 6 litros,1135.86,257,1,2026-01-15 10:00:00,2026-02-10 12:00:00
244,P00244,Tefal Plancha Ultragliss modelo 2026,Plancha de vapor para ropa,1091.43,27,1,2026-01-15 10:00:00,2026-02-10 12:00:00
245,P00245,JBL Go 4 edicion especial,Bocina portatil Bluetooth,1220.14,94,1,2026-01-15 10:00:00,2026-02-10 12:00:00
246,P00246,Gillette Mach3 edicion especial,Rastrillo para afeitar con tres hojas,208.48,61,1,2026-01-15 10:00:00,2026-02-10 12:00:00
247,P00247,Kingston NV2 1TB color blanco,Unidad SSD NVMe M.2 de 1 TB,1374.22,263,1,2026-01-15 10:00:00,2026-02-10 12:00:00
248,P00248,Cinsa Olla de presion 6L version estandar,Olla de presion de aluminio de 6 litros,1125.1,144,1,2026-01-15 10:00:00,2026-02-10 12:00:00
249,P00249,JBL Go 4 color negro,Bocina portatil Bluetooth,1236.33,23,1,2026-01-15 10:00:00,2026-02-10 12:00:00
250,P00250,JBL Go 4 version estandar,Bocina portatil Bluetooth,1141.56,1,1,2026-01-15 10:00:00,2026-02-10 12:00:00
251,P00251,Nike Revolution 7 version estandar,Tenis deportivos para entrenamiento,1794.48,158,1,2026-01-15 10:00:00,2026-02-10 12:00:00
252,P00252,Nike Revolution 7 color negro,Tenis deportivos para entrenamiento,1580.94,238,1,2026-01-15 10:00:00,2026-02-10 12:00:00
253,P00253,Kingston NV2 1TB modelo 2026,Unidad SSD NVMe M.2 de 1 TB,1426.77,1,1,2026-01-15 10:00:00,2026-02-10 12:00:00
254,P00254,Logitech G502 Hero version estandar,Mouse gamer de alto rendimiento,825.66,123,1,2026-01-15 10:00:00,2026-02-10 12:00:00
255,P00255,Kingston NV2 1TB paquete con 2 piezas,Unidad SSD NVMe M.2 de 1 TB,1284.84,267,1,2026-01-15 10:00:00,2026-02-10 12:00:00
256,P00256,Sterilite Caja organizadora 40L color negro,Caja plastica con tapa para almacenamiento,422.18,108,1,2026-01-15 10:00:00,2026-02-10 12:00:00
257,P00257,JBL Go 4 color negro,Bocina portatil Bluetooth,1206.59,196,1,2026-01-15 10:00:00,2026-02-10 12:00:00
258,P00258,Colgate Total 12 presentacion familiar,Pasta dental de proteccion integral,93.02,239,1,2026-01-15 10:00:00,2026-02-10 12:00:00
259,P00259,Sterilite Caja organizadora 40L paquete con 2 piezas,Caja plastica con tapa para almacenamiento,222.12,291,1,2026-01-15 10:00:00,2026-02-10 12:00:00
260,P00260,Colgate Total 12 edicion especial,Pasta dental de proteccion integral,54.03,190,1,2026-01-15 10:00:00,2026-02-10 12:00:00
261,P00261,Gillette Mach3 color blanco,Rastrillo para afeitar con tres hojas,263.6,288,1,2026-01-15 10:00:00,2026-02-10 12:00:00
262,P00262,JBL Go 4 edicion especial,Bocina portatil Bluetooth,1218.3,161,1,2026-01-15 10:00:00,2026-02-10 12:00:00
263,P00263,Sterilite Caja organizadora 40L presentacion familiar,Caja plastica con tapa para almacenamiento,227.4,137,1,2026-01-15 10:00:00,2026-02-10 12:00:00
264,P00264,JBL Go 4 modelo 2026,Bocina portatil Bluetooth,934.6,199,1,2026-01-15 10:00:00,2026-02-10 12:00:00
265,P00265,Tefal Plancha Ultragliss paquete con 2 piezas,Plancha de vapor para ropa,948.33,292,1,2026-01-15 10:00:00,2026-02-10 12:00:00
266,P00266,SanDisk Ultra microSD 128GB presentacion familiar,Tarjeta microSD de 128 GB,337.8,163,1,2026-01-15 10:00:00,2026-02-10 12:00:00
267,P00267,Logitech G502 Hero paquete con 2 piezas,Mouse gamer de alto rendimiento,781.17,238,1,2026-01-15 10:00:00,2026-02-10 12:00:00
268,P00268,Kingston NV2 1TB version estandar,Unidad SSD NVMe M.2 de 1 TB,1367.32,238,1,2026-01-15 10:00:00,2026-02-10 12:00:00
269,P00269,Gillette Mach3 color blanco,Rastrillo para afeitar con tres hojas,271.22,254,1,2026-01-15 10:00:00,2026-02-10 12:00:00
270,P00270,Logitech G502 Hero color blanco,Mouse gamer de alto rendimiento,1055.11,287,1,2026-01-15 10:00:00,2026-02-10 12:00:00
271,P00271,Gillette Mach3 paquete con 2 piezas,Rastrillo para afeitar con tres hojas,283.43,201,1,2026-01-15 10:00:00,2026-02-10 12:00:00
272,P00272,Logitech G502 Hero version estandar,Mouse gamer de alto rendimiento,844.25,10,0,2026-01-15 10:00:00,2026-02-10 12:00:00
273,P00273,JBL Go 4 edicion especial,Bocina portatil Bluetooth,1104.3,34,1,2026-01-15 10:00:00,2026-02-10 12:00:00
274,P00274,Cinsa Olla de presion 6L paquete con 2 piezas,Olla de presion de aluminio de 6 litros,1175.56,104,1,2026-01-15 10:00:00,2026-02-10 12:00:00
275,P00275,Kingston NV2 1TB color blanco,Unidad SSD NVMe M.2 de 1 TB,1131.58,84,1,2026-01-15 10:00:00,2026-02-10 12:00:00
276,P00276,Gillette Mach3 version estandar,Rastrillo para afeitar con tres hojas,212.62,81,1,2026-01-15 10:00:00,2026-02-10 12:00:00
277,P00277,SanDisk Ultra microSD 128GB version estandar,Tarjeta microSD de 128 GB,324.72,267,1,2026-01-15 10:00:00,2026-02-10 12:00:00
278,P00278,Kingston NV2 1TB modelo 2026,Unidad SSD NVMe M.2 de 1 TB,1301.23,83,1,2026-01-15 10:00:00,2026-02-10 12:00:00
279,P00279,JBL Go 4 color blanco,Bocina portatil Bluetooth,947.48,75,1,2026-01-15 10:00:00,2026-02-10 12:00:00
280,P00280,Logitech G502 Hero modelo 2026,Mouse gamer de alto rendimiento,935.21,255,1,2026-01-15 10:00:00,2026-02-10 12:00:00
281,P00281,Cinsa Olla de presion 6L color negro,Olla de presion de aluminio de 6 litros,1116.09,273,1,2026-01-15 10:00:00,2026-02-10 12:00:00
282,P00282,Kingston NV2 1TB modelo 2026,Unidad SSD NVMe M.2 de 1 TB,1480.27,196,1,2026-01-15 10:00:00,2026-02-10 12:00:00
283,P00283,Nike Revolution 7 edicion especial,Tenis deportivos para entrenamiento,2034.62,290,1,2026-01-15 10:00:00,2026-02-10 12:00:00
284,P00284,Colgate Total 12 modelo 2026,Pasta dental de proteccion integral,51.25,274,1,2026-01-15 10:00:00,2026-02-10 12:00:00
285,P00285,JBL Go 4 version estandar,Bocina portatil Bluetooth,1158.9,5,1,2026-01-15 10:00:00,2026-02-10 12:00:00
286,P00286,Cinsa Olla de presion 6L color negro,Olla de presion de aluminio de 6 litros,1096.1,251,1,2026-01-15 10:00:00,2026-02-10 12:00:00
287,P00287,Kingston NV2 1TB modelo 2026,Unidad SSD NVMe M.2 de 1 TB,1082.04,49,1,2026-01-15 10:00:00,2026-02-10 12:00:00
288,P00288,Colgate Total 12 edicion especial,Pasta dental de proteccion integral,81.7,113,1,2026-01-15 10:00:00,2026-02-10 12:00:00
289,P00289,JBL Go 4 presentacion familiar,Bocina portatil Bluetooth,1014.05,159,1,2026-01-15 10:00:00,2026-02-10 12:00:00
290,P00290,Tefal Plancha Ultragliss presentacion familiar,Plancha de vapor para ropa,1056.57,128,1,2026-01-15 10:00:00,2026-02-10 12:00:00
291,P00291,Nike Revolution 7 presentacion familiar,Tenis deportivos para entrenamiento,2019.23,277,1,2026-01-15 10:00:00,2026-02-10 12:00:00
292,P00292,Colgate Total 12 modelo 2026,Pasta dental de proteccion integral,86.86,276,1,2026-01-15 10:00:00,2026-02-10 12:00:00
293,P00293,Kingston NV2 1TB color negro,Unidad SSD NVMe M.2 de 1 TB,1258.89,280,1,2026-01-15 10:00:00,2026-02-10 12:00:00
294,P00294,Tefal Plancha Ultragliss color blanco,Plancha de vapor para ropa,808.27,267,1,2026-01-15 10:00:00,2026-02-10 12:00:00
295,P00295,Gillette Mach3 presentacion familiar,Rastrillo para afeitar con tres hojas,298.65,294,1,2026-01-15 10:00:00,2026-02-10 12:00:00
296,P00296,Sterilite Caja organizadora 40L edicion especial,Caja plastica con tapa para almacenamiento,245.61,21,1,2026-01-15 10:00:00,2026-02-10 12:00:00
297,P00297,Cinsa Olla de presion 6L modelo 2026,Olla de presion de aluminio de 6 litros,884.31,170,1,2026-01-15 10:00:00,2026-02-10 12:00:00
298,P00298,Sterilite Caja organizadora 40L version estandar,Caja plastica con tapa para almacenamiento,440.62,105,1,2026-01-15 10:00:00,2026-02-10 12:00:00
299,P00299,Gillette Mach3 modelo 2026,Rastrillo para afeitar con tres hojas,152.63,39,1,2026-01-15 10:00:00,2026-02-10 12:00:00
300,P00300,Gillette Mach3 color negro,Rastrillo para afeitar con tres hojas,179.37,174,1,2026-01-15 10:00:00,2026-02-10 12:00:00
301,P00301,Logitech G502 Hero paquete con 2 piezas,Mouse gamer de alto rendimiento,1082.81,272,1,2026-01-15 10:00:00,2026-02-10 12:00:00
302,P00302,Logitech G502 Hero modelo 2026,Mouse gamer de alto rendimiento,1023.26,128,1,2026-01-15 10:00:00,2026-02-10 12:00:00
303,P00303,Gillette Mach3 version estandar,Rastrillo para afeitar con tres hojas,221.92,131,1,2026-01-15 10:00:00,2026-02-10 12:00:00
304,P00304,Gillette Mach3 modelo 2026,Rastrillo para afeitar con tres hojas,244.49,107,1,2026-01-15 10:00:00,2026-02-10 12:00:00
305,P00305,Nike Revolution 7 modelo 2026,Tenis deportivos para entrenamiento,2054.6,16,1,2026-01-15 10:00:00,2026-02-10 12:00:00
306,P00306,JBL Go 4 paquete con 2 piezas,Bocina portatil Bluetooth,971.45,248,1,2026-01-15 10:00:00,2026-02-10 12:00:00
307,P00307,Nike Revolution 7 paquete con 2 piezas,Tenis deportivos para entrenamiento,2148.08,294,1,2026-01-15 10:00:00,2026-02-10 12:00:00
308,P00308,Logitech G502 Hero color blanco,Mouse gamer de alto rendimiento,1019.46,69,1,2026-01-15 10:00:00,2026-02-10 12:00:00
309,P00309,Nike Revolution 7 version estandar,Tenis deportivos para entrenamiento,1509.8,165,1,2026-01-15 10:00:00,2026-02-10 12:00:00
310,P00310,Tefal Plancha Ultragliss paquete con 2 piezas,Plancha de vapor para ropa,863.25,128,1,2026-01-15 10:00:00,2026-02-10 12:00:00
311,P00311,Sterilite Caja organizadora 40L color negro,Caja plastica con tapa para almacenamiento,318.67,103,1,2026-01-15 10:00:00,2026-02-10 12:00:00
312,P00312,Logitech G502 Hero edicion especial,Mouse gamer de alto rendimiento,818.51,102,1,2026-01-15 10:00:00,2026-02-10 12:00:00
313,P00313,Logitech G502 Hero modelo 2026,Mouse gamer de alto rendimiento,817.72,125,1,2026-01-15 10:00:00,2026-02-10 12:00:00
314,P00314,Gillette Mach3 presentacion familiar,Rastrillo para afeitar con tres hojas,170.59,238,1,2026-01-15 10:00:00,2026-02-10 12:00:00
315,P00315,Gillette Mach3 presentacion familiar,Rastrillo para afeitar con tres hojas,163.38,224,1,2026-01-15 10:00:00,2026-02-10 12:00:00
316,P00316,Sterilite Caja organizadora 40L color negro,Caja plastica con tapa para almacenamiento,314.42,60,1,2026-01-15 10:00:00,2026-02-10 12:00:00
317,P00317,Tefal Plancha Ultragliss paquete con 2 piezas,Plancha de vapor para ropa,1023.71,193,1,2026-01-15 10:00:00,2026-02-10 12:00:00
318,P00318,Colgate Total 12 presentacion familiar,Pasta dental de proteccion integral,91.27,168,1,2026-01-15 10:00:00,2026-02-10 12:00:00
319,P00319,Tefal Plancha Ultragliss version estandar,Plancha de vapor para ropa,910.42,198,1,2026-01-15 10:00:00,2026-02-10 12:00:00
320,P00320,Colgate Total 12 color negro,Pasta dental de proteccion integral,96.24,87,1,2026-01-15 10:00:00,2026-02-10 12:00:00
321,P00321,Nike Revolution 7 modelo 2026,Tenis deportivos para entrenamiento,1511.37,92,1,2026-01-15 10:00:00,2026-02-10 12:00:00
322,P00322,Tefal Plancha Ultragliss version estandar,Plancha de vapor para ropa,882.37,221,1,2026-01-15 10:00:00,2026-02-10 12:00:00
323,P00323,Kingston NV2 1TB paquete con 2 piezas,Unidad SSD NVMe M.2 de 1 TB,1242.02,120,1,2026-01-15 10:00:00,2026-02-10 12:00:00
324,P00324,Cinsa Olla de presion 6L version estandar,Olla de presion de aluminio de 6 litros,1060.41,285,1,2026-01-15 10:00:00,2026-02-10 12:00:00
325,P00325,SanDisk Ultra microSD 128GB paquete con 2 piezas,Tarjeta microSD de 128 GB,361.66,196,1,2026-01-15 10:00:00,2026-02-10 12:00:00
326,P00326,Logitech G502 Hero modelo 2026,Mouse gamer de alto rendimiento,976.29,265,1,2026-01-15 10:00:00,2026-02-10 12:00:00
327,P00327,Nike Revolution 7 color negro,Tenis deportivos para entrenamiento,2132.63,198,1,2026-01-15 10:00:00,2026-02-10 12:00:00
328,P00328,Nike Revolution 7 edicion especial,Tenis deportivos para entrenamiento,1565.82,69,1,2026-01-15 10:00:00,2026-02-10 12:00:00
329,P00329,Kingston NV2 1TB color negro,Unidad SSD NVMe M.2 de 1 TB,1438.15,57,1,2026-01-15 10:00:00,2026-02-10 12:00:00
330,P00330,Nike Revolution 7 paquete con 2 piezas,Tenis deportivos para entrenamiento,1922.19,65,1,2026-01-15 10:00:00,2026-02-10 12:00:00
331,P00331,Gillette Mach3 color negro,Rastrillo para afeitar con tres hojas,205.56,128,1,2026-01-15 10:00:00,2026-02-10 12:00:00
332,P00332,Tefal Plancha Ultragliss version estandar,Plancha de vapor para ropa,949.3,30,1,2026-01-15 10:00:00,2026-02-10 12:00:00
333,P00333,Sterilite Caja organizadora 40L version estandar,Caja plastica con tapa para almacenamiento,283.13,127,1,2026-01-15 10:00:00,2026-02-10 12:00:00
334,P00334,Gillette Mach3 paquete con 2 piezas,Rastrillo para afeitar con tres hojas,198.75,65,1,2026-01-15 10:00:00,2026-02-10 12:00:00
335,P00335,Nike Revolution 7 presentacion familiar,Tenis deportivos para entrenamiento,1831.06,259,1,2026-01-15 10:00:00,2026-02-10 12:00:00
336,P00336,JBL Go 4 edicion especial,Bocina portatil Bluetooth,1247.44,239,1,2026-01-15 10:00:00,2026-02-10 12:00:00
337,P00337,Cinsa Olla de presion 6L paquete con 2 piezas,Olla de presion de aluminio de 6 litros,878.07,117,1,2026-01-15 10:00:00,2026-02-10 12:00:00
338,P00338,Tefal Plancha Ultragliss edicion especial,Plancha de vapor para ropa,853.38,53,1,2026-01-15 10:00:00,2026-02-10 12:00:00
339,P00339,Colgate Total 12 edicion especial,Pasta dental de proteccion integral,80.62,42,1,2026-01-15 10:00:00,2026-02-10 12:00:00
340,P00340,Kingston NV2 1TB paquete con 2 piezas,Unidad SSD NVMe M.2 de 1 TB,1143.89,123,1,2026-01-15 10:00:00,2026-02-10 12:00:00
341,P00341,SanDisk Ultra microSD 128GB color negro,Tarjeta microSD de 128 GB,392.1,161,1,2026-01-15 10:00:00,2026-02-10 12:00:00
342,P00342,Cinsa Olla de presion 6L modelo 2026,Olla de presion de aluminio de 6 litros,855.86,281,1,2026-01-15 10:00:00,2026-02-10 12:00:00
343,P00343,JBL Go 4 modelo 2026,Bocina portatil Bluetooth,1019.24,204,1,2026-01-15 10:00:00,2026-02-10 12:00:00
344,P00344,Colgate Total 12 color negro,Pasta dental de proteccion integral,86.99,149,1,2026-01-15 10:00:00,2026-02-10 12:00:00
345,P00345,Logitech G502 Hero modelo 2026,Mouse gamer de alto rendimiento,819.53,102,1,2026-01-15 10:00:00,2026-02-10 12:00:00
346,P00346,Kingston NV2 1TB color blanco,Unidad SSD NVMe M.2 de 1 TB,1282.8,76,1,2026-01-15 10:00:00,2026-02-10 12:00:00
347,P00347,Cinsa Olla de presion 6L paquete con 2 piezas,Olla de presion de aluminio de 6 litros,1100.21,169,1,2026-01-15 10:00:00,2026-02-10 12:00:00
348,P00348,Colgate Total 12 paquete con 2 piezas,Pasta dental de proteccion integral,96.81,189,1,2026-01-15 10:00:00,2026-02-10 12:00:00
349,P00349,Nike Revolution 7 presentacion familiar,Tenis deportivos para entrenamiento,1850.57,203,1,2026-01-15 10:00:00,2026-02-10 12:00:00
350,P00350,Tefal Plancha Ultragliss version estandar,Plancha de vapor para ropa,1059.65,137,1,2026-01-15 10:00:00,2026-02-10 12:00:00
351,P00351,Cinsa Olla de presion 6L paquete con 2 piezas,Olla de presion de aluminio de 6 litros,1166.56,264,1,2026-01-15 10:00:00,2026-02-10 12:00:00
352,P00352,Cinsa Olla de presion 6L edicion especial,Olla de presion de aluminio de 6 litros,1000.21,280,1,2026-01-15 10:00:00,2026-02-10 12:00:00
353,P00353,Sterilite Caja organizadora 40L presentacion familiar,Caja plastica con tapa para almacenamiento,246.62,212,1,2026-01-15 10:00:00,2026-02-10 12:00:00
354,P00354,Logitech G502 Hero color blanco,Mouse gamer de alto rendimiento,772.61,113,1,2026-01-15 10:00:00,2026-02-10 12:00:00
355,P00355,Kingston NV2 1TB modelo 2026,Unidad SSD NVMe M.2 de 1 TB,1171.12,298,1,2026-01-15 10:00:00,2026-02-10 12:00:00
356,P00356,Logitech G502 Hero modelo 2026,Mouse gamer de alto rendimiento,810.72,87,1,2026-01-15 10:00:00,2026-02-10 12:00:00
357,P00357,Sterilite Caja organizadora 40L modelo 2026,Caja plastica con tapa para almacenamiento,408.67,184,1,2026-01-15 10:00:00,2026-02-10 12:00:00
358,P00358,Kingston NV2 1TB presentacion familiar,Unidad SSD NVMe M.2 de 1 TB,1449.69,188,1,2026-01-15 10:00:00,2026-02-10 12:00:00
359,P00359,Logitech G502 Hero color negro,Mouse gamer de alto rendimiento,791.49,291,1,2026-01-15 10:00:00,2026-02-10 12:00:00
360,P00360,Gillette Mach3 modelo 2026,Rastrillo para afeitar con tres hojas,164.05,223,1,2026-01-15 10:00:00,2026-02-10 12:00:00
361,P00361,Colgate Total 12 color negro,Pasta dental de proteccion integral,88.86,163,1,2026-01-15 10:00:00,2026-02-10 12:00:00
362,P00362,Logitech G502 Hero paquete con 2 piezas,Mouse gamer de alto rendimiento,966.62,270,1,2026-01-15 10:00:00,2026-02-10 12:00:00
363,P00363,Nike Revolution 7 presentacion familiar,Tenis deportivos para entrenamiento,1806.94,272,1,2026-01-15 10:00:00,2026-02-10 12:00:00
364,P00364,Logitech G502 Hero modelo 2026,Mouse gamer de alto rendimiento,914.31,161,1,2026-01-15 10:00:00,2026-02-10 12:00:00
365,P00365,Logitech G502 Hero modelo 2026,Mouse gamer de alto rendimiento,761.98,148,1,2026-01-15 10:00:00,2026-02-10 12:00:00
366,P00366,Colgate Total 12 color blanco,Pasta dental de proteccion integral,84.53,217,1,2026-01-15 10:00:00,2026-02-10 12:00:00
367,P00367,Kingston NV2 1TB edicion especial,Unidad SSD NVMe M.2 de 1 TB,1390.19,36,1,2026-01-15 10:00:00,2026-02-10 12:00:00
368,P00368,Sterilite Caja organizadora 40L paquete con 2 piezas,Caja plastica con tapa para almacenamiento,277.27,165,1,2026-01-15 10:00:00,2026-02-10 12:00:00
369,P00369,Tefal Plancha Ultragliss modelo 2026,Plancha de vapor para ropa,934.16,30,1,2026-01-15 10:00:00,2026-02-10 12:00:00
370,P00370,Sterilite Caja organizadora 40L color negro,Caja plastica con tapa para almacenamiento,273.37,148,1,2026-01-15 10:00:00,2026-02-10 12:00:00
371,P00371,Gillette Mach3 color blanco,Rastrillo para afeitar con tres hojas,260.06,35,1,2026-01-15 10:00:00,2026-02-10 12:00:00
372,P00372,Colgate Total 12 color blanco,Pasta dental de proteccion integral,81.79,80,1,2026-01-15 10:00:00,2026-02-10 12:00:00
373,P00373,SanDisk Ultra microSD 128GB modelo 2026,Tarjeta microSD de 128 GB,397.88,132,1,2026-01-15 10:00:00,2026-02-10 12:00:00
374,P00374,Tefal Plancha Ultragliss modelo 2026,Plancha de vapor para ropa,849.53,231,1,2026-01-15 10:00:00,2026-02-10 12:00:00
375,P00375,Cinsa Olla de presion 6L presentacion familiar,Olla de presion de aluminio de 6 litros,930.64,130,1,2026-01-15 10:00:00,2026-02-10 12:00:00
376,P00376,JBL Go 4 edicion especial,Bocina portatil Bluetooth,973.17,201,1,2026-01-15 10:00:00,2026-02-10 12:00:00
377,P00377,Nike Revolution 7 color blanco,Tenis deportivos para entrenamiento,1714.11,117,1,2026-01-15 10:00:00,2026-02-10 12:00:00
378,P00378,SanDisk Ultra microSD 128GB edicion especial,Tarjeta microSD de 128 GB,360.96,75,1,2026-01-15 10:00:00,2026-02-10 12:00:00
379,P00379,SanDisk Ultra microSD 128GB modelo 2026,Tarjeta microSD de 128 GB,323.93,205,1,2026-01-15 10:00:00,2026-02-10 12:00:00
380,P00380,Cinsa Olla de presion 6L modelo 2026,Olla de presion de aluminio de 6 litros,838.48,66,1,2026-01-15 10:00:00,2026-02-10 12:00:00
381,P00381,Logitech G502 Hero edicion especial,Mouse gamer de alto rendimiento,1026.59,7,0,2026-01-15 10:00:00,2026-02-10 12:00:00
382,P00382,Nike Revolution 7 presentacion familiar,Tenis deportivos para entrenamiento,2199.28,143,1,2026-01-15 10:00:00,2026-02-10 12:00:00
383,P00383,Tefal Plancha Ultragliss color blanco,Plancha de vapor para ropa,1097.42,122,1,2026-01-15 10:00:00,2026-02-10 12:00:00
384,P00384,Nike Revolution 7 presentacion familiar,Tenis deportivos para entrenamiento,1819.69,226,1,2026-01-15 10:00:00,2026-02-10 12:00:00
385,P00385,Gillette Mach3 version estandar,Rastrillo para afeitar con tres hojas,260.42,207,1,2026-01-15 10:00:00,2026-02-10 12:00:00
386,P00386,Kingston NV2 1TB color blanco,Unidad SSD NVMe M.2 de 1 TB,1435.85,286,1,2026-01-15 10:00:00,2026-02-10 12:00:00
387,P00387,Sterilite Caja organizadora 40L presentacion familiar,Caja plastica con tapa para almacenamiento,417.72,32,1,2026-01-15 10:00:00,2026-02-10 12:00:00
388,P00388,JBL Go 4 modelo 2026,Bocina portatil Bluetooth,1122.05,288,1,2026-01-15 10:00:00,2026-02-10 12:00:00
389,P00389,Cinsa Olla de presion 6L edicion especial,Olla de presion de aluminio de 6 litros,1174.58,219,1,2026-01-15 10:00:00,2026-02-10 12:00:00
390,P00390,Cinsa Olla de presion 6L edicion especial,Olla de presion de aluminio de 6 litros,1178.79,263,1,2026-01-15 10:00:00,2026-02-10 12:00:00
391,P00391,SanDisk Ultra microSD 128GB color blanco,Tarjeta microSD de 128 GB,363.5,139,1,2026-01-15 10:00:00,2026-02-10 12:00:00
392,P00392,Logitech G502 Hero color negro,Mouse gamer de alto rendimiento,889.66,186,1,2026-01-15 10:00:00,2026-02-10 12:00:00
393,P00393,Gillette Mach3 color blanco,Rastrillo para afeitar con tres hojas,163.05,82,1,2026-01-15 10:00:00,2026-02-10 12:00:00
394,P00394,SanDisk Ultra microSD 128GB edicion especial,Tarjeta microSD de 128 GB,351.83,171,1,2026-01-15 10:00:00,2026-02-10 12:00:00
395,P00395,Logitech G502 Hero presentacion familiar,Mouse gamer de alto rendimiento,895.93,228,1,2026-01-15 10:00:00,2026-02-10 12:00:00
396,P00396,Cinsa Olla de presion 6L color blanco,Olla de presion de aluminio de 6 litros,814.4,286,1,2026-01-15 10:00:00,2026-02-10 12:00:00
397,P00397,JBL Go 4 color negro,Bocina portatil Bluetooth,1020.98,105,1,2026-01-15 10:00:00,2026-02-10 12:00:00
398,P00398,Cinsa Olla de presion 6L color negro,Olla de presion de aluminio de 6 litros,1038.05,187,1,2026-01-15 10:00:00,2026-02-10 12:00:00
399,P00399,SanDisk Ultra microSD 128GB color blanco,Tarjeta microSD de 128 GB,307.26,100,1,2026-01-15 10:00:00,2026-02-10 12:00:00
400,P00400,Cinsa Olla de presion 6L version estandar,Olla de presion de aluminio de 6 litros,1181.93,269,1,2026-01-15 10:00:00,2026-02-10 12:00:00
401,P00401,Colgate Total 12 paquete con 2 piezas,Pasta dental de proteccion integral,53.55,152,1,2026-01-15 10:00:00,2026-02-10 12:00:00
402,P00402,Tefal Plancha Ultragliss paquete con 2 piezas,Plancha de vapor para ropa,1039.38,172,1,2026-01-15 10:00:00,2026-02-10 12:00:00
403,P00403,Nike Revolution 7 version estandar,Tenis deportivos para entrenamiento,2047.98,24,1,2026-01-15 10:00:00,2026-02-10 12:00:00
404,P00404,Logitech G502 Hero paquete con 2 piezas,Mouse gamer de alto rendimiento,992.34,124,1,2026-01-15 10:00:00,2026-02-10 12:00:00
405,P00405,Nike Revolution 7 color negro,Tenis deportivos para entrenamiento,1531.55,63,1,2026-01-15 10:00:00,2026-02-10 12:00:00
406,P00406,Tefal Plancha Ultragliss presentacion familiar,Plancha de vapor para ropa,1005.11,92,1,2026-01-15 10:00:00,2026-02-10 12:00:00
407,P00407,SanDisk Ultra microSD 128GB edicion especial,Tarjeta microSD de 128 GB,387.69,150,1,2026-01-15 10:00:00,2026-02-10 12:00:00
408,P00408,Cinsa Olla de presion 6L version estandar,Olla de presion de aluminio de 6 litros,952.57,161,1,2026-01-15 10:00:00,2026-02-10 12:00:00
409,P00409,Cinsa Olla de presion 6L modelo 2026,Olla de presion de aluminio de 6 litros,850.27,268,1,2026-01-15 10:00:00,2026-02-10 12:00:00
410,P00410,Nike Revolution 7 edicion especial,Tenis deportivos para entrenamiento,1794.59,40,1,2026-01-15 10:00:00,2026-02-10 12:00:00
411,P00411,Cinsa Olla de presion 6L color negro,Olla de presion de aluminio de 6 litros,1008.31,222,1,2026-01-15 10:00:00,2026-02-10 12:00:00
412,P00412,Logitech G502 Hero edicion especial,Mouse gamer de alto rendimiento,968.68,50,1,2026-01-15 10:00:00,2026-02-10 12:00:00
413,P00413,Cinsa Olla de presion 6L color blanco,Olla de presion de aluminio de 6 litros,983.07,114,1,2026-01-15 10:00:00,2026-02-10 12:00:00
414,P00414,SanDisk Ultra microSD 128GB color negro,Tarjeta microSD de 128 GB,303.32,153,1,2026-01-15 10:00:00,2026-02-10 12:00:00
415,P00415,Sterilite Caja organizadora 40L color negro,Caja plastica con tapa para almacenamiento,242.89,19,1,2026-01-15 10:00:00,2026-02-10 12:00:00
416,P00416,SanDisk Ultra microSD 128GB presentacion familiar,Tarjeta microSD de 128 GB,313.13,146,1,2026-01-15 10:00:00,2026-02-10 12:00:00
417,P00417,Logitech G502 Hero paquete con 2 piezas,Mouse gamer de alto rendimiento,1084.42,107,1,2026-01-15 10:00:00,2026-02-10 12:00:00
418,P00418,Gillette Mach3 color negro,Rastrillo para afeitar con tres hojas,239.12,105,1,2026-01-15 10:00:00,2026-02-10 12:00:00
419,P00419,SanDisk Ultra microSD 128GB color blanco,Tarjeta microSD de 128 GB,253.67,243,1,2026-01-15 10:00:00,2026-02-10 12:00:00
420,P00420,Colgate Total 12 color negro,Pasta dental de proteccion integral,68.04,247,1,2026-01-15 10:00:00,2026-02-10 12:00:00
421,P00421,Sterilite Caja organizadora 40L color negro,Caja plastica con tapa para almacenamiento,292.16,55,1,2026-01-15 10:00:00,2026-02-10 12:00:00
422,P00422,Nike Revolution 7 presentacion familiar,Tenis deportivos para entrenamiento,1619.5,113,1,2026-01-15 10:00:00,2026-02-10 12:00:00
423,P00423,Kingston NV2 1TB modelo 2026,Unidad SSD NVMe M.2 de 1 TB,1077,17,1,2026-01-15 10:00:00,2026-02-10 12:00:00
424,P00424,SanDisk Ultra microSD 128GB version estandar,Tarjeta microSD de 128 GB,365.49,26,1,2026-01-15 10:00:00,2026-02-10 12:00:00
425,P00425,SanDisk Ultra microSD 128GB presentacion familiar,Tarjeta microSD de 128 GB,362.93,210,1,2026-01-15 10:00:00,2026-02-10 12:00:00
426,P00426,Tefal Plancha Ultragliss version estandar,Plancha de vapor para ropa,842.26,87,1,2026-01-15 10:00:00,2026-02-10 12:00:00
427,P00427,SanDisk Ultra microSD 128GB presentacion familiar,Tarjeta microSD de 128 GB,399.29,136,1,2026-01-15 10:00:00,2026-02-10 12:00:00
428,P00428,Sterilite Caja organizadora 40L edicion especial,Caja plastica con tapa para almacenamiento,426.82,290,1,2026-01-15 10:00:00,2026-02-10 12:00:00
429,P00429,JBL Go 4 version estandar,Bocina portatil Bluetooth,1009.77,184,1,2026-01-15 10:00:00,2026-02-10 12:00:00
430,P00430,Sterilite Caja organizadora 40L paquete con 2 piezas,Caja plastica con tapa para almacenamiento,349.56,296,1,2026-01-15 10:00:00,2026-02-10 12:00:00
431,P00431,Gillette Mach3 modelo 2026,Rastrillo para afeitar con tres hojas,167.62,134,1,2026-01-15 10:00:00,2026-02-10 12:00:00
432,P00432,Colgate Total 12 edicion especial,Pasta dental de proteccion integral,99.64,9,0,2026-01-15 10:00:00,2026-02-10 12:00:00
433,P00433,Logitech G502 Hero edicion especial,Mouse gamer de alto rendimiento,926.92,6,1,2026-01-15 10:00:00,2026-02-10 12:00:00
434,P00434,Kingston NV2 1TB edicion especial,Unidad SSD NVMe M.2 de 1 TB,1322.51,23,1,2026-01-15 10:00:00,2026-02-10 12:00:00
435,P00435,Nike Revolution 7 color negro,Tenis deportivos para entrenamiento,1503.65,215,1,2026-01-15 10:00:00,2026-02-10 12:00:00
436,P00436,Colgate Total 12 modelo 2026,Pasta dental de proteccion integral,85.41,56,1,2026-01-15 10:00:00,2026-02-10 12:00:00
437,P00437,Colgate Total 12 presentacion familiar,Pasta dental de proteccion integral,54.02,46,1,2026-01-15 10:00:00,2026-02-10 12:00:00
438,P00438,SanDisk Ultra microSD 128GB presentacion familiar,Tarjeta microSD de 128 GB,315.61,230,1,2026-01-15 10:00:00,2026-02-10 12:00:00
439,P00439,Colgate Total 12 color blanco,Pasta dental de proteccion integral,59.86,198,1,2026-01-15 10:00:00,2026-02-10 12:00:00
440,P00440,Colgate Total 12 color negro,Pasta dental de proteccion integral,55.79,290,1,2026-01-15 10:00:00,2026-02-10 12:00:00
441,P00441,SanDisk Ultra microSD 128GB color negro,Tarjeta microSD de 128 GB,257.06,102,1,2026-01-15 10:00:00,2026-02-10 12:00:00
442,P00442,Logitech G502 Hero color negro,Mouse gamer de alto rendimiento,731.22,240,1,2026-01-15 10:00:00,2026-02-10 12:00:00
443,P00443,Logitech G502 Hero modelo 2026,Mouse gamer de alto rendimiento,869.77,246,1,2026-01-15 10:00:00,2026-02-10 12:00:00
444,P00444,Logitech G502 Hero version estandar,Mouse gamer de alto rendimiento,1070.78,127,1,2026-01-15 10:00:00,2026-02-10 12:00:00
445,P00445,Sterilite Caja organizadora 40L edicion especial,Caja plastica con tapa para almacenamiento,420.79,296,1,2026-01-15 10:00:00,2026-02-10 12:00:00
446,P00446,Logitech G502 Hero color blanco,Mouse gamer de alto rendimiento,932.44,128,1,2026-01-15 10:00:00,2026-02-10 12:00:00
447,P00447,Cinsa Olla de presion 6L paquete con 2 piezas,Olla de presion de aluminio de 6 litros,816.18,90,1,2026-01-15 10:00:00,2026-02-10 12:00:00
448,P00448,Kingston NV2 1TB color blanco,Unidad SSD NVMe M.2 de 1 TB,1234.31,293,1,2026-01-15 10:00:00,2026-02-10 12:00:00
449,P00449,Colgate Total 12 presentacion familiar,Pasta dental de proteccion integral,70.18,263,1,2026-01-15 10:00:00,2026-02-10 12:00:00
450,P00450,Colgate Total 12 version estandar,Pasta dental de proteccion integral,62.25,274,1,2026-01-15 10:00:00,2026-02-10 12:00:00
451,P00451,Logitech G502 Hero paquete con 2 piezas,Mouse gamer de alto rendimiento,774.82,211,1,2026-01-15 10:00:00,2026-02-10 12:00:00
452,P00452,Colgate Total 12 modelo 2026,Pasta dental de proteccion integral,89.33,78,1,2026-01-15 10:00:00,2026-02-10 12:00:00
453,P00453,Gillette Mach3 color negro,Rastrillo para afeitar con tres hojas,288.2,33,1,2026-01-15 10:00:00,2026-02-10 12:00:00
454,P00454,Logitech G502 Hero presentacion familiar,Mouse gamer de alto rendimiento,705.56,98,1,2026-01-15 10:00:00,2026-02-10 12:00:00
455,P00455,Kingston NV2 1TB modelo 2026,Unidad SSD NVMe M.2 de 1 TB,1105.04,207,1,2026-01-15 10:00:00,2026-02-10 12:00:00
456,P00456,Sterilite Caja organizadora 40L color negro,Caja plastica con tapa para almacenamiento,329.47,295,1,2026-01-15 10:00:00,2026-02-10 12:00:00
457,P00457,Cinsa Olla de presion 6L edicion especial,Olla de presion de aluminio de 6 litros,863.12,282,1,2026-01-15 10:00:00,2026-02-10 12:00:00
458,P00458,Logitech G502 Hero presentacion familiar,Mouse gamer de alto rendimiento,1011.43,111,1,2026-01-15 10:00:00,2026-02-10 12:00:00
459,P00459,Kingston NV2 1TB color blanco,Unidad SSD NVMe M.2 de 1 TB,1027.79,200,1,2026-01-15 10:00:00,2026-02-10 12:00:00
460,P00460,Sterilite Caja organizadora 40L color blanco,Caja plastica con tapa para almacenamiento,394.43,154,1,2026-01-15 10:00:00,2026-02-10 12:00:00
461,P00461,JBL Go 4 color negro,Bocina portatil Bluetooth,1004.34,152,1,2026-01-15 10:00:00,2026-02-10 12:00:00
462,P00462,Gillette Mach3 version estandar,Rastrillo para afeitar con tres hojas,153.65,160,1,2026-01-15 10:00:00,2026-02-10 12:00:00
463,P00463,Gillette Mach3 presentacion familiar,Rastrillo para afeitar con tres hojas,251.2,7,0,2026-01-15 10:00:00,2026-02-10 12:00:00
464,P00464,Tefal Plancha Ultragliss paquete con 2 piezas,Plancha de vapor para ropa,861.5,230,1,2026-01-15 10:00:00,2026-02-10 12:00:00
465,P00465,Kingston NV2 1TB edicion especial,Unidad SSD NVMe M.2 de 1 TB,1100.42,138,1,2026-01-15 10:00:00,2026-02-10 12:00:00
466,P00466,Nike Revolution 7 version estandar,Tenis deportivos para entrenamiento,2192.92,299,1,2026-01-15 10:00:00,2026-02-10 12:00:00
467,P00467,Tefal Plancha Ultragliss color blanco,Plancha de vapor para ropa,1192.86,22,1,2026-01-15 10:00:00,2026-02-10 12:00:00
468,P00468,SanDisk Ultra microSD 128GB edicion especial,Tarjeta microSD de 128 GB,298.25,253,1,2026-01-15 10:00:00,2026-02-10 12:00:00
469,P00469,Colgate Total 12 paquete con 2 piezas,Pasta dental de proteccion integral,96.08,155,1,2026-01-15 10:00:00,2026-02-10 12:00:00
470,P00470,Gillette Mach3 color blanco,Rastrillo para afeitar con tres hojas,274.49,127,1,2026-01-15 10:00:00,2026-02-10 12:00:00
471,P00471,Colgate Total 12 color blanco,Pasta dental de proteccion integral,94.09,113,1,2026-01-15 10:00:00,2026-02-10 12:00:00
472,P00472,Sterilite Caja organizadora 40L paquete con 2 piezas,Caja plastica con tapa para almacenamiento,373.84,227,1,2026-01-15 10:00:00,2026-02-10 12:00:00
473,P00473,Logitech G502 Hero color blanco,Mouse gamer de alto rendimiento,937.56,109,1,2026-01-15 10:00:00,2026-02-10 12:00:00
474,P00474,Tefal Plancha Ultragliss presentacion familiar,Plancha de vapor para ropa,1048.01,142,1,2026-01-15 10:00:00,2026-02-10 12:00:00
475,P00475,Kingston NV2 1TB edicion especial,Unidad SSD NVMe M.2 de 1 TB,1256.41,148,1,2026-01-15 10:00:00,2026-02-10 12:00:00
476,P00476,Gillette Mach3 edicion especial,Rastrillo para afeitar con tres hojas,252.1,163,1,2026-01-15 10:00:00,2026-02-10 12:00:00
477,P00477,SanDisk Ultra microSD 128GB paquete con 2 piezas,Tarjeta microSD de 128 GB,319.09,99,1,2026-01-15 10:00:00,2026-02-10 12:00:00
478,P00478,Kingston NV2 1TB modelo 2026,Unidad SSD NVMe M.2 de 1 TB,1376.99,85,1,2026-01-15 10:00:00,2026-02-10 12:00:00
479,P00479,Colgate Total 12 color negro,Pasta dental de proteccion integral,91.66,281,1,2026-01-15 10:00:00,2026-02-10 12:00:00
480,P00480,JBL Go 4 modelo 2026,Bocina portatil Bluetooth,996.34,102,1,2026-01-15 10:00:00,2026-02-10 12:00:00
481,P00481,Cinsa Olla de presion 6L paquete con 2 piezas,Olla de presion de aluminio de 6 litros,869.31,133,1,2026-01-15 10:00:00,2026-02-10 12:00:00
482,P00482,Logitech G502 Hero color blanco,Mouse gamer de alto rendimiento,806.45,193,1,2026-01-15 10:00:00,2026-02-10 12:00:00
483,P00483,Colgate Total 12 edicion especial,Pasta dental de proteccion integral,62.2,149,1,2026-01-15 10:00:00,2026-02-10 12:00:00
484,P00484,JBL Go 4 version estandar,Bocina portatil Bluetooth,1052.52,51,1,2026-01-15 10:00:00,2026-02-10 12:00:00
485,P00485,Kingston NV2 1TB version estandar,Unidad SSD NVMe M.2 de 1 TB,1011.88,171,1,2026-01-15 10:00:00,2026-02-10 12:00:00
486,P00486,Sterilite Caja organizadora 40L version estandar,Caja plastica con tapa para almacenamiento,316.59,79,1,2026-01-15 10:00:00,2026-02-10 12:00:00
487,P00487,Cinsa Olla de presion 6L version estandar,Olla de presion de aluminio de 6 litros,1070.64,240,1,2026-01-15 10:00:00,2026-02-10 12:00:00
488,P00488,Kingston NV2 1TB modelo 2026,Unidad SSD NVMe M.2 de 1 TB,1025.33,198,1,2026-01-15 10:00:00,2026-02-10 12:00:00
489,P00489,Kingston NV2 1TB paquete con 2 piezas,Unidad SSD NVMe M.2 de 1 TB,1162.83,246,1,2026-01-15 10:00:00,2026-02-10 12:00:00
490,P00490,Kingston NV2 1TB paquete con 2 piezas,Unidad SSD NVMe M.2 de 1 TB,1303.47,118,1,2026-01-15 10:00:00,2026-02-10 12:00:00
491,P00491,Logitech G502 Hero color negro,Mouse gamer de alto rendimiento,991.29,253,1,2026-01-15 10:00:00,2026-02-10 12:00:00
492,P00492,SanDisk Ultra microSD 128GB paquete con 2 piezas,Tarjeta microSD de 128 GB,381.76,105,1,2026-01-15 10:00:00,2026-02-10 12:00:00
493,P00493,SanDisk Ultra microSD 128GB modelo 2026,Tarjeta microSD de 128 GB,355.32,25,1,2026-01-15 10:00:00,2026-02-10 12:00:00
494,P00494,Tefal Plancha Ultragliss modelo 2026,Plancha de vapor para ropa,1035.34,241,1,2026-01-15 10:00:00,2026-02-10 12:00:00
495,P00495,Sterilite Caja organizadora 40L color blanco,Caja plastica con tapa para almacenamiento,273.69,188,1,2026-01-15 10:00:00,2026-02-10 12:00:00
496,P00496,Kingston NV2 1TB edicion especial,Unidad SSD NVMe M.2 de 1 TB,1212.27,276,1,2026-01-15 10:00:00,2026-02-10 12:00:00
497,P00497,SanDisk Ultra microSD 128GB modelo 2026,Tarjeta microSD de 128 GB,283.95,70,1,2026-01-15 10:00:00,2026-02-10 12:00:00
498,P00498,Gillette Mach3 edicion especial,Rastrillo para afeitar con tres hojas,282.98,299,1,2026-01-15 10:00:00,2026-02-10 12:00:00
499,P00499,Sterilite Caja organizadora 40L modelo 2026,Caja plastica con tapa para almacenamiento,363.72,281,1,2026-01-15 10:00:00,2026-02-10 12:00:00
500,P00500,Colgate Total 12 modelo 2026,Pasta dental de proteccion integral,93.42,268,1,2026-01-15 10:00:00,2026-02-10 12:00:00
501,P00501,JBL Go 4 version estandar,Bocina portatil Bluetooth,1061.38,167,1,2026-01-15 10:00:00,2026-02-10 12:00:00
502,P00502,Logitech G502 Hero color blanco,Mouse gamer de alto rendimiento,727.41,181,1,2026-01-15 10:00:00,2026-02-10 12:00:00
503,P00503,Tefal Plancha Ultragliss edicion especial,Plancha de vapor para ropa,823.65,112,1,2026-01-15 10:00:00,2026-02-10 12:00:00
504,P00504,Logitech G502 Hero color blanco,Mouse gamer de alto rendimiento,744.85,135,1,2026-01-15 10:00:00,2026-02-10 12:00:00
505,P00505,SanDisk Ultra microSD 128GB color negro,Tarjeta microSD de 128 GB,316.96,243,1,2026-01-15 10:00:00,2026-02-10 12:00:00
506,P00506,Gillette Mach3 modelo 2026,Rastrillo para afeitar con tres hojas,200.74,250,1,2026-01-15 10:00:00,2026-02-10 12:00:00
507,P00507,Sterilite Caja organizadora 40L modelo 2026,Caja plastica con tapa para almacenamiento,288.68,288,1,2026-01-15 10:00:00,2026-02-10 12:00:00
508,P00508,Gillette Mach3 modelo 2026,Rastrillo para afeitar con tres hojas,175.18,40,1,2026-01-15 10:00:00,2026-02-10 12:00:00
509,P00509,Gillette Mach3 version estandar,Rastrillo para afeitar con tres hojas,179.55,287,1,2026-01-15 10:00:00,2026-02-10 12:00:00
510,P00510,Gillette Mach3 color blanco,Rastrillo para afeitar con tres hojas,290.08,129,1,2026-01-15 10:00:00,2026-02-10 12:00:00
511,P00511,Tefal Plancha Ultragliss modelo 2026,Plancha de vapor para ropa,1059.26,147,1,2026-01-15 10:00:00,2026-02-10 12:00:00
512,P00512,Tefal Plancha Ultragliss edicion especial,Plancha de vapor para ropa,821.02,226,1,2026-01-15 10:00:00,2026-02-10 12:00:00
513,P00513,Tefal Plancha Ultragliss paquete con 2 piezas,Plancha de vapor para ropa,1017.32,248,1,2026-01-15 10:00:00,2026-02-10 12:00:00
514,P00514,Cinsa Olla de presion 6L presentacion familiar,Olla de presion de aluminio de 6 litros,1145.41,236,1,2026-01-15 10:00:00,2026-02-10 12:00:00
515,P00515,Logitech G502 Hero edicion especial,Mouse gamer de alto rendimiento,1011.7,83,1,2026-01-15 10:00:00,2026-02-10 12:00:00
516,P00516,Colgate Total 12 presentacion familiar,Pasta dental de proteccion integral,79.36,280,1,2026-01-15 10:00:00,2026-02-10 12:00:00
517,P00517,SanDisk Ultra microSD 128GB color blanco,Tarjeta microSD de 128 GB,299.68,162,1,2026-01-15 10:00:00,2026-02-10 12:00:00
518,P00518,Sterilite Caja organizadora 40L paquete con 2 piezas,Caja plastica con tapa para almacenamiento,296.6,157,1,2026-01-15 10:00:00,2026-02-10 12:00:00
519,P00519,Nike Revolution 7 presentacion familiar,Tenis deportivos para entrenamiento,1703.65,121,1,2026-01-15 10:00:00,2026-02-10 12:00:00
520,P00520,Logitech G502 Hero color negro,Mouse gamer de alto rendimiento,831.02,79,1,2026-01-15 10:00:00,2026-02-10 12:00:00
521,P00521,Colgate Total 12 modelo 2026,Pasta dental de proteccion integral,72.12,243,1,2026-01-15 10:00:00,2026-02-10 12:00:00
522,P00522,Cinsa Olla de presion 6L version estandar,Olla de presion de aluminio de 6 litros,1183.52,295,1,2026-01-15 10:00:00,2026-02-10 12:00:00
523,P00523,Tefal Plancha Ultragliss version estandar,Plancha de vapor para ropa,1186.48,148,1,2026-01-15 10:00:00,2026-02-10 12:00:00
524,P00524,Gillette Mach3 modelo 2026,Rastrillo para afeitar con tres hojas,273.21,123,1,2026-01-15 10:00:00,2026-02-10 12:00:00
525,P00525,Gillette Mach3 color negro,Rastrillo para afeitar con tres hojas,170.21,174,1,2026-01-15 10:00:00,2026-02-10 12:00:00
526,P00526,Cinsa Olla de presion 6L edicion especial,Olla de presion de aluminio de 6 litros,1187.79,108,1,2026-01-15 10:00:00,2026-02-10 12:00:00
527,P00527,Nike Revolution 7 presentacion familiar,Tenis deportivos para entrenamiento,2163.56,48,1,2026-01-15 10:00:00,2026-02-10 12:00:00
528,P00528,Sterilite Caja organizadora 40L edicion especial,Caja plastica con tapa para almacenamiento,397.05,42,1,2026-01-15 10:00:00,2026-02-10 12:00:00
529,P00529,Kingston NV2 1TB edicion especial,Unidad SSD NVMe M.2 de 1 TB,1310.9,2,1,2026-01-15 10:00:00,2026-02-10 12:00:00
530,P00530,Sterilite Caja organizadora 40L color negro,Caja plastica con tapa para almacenamiento,202.84,290,1,2026-01-15 10:00:00,2026-02-10 12:00:00
531,P00531,SanDisk Ultra microSD 128GB presentacion familiar,Tarjeta microSD de 128 GB,305.6,57,1,2026-01-15 10:00:00,2026-02-10 12:00:00
532,P00532,Nike Revolution 7 edicion especial,Tenis deportivos para entrenamiento,1653.67,58,1,2026-01-15 10:00:00,2026-02-10 12:00:00
533,P00533,Nike Revolution 7 version estandar,Tenis deportivos para entrenamiento,1696.44,215,1,2026-01-15 10:00:00,2026-02-10 12:00:00
534,P00534,Sterilite Caja organizadora 40L presentacion familiar,Caja plastica con tapa para almacenamiento,235.68,190,1,2026-01-15 10:00:00,2026-02-10 12:00:00
535,P00535,Gillette Mach3 color blanco,Rastrillo para afeitar con tres hojas,163.53,118,1,2026-01-15 10:00:00,2026-02-10 12:00:00
536,P00536,Sterilite Caja organizadora 40L paquete con 2 piezas,Caja plastica con tapa para almacenamiento,219.99,187,1,2026-01-15 10:00:00,2026-02-10 12:00:00
537,P00537,Nike Revolution 7 paquete con 2 piezas,Tenis deportivos para entrenamiento,1901.31,10,1,2026-01-15 10:00:00,2026-02-10 12:00:00
538,P00538,Sterilite Caja organizadora 40L paquete con 2 piezas,Caja plastica con tapa para almacenamiento,423.79,37,1,2026-01-15 10:00:00,2026-02-10 12:00:00
539,P00539,Colgate Total 12 color negro,Pasta dental de proteccion integral,75.48,180,1,2026-01-15 10:00:00,2026-02-10 12:00:00
540,P00540,Cinsa Olla de presion 6L color blanco,Olla de presion de aluminio de 6 litros,1034.19,219,1,2026-01-15 10:00:00,2026-02-10 12:00:00
541,P00541,Logitech G502 Hero color blanco,Mouse gamer de alto rendimiento,736.06,152,1,2026-01-15 10:00:00,2026-02-10 12:00:00
542,P00542,JBL Go 4 edicion especial,Bocina portatil Bluetooth,1073.8,144,1,2026-01-15 10:00:00,2026-02-10 12:00:00
543,P00543,SanDisk Ultra microSD 128GB modelo 2026,Tarjeta microSD de 128 GB,368.01,220,1,2026-01-15 10:00:00,2026-02-10 12:00:00
544,P00544,Colgate Total 12 paquete con 2 piezas,Pasta dental de proteccion integral,56.81,277,1,2026-01-15 10:00:00,2026-02-10 12:00:00
545,P00545,Sterilite Caja organizadora 40L version estandar,Caja plastica con tapa para almacenamiento,361.57,259,1,2026-01-15 10:00:00,2026-02-10 12:00:00
546,P00546,Cinsa Olla de presion 6L version estandar,Olla de presion de aluminio de 6 litros,855.74,32,1,2026-01-15 10:00:00,2026-02-10 12:00:00
547,P00547,SanDisk Ultra microSD 128GB modelo 2026,Tarjeta microSD de 128 GB,269.6,74,1,2026-01-15 10:00:00,2026-02-10 12:00:00
548,P00548,Colgate Total 12 presentacion familiar,Pasta dental de proteccion integral,95.63,19,1,2026-01-15 10:00:00,2026-02-10 12:00:00
549,P00549,Tefal Plancha Ultragliss modelo 2026,Plancha de vapor para ropa,1131.13,98,1,2026-01-15 10:00:00,2026-02-10 12:00:00
550,P00550,Logitech G502 Hero presentacion familiar,Mouse gamer de alto rendimiento,860.63,226,1,2026-01-15 10:00:00,2026-02-10 12:00:00
551,P00551,Cinsa Olla de presion 6L edicion especial,Olla de presion de aluminio de 6 litros,976.13,47,1,2026-01-15 10:00:00,2026-02-10 12:00:00
552,P00552,JBL Go 4 paquete con 2 piezas,Bocina portatil Bluetooth,1102.8,134,1,2026-01-15 10:00:00,2026-02-10 12:00:00
553,P00553,Colgate Total 12 modelo 2026,Pasta dental de proteccion integral,92.58,242,1,2026-01-15 10:00:00,2026-02-10 12:00:00
554,P00554,Kingston NV2 1TB color negro,Unidad SSD NVMe M.2 de 1 TB,1272.24,177,1,2026-01-15 10:00:00,2026-02-10 12:00:00
555,P00555,Sterilite Caja organizadora 40L color blanco,Caja plastica con tapa para almacenamiento,230.52,250,1,2026-01-15 10:00:00,2026-02-10 12:00:00
556,P00556,SanDisk Ultra microSD 128GB paquete con 2 piezas,Tarjeta microSD de 128 GB,376.89,102,1,2026-01-15 10:00:00,2026-02-10 12:00:00
557,P00557,Colgate Total 12 color negro,Pasta dental de proteccion integral,61.33,285,1,2026-01-15 10:00:00,2026-02-10 12:00:00
558,P00558,SanDisk Ultra microSD 128GB color negro,Tarjeta microSD de 128 GB,389.89,190,1,2026-01-15 10:00:00,2026-02-10 12:00:00
559,P00559,Logitech G502 Hero color blanco,Mouse gamer de alto rendimiento,988.92,188,1,2026-01-15 10:00:00,2026-02-10 12:00:00
560,P00560,Logitech G502 Hero color blanco,Mouse gamer de alto rendimiento,954.24,66,1,2026-01-15 10:00:00,2026-02-10 12:00:00
561,P00561,Gillette Mach3 modelo 2026,Rastrillo para afeitar con tres hojas,232.71,13,1,2026-01-15 10:00:00,2026-02-10 12:00:00
562,P00562,Cinsa Olla de presion 6L presentacion familiar,Olla de presion de aluminio de 6 litros,1115.3,234,1,2026-01-15 10:00:00,2026-02-10 12:00:00
563,P00563,Cinsa Olla de presion 6L paquete con 2 piezas,Olla de presion de aluminio de 6 litros,1031.42,2,1,2026-01-15 10:00:00,2026-02-10 12:00:00
564,P00564,Tefal Plancha Ultragliss version estandar,Plancha de vapor para ropa,1181,213,1,2026-01-15 10:00:00,2026-02-10 12:00:00
565,P00565,Cinsa Olla de presion 6L edicion especial,Olla de presion de aluminio de 6 litros,1101.02,282,1,2026-01-15 10:00:00,2026-02-10 12:00:00
566,P00566,Tefal Plancha Ultragliss presentacion familiar,Plancha de vapor para ropa,1154.67,197,1,2026-01-15 10:00:00,2026-02-10 12:00:00
567,P00567,Kingston NV2 1TB color negro,Unidad SSD NVMe M.2 de 1 TB,1191.51,0,1,2026-01-15 10:00:00,2026-02-10 12:00:00
568,P00568,Colgate Total 12 color negro,Pasta dental de proteccion integral,67.3,271,1,2026-01-15 10:00:00,2026-02-10 12:00:00
569,P00569,Sterilite Caja organizadora 40L modelo 2026,Caja plastica con tapa para almacenamiento,358.72,240,1,2026-01-15 10:00:00,2026-02-10 12:00:00
570,P00570,Cinsa Olla de presion 6L edicion especial,Olla de presion de aluminio de 6 litros,1172.84,134,1,2026-01-15 10:00:00,2026-02-10 12:00:00
571,P00571,Nike Revolution 7 presentacion familiar,Tenis deportivos para entrenamiento,1662.1,278,1,2026-01-15 10:00:00,2026-02-10 12:00:00
572,P00572,Colgate Total 12 version estandar,Pasta dental de proteccion integral,75.52,231,1,2026-01-15 10:00:00,2026-02-10 12:00:00
573,P00573,Logitech G502 Hero color negro,Mouse gamer de alto rendimiento,897.52,265,1,2026-01-15 10:00:00,2026-02-10 12:00:00
574,P00574,Kingston NV2 1TB edicion especial,Unidad SSD NVMe M.2 de 1 TB,1287.74,200,1,2026-01-15 10:00:00,2026-02-10 12:00:00
575,P00575,SanDisk Ultra microSD 128GB color blanco,Tarjeta microSD de 128 GB,289.75,121,1,2026-01-15 10:00:00,2026-02-10 12:00:00
576,P00576,Sterilite Caja organizadora 40L paquete con 2 piezas,Caja plastica con tapa para almacenamiento,346.68,244,1,2026-01-15 10:00:00,2026-02-10 12:00:00
577,P00577,Colgate Total 12 presentacion familiar,Pasta dental de proteccion integral,90.9,211,1,2026-01-15 10:00:00,2026-02-10 12:00:00
578,P00578,SanDisk Ultra microSD 128GB color blanco,Tarjeta microSD de 128 GB,391.83,277,1,2026-01-15 10:00:00,2026-02-10 12:00:00
579,P00579,Nike Revolution 7 edicion especial,Tenis deportivos para entrenamiento,2010.73,1,1,2026-01-15 10:00:00,2026-02-10 12:00:00
580,P00580,Sterilite Caja organizadora 40L modelo 2026,Caja plastica con tapa para almacenamiento,311.88,262,1,2026-01-15 10:00:00,2026-02-10 12:00:00
581,P00581,Kingston NV2 1TB presentacion familiar,Unidad SSD NVMe M.2 de 1 TB,1406.91,82,1,2026-01-15 10:00:00,2026-02-10 12:00:00
582,P00582,JBL Go 4 modelo 2026,Bocina portatil Bluetooth,989.09,32,1,2026-01-15 10:00:00,2026-02-10 12:00:00
583,P00583,Logitech G502 Hero version estandar,Mouse gamer de alto rendimiento,777.05,89,1,2026-01-15 10:00:00,2026-02-10 12:00:00
584,P00584,Tefal Plancha Ultragliss modelo 2026,Plancha de vapor para ropa,1049.04,155,1,2026-01-15 10:00:00,2026-02-10 12:00:00
585,P00585,JBL Go 4 paquete con 2 piezas,Bocina portatil Bluetooth,1117.84,173,1,2026-01-15 10:00:00,2026-02-10 12:00:00
586,P00586,Nike Revolution 7 edicion especial,Tenis deportivos para entrenamiento,1504.27,268,1,2026-01-15 10:00:00,2026-02-10 12:00:00
587,P00587,Tefal Plancha Ultragliss presentacion familiar,Plancha de vapor para ropa,1117.26,239,1,2026-01-15 10:00:00,2026-02-10 12:00:00
588,P00588,Tefal Plancha Ultragliss presentacion familiar,Plancha de vapor para ropa,1064.5,114,1,2026-01-15 10:00:00,2026-02-10 12:00:00
589,P00589,Nike Revolution 7 edicion especial,Tenis deportivos para entrenamiento,1882.25,61,1,2026-01-15 10:00:00,2026-02-10 12:00:00
590,P00590,Sterilite Caja organizadora 40L edicion especial,Caja plastica con tapa para almacenamiento,249.79,143,1,2026-01-15 10:00:00,2026-02-10 12:00:00
591,P00591,Tefal Plancha Ultragliss modelo 2026,Plancha de vapor para ropa,938.99,151,1,2026-01-15 10:00:00,2026-02-10 12:00:00
592,P00592,Sterilite Caja organizadora 40L modelo 2026,Caja plastica con tapa para almacenamiento,273.39,247,1,2026-01-15 10:00:00,2026-02-10 12:00:00
593,P00593,Cinsa Olla de presion 6L edicion especial,Olla de presion de aluminio de 6 litros,894.13,140,1,2026-01-15 10:00:00,2026-02-10 12:00:00
594,P00594,Gillette Mach3 color blanco,Rastrillo para afeitar con tres hojas,159.53,234,1,2026-01-15 10:00:00,2026-02-10 12:00:00
595,P00595,Logitech G502 Hero color blanco,Mouse gamer de alto rendimiento,980.87,120,1,2026-01-15 10:00:00,2026-02-10 12:00:00
596,P00596,Nike Revolution 7 version estandar,Tenis deportivos para entrenamiento,1876.27,289,1,2026-01-15 10:00:00,2026-02-10 12:00:00
597,P00597,Sterilite Caja organizadora 40L color negro,Caja plastica con tapa para almacenamiento,320.39,299,1,2026-01-15 10:00:00,2026-02-10 12:00:00
598,P00598,Cinsa Olla de presion 6L version estandar,Olla de presion de aluminio de 6 litros,1097.13,265,1,2026-01-15 10:00:00,2026-02-10 12:00:00
599,P00599,Gillette Mach3 presentacion familiar,Rastrillo para afeitar con tres hojas,297.24,65,1,2026-01-15 10:00:00,2026-02-10 12:00:00
600,P00600,Cinsa Olla de presion 6L edicion especial,Olla de presion de aluminio de 6 litros,855.58,284,1,2026-01-15 10:00:00,2026-02-10 12:00:00
601,P00601,Sterilite Caja organizadora 40L color blanco,Caja plastica con tapa para almacenamiento,372.58,24,1,2026-01-15 10:00:00,2026-02-10 12:00:00
602,P00602,Sterilite Caja organizadora 40L paquete con 2 piezas,Caja plastica con tapa para almacenamiento,285.84,284,1,2026-01-15 10:00:00,2026-02-10 12:00:00
603,P00603,JBL Go 4 color negro,Bocina portatil Bluetooth,984.24,256,1,2026-01-15 10:00:00,2026-02-10 12:00:00
604,P00604,Nike Revolution 7 color negro,Tenis deportivos para entrenamiento,1957.79,51,1,2026-01-15 10:00:00,2026-02-10 12:00:00
605,P00605,Gillette Mach3 version estandar,Rastrillo para afeitar con tres hojas,263.25,283,1,2026-01-15 10:00:00,2026-02-10 12:00:00
606,P00606,Cinsa Olla de presion 6L version estandar,Olla de presion de aluminio de 6 litros,1080.59,207,1,2026-01-15 10:00:00,2026-02-10 12:00:00
607,P00607,Sterilite Caja organizadora 40L version estandar,Caja plastica con tapa para almacenamiento,301.2,291,1,2026-01-15 10:00:00,2026-02-10 12:00:00
608,P00608,Nike Revolution 7 color negro,Tenis deportivos para entrenamiento,1972.72,147,1,2026-01-15 10:00:00,2026-02-10 12:00:00
609,P00609,Sterilite Caja organizadora 40L color negro,Caja plastica con tapa para almacenamiento,357.82,256,1,2026-01-15 10:00:00,2026-02-10 12:00:00
610,P00610,Sterilite Caja organizadora 40L edicion especial,Caja plastica con tapa para almacenamiento,246.54,166,1,2026-01-15 10:00:00,2026-02-10 12:00:00
611,P00611,JBL Go 4 edicion especial,Bocina portatil Bluetooth,1110.14,107,1,2026-01-15 10:00:00,2026-02-10 12:00:00
612,P00612,Kingston NV2 1TB color blanco,Unidad SSD NVMe M.2 de 1 TB,1022.06,79,1,2026-01-15 10:00:00,2026-02-10 12:00:00
613,P00613,JBL Go 4 color negro,Bocina portatil Bluetooth,964.16,216,1,2026-01-15 10:00:00,2026-02-10 12:00:00
614,P00614,Sterilite Caja organizadora 40L paquete con 2 piezas,Caja plastica con tapa para almacenamiento,401.04,141,1,2026-01-15 10:00:00,2026-02-10 12:00:00
615,P00615,Kingston NV2 1TB presentacion familiar,Unidad SSD NVMe M.2 de 1 TB,1167.44,126,1,2026-01-15 10:00:00,2026-02-10 12:00:00
616,P00616,Sterilite Caja organizadora 40L version estandar,Caja plastica con tapa para almacenamiento,214.46,187,1,2026-01-15 10:00:00,2026-02-10 12:00:00
617,P00617,Gillette Mach3 color negro,Rastrillo para afeitar con tres hojas,160.18,24,1,2026-01-15 10:00:00,2026-02-10 12:00:00
618,P00618,Cinsa Olla de presion 6L color negro,Olla de presion de aluminio de 6 litros,973.93,180,1,2026-01-15 10:00:00,2026-02-10 12:00:00
619,P00619,Kingston NV2 1TB paquete con 2 piezas,Unidad SSD NVMe M.2 de 1 TB,1236.46,182,1,2026-01-15 10:00:00,2026-02-10 12:00:00
620,P00620,Sterilite Caja organizadora 40L version estandar,Caja plastica con tapa para almacenamiento,320.49,257,1,2026-01-15 10:00:00,2026-02-10 12:00:00
621,P00621,SanDisk Ultra microSD 128GB presentacion familiar,Tarjeta microSD de 128 GB,333.47,23,1,2026-01-15 10:00:00,2026-02-10 12:00:00
622,P00622,Colgate Total 12 color blanco,Pasta dental de proteccion integral,87.07,176,1,2026-01-15 10:00:00,2026-02-10 12:00:00
623,P00623,Logitech G502 Hero paquete con 2 piezas,Mouse gamer de alto rendimiento,933.92,220,1,2026-01-15 10:00:00,2026-02-10 12:00:00
624,P00624,Cinsa Olla de presion 6L color negro,Olla de presion de aluminio de 6 litros,1106.15,28,1,2026-01-15 10:00:00,2026-02-10 12:00:00
625,P00625,JBL Go 4 color blanco,Bocina portatil Bluetooth,1006.02,146,1,2026-01-15 10:00:00,2026-02-10 12:00:00
626,P00626,Nike Revolution 7 color blanco,Tenis deportivos para entrenamiento,1567.81,184,1,2026-01-15 10:00:00,2026-02-10 12:00:00
627,P00627,SanDisk Ultra microSD 128GB edicion especial,Tarjeta microSD de 128 GB,327.54,164,1,2026-01-15 10:00:00,2026-02-10 12:00:00
628,P00628,Sterilite Caja organizadora 40L paquete con 2 piezas,Caja plastica con tapa para almacenamiento,374.01,277,1,2026-01-15 10:00:00,2026-02-10 12:00:00
629,P00629,Tefal Plancha Ultragliss edicion especial,Plancha de vapor para ropa,843.79,195,1,2026-01-15 10:00:00,2026-02-10 12:00:00
630,P00630,Nike Revolution 7 color blanco,Tenis deportivos para entrenamiento,2154.04,40,1,2026-01-15 10:00:00,2026-02-10 12:00:00
631,P00631,Logitech G502 Hero edicion especial,Mouse gamer de alto rendimiento,751.95,1,0,2026-01-15 10:00:00,2026-02-10 12:00:00
632,P00632,Sterilite Caja organizadora 40L edicion especial,Caja plastica con tapa para almacenamiento,308.62,131,1,2026-01-15 10:00:00,2026-02-10 12:00:00
633,P00633,SanDisk Ultra microSD 128GB presentacion familiar,Tarjeta microSD de 128 GB,380.5,24,1,2026-01-15 10:00:00,2026-02-10 12:00:00
634,P00634,Logitech G502 Hero presentacion familiar,Mouse gamer de alto rendimiento,838.98,13,1,2026-01-15 10:00:00,2026-02-10 12:00:00
635,P00635,Logitech G502 Hero modelo 2026,Mouse gamer de alto rendimiento,750.45,132,1,2026-01-15 10:00:00,2026-02-10 12:00:00
636,P00636,Cinsa Olla de presion 6L color blanco,Olla de presion de aluminio de 6 litros,1102,140,1,2026-01-15 10:00:00,2026-02-10 12:00:00
637,P00637,Colgate Total 12 paquete con 2 piezas,Pasta dental de proteccion integral,82.05,197,1,2026-01-15 10:00:00,2026-02-10 12:00:00
638,P00638,Cinsa Olla de presion 6L paquete con 2 piezas,Olla de presion de aluminio de 6 litros,998.5,291,1,2026-01-15 10:00:00,2026-02-10 12:00:00
639,P00639,Cinsa Olla de presion 6L edicion especial,Olla de presion de aluminio de 6 litros,936.57,250,1,2026-01-15 10:00:00,2026-02-10 12:00:00
640,P00640,Gillette Mach3 version estandar,Rastrillo para afeitar con tres hojas,251.4,24,1,2026-01-15 10:00:00,2026-02-10 12:00:00
641,P00641,Gillette Mach3 presentacion familiar,Rastrillo para afeitar con tres hojas,202.03,19,1,2026-01-15 10:00:00,2026-02-10 12:00:00
642,P00642,Nike Revolution 7 color negro,Tenis deportivos para entrenamiento,1866.89,135,1,2026-01-15 10:00:00,2026-02-10 12:00:00
643,P00643,Sterilite Caja organizadora 40L modelo 2026,Caja plastica con tapa para almacenamiento,418.28,84,1,2026-01-15 10:00:00,2026-02-10 12:00:00
644,P00644,Nike Revolution 7 modelo 2026,Tenis deportivos para entrenamiento,2049.67,187,1,2026-01-15 10:00:00,2026-02-10 12:00:00
645,P00645,SanDisk Ultra microSD 128GB edicion especial,Tarjeta microSD de 128 GB,333.08,146,1,2026-01-15 10:00:00,2026-02-10 12:00:00
646,P00646,Nike Revolution 7 color negro,Tenis deportivos para entrenamiento,1722.91,30,1,2026-01-15 10:00:00,2026-02-10 12:00:00
647,P00647,Colgate Total 12 color blanco,Pasta dental de proteccion integral,97.44,146,1,2026-01-15 10:00:00,2026-02-10 12:00:00
648,P00648,Colgate Total 12 edicion especial,Pasta dental de proteccion integral,97.64,164,1,2026-01-15 10:00:00,2026-02-10 12:00:00
649,P00649,Gillette Mach3 presentacion familiar,Rastrillo para afeitar con tres hojas,203.72,24,1,2026-01-15 10:00:00,2026-02-10 12:00:00
650,P00650,Tefal Plancha Ultragliss modelo 2026,Plancha de vapor para ropa,1055.74,246,1,2026-01-15 10:00:00,2026-02-10 12:00:00
651,P00651,Colgate Total 12 paquete con 2 piezas,Pasta dental de proteccion integral,94.74,154,1,2026-01-15 10:00:00,2026-02-10 12:00:00
652,P00652,JBL Go 4 paquete con 2 piezas,Bocina portatil Bluetooth,964.51,132,1,2026-01-15 10:00:00,2026-02-10 12:00:00
653,P00653,Sterilite Caja organizadora 40L color negro,Caja plastica con tapa para almacenamiento,314.53,165,1,2026-01-15 10:00:00,2026-02-10 12:00:00
654,P00654,Nike Revolution 7 paquete con 2 piezas,Tenis deportivos para entrenamiento,1672.14,91,1,2026-01-15 10:00:00,2026-02-10 12:00:00
655,P00655,Sterilite Caja organizadora 40L paquete con 2 piezas,Caja plastica con tapa para almacenamiento,307.67,278,1,2026-01-15 10:00:00,2026-02-10 12:00:00
656,P00656,Nike Revolution 7 presentacion familiar,Tenis deportivos para entrenamiento,2032.51,74,1,2026-01-15 10:00:00,2026-02-10 12:00:00
657,P00657,Colgate Total 12 version estandar,Pasta dental de proteccion integral,62.79,230,1,2026-01-15 10:00:00,2026-02-10 12:00:00
658,P00658,SanDisk Ultra microSD 128GB modelo 2026,Tarjeta microSD de 128 GB,266.25,206,1,2026-01-15 10:00:00,2026-02-10 12:00:00
659,P00659,Logitech G502 Hero color negro,Mouse gamer de alto rendimiento,1018.15,194,1,2026-01-15 10:00:00,2026-02-10 12:00:00
660,P00660,Nike Revolution 7 color negro,Tenis deportivos para entrenamiento,1986.36,126,1,2026-01-15 10:00:00,2026-02-10 12:00:00
661,P00661,Sterilite Caja organizadora 40L edicion especial,Caja plastica con tapa para almacenamiento,391.05,291,1,2026-01-15 10:00:00,2026-02-10 12:00:00
662,P00662,Gillette Mach3 version estandar,Rastrillo para afeitar con tres hojas,255.62,251,1,2026-01-15 10:00:00,2026-02-10 12:00:00
663,P00663,Sterilite Caja organizadora 40L presentacion familiar,Caja plastica con tapa para almacenamiento,272,80,1,2026-01-15 10:00:00,2026-02-10 12:00:00
664,P00664,Kingston NV2 1TB modelo 2026,Unidad SSD NVMe M.2 de 1 TB,1463.44,196,1,2026-01-15 10:00:00,2026-02-10 12:00:00
665,P00665,JBL Go 4 modelo 2026,Bocina portatil Bluetooth,1244.44,23,1,2026-01-15 10:00:00,2026-02-10 12:00:00
666,P00666,Logitech G502 Hero version estandar,Mouse gamer de alto rendimiento,742.01,5,1,2026-01-15 10:00:00,2026-02-10 12:00:00
667,P00667,Sterilite Caja organizadora 40L modelo 2026,Caja plastica con tapa para almacenamiento,227.28,118,1,2026-01-15 10:00:00,2026-02-10 12:00:00
668,P00668,Tefal Plancha Ultragliss version estandar,Plancha de vapor para ropa,1195.18,166,1,2026-01-15 10:00:00,2026-02-10 12:00:00
669,P00669,Gillette Mach3 paquete con 2 piezas,Rastrillo para afeitar con tres hojas,207.58,82,1,2026-01-15 10:00:00,2026-02-10 12:00:00
670,P00670,Sterilite Caja organizadora 40L paquete con 2 piezas,Caja plastica con tapa para almacenamiento,262.25,187,1,2026-01-15 10:00:00,2026-02-10 12:00:00
671,P00671,JBL Go 4 color blanco,Bocina portatil Bluetooth,1012.42,125,1,2026-01-15 10:00:00,2026-02-10 12:00:00
672,P00672,Nike Revolution 7 version estandar,Tenis deportivos para entrenamiento,1631.29,242,1,2026-01-15 10:00:00,2026-02-10 12:00:00
673,P00673,Cinsa Olla de presion 6L paquete con 2 piezas,Olla de presion de aluminio de 6 litros,894.2,284,1,2026-01-15 10:00:00,2026-02-10 12:00:00
674,P00674,Colgate Total 12 edicion especial,Pasta dental de proteccion integral,67.15,121,1,2026-01-15 10:00:00,2026-02-10 12:00:00
675,P00675,Sterilite Caja organizadora 40L version estandar,Caja plastica con tapa para almacenamiento,270.86,226,1,2026-01-15 10:00:00,2026-02-10 12:00:00
676,P00676,Tefal Plancha Ultragliss edicion especial,Plancha de vapor para ropa,878.89,190,1,2026-01-15 10:00:00,2026-02-10 12:00:00
677,P00677,SanDisk Ultra microSD 128GB color negro,Tarjeta microSD de 128 GB,287.04,158,1,2026-01-15 10:00:00,2026-02-10 12:00:00
678,P00678,Tefal Plancha Ultragliss version estandar,Plancha de vapor para ropa,1055.75,137,1,2026-01-15 10:00:00,2026-02-10 12:00:00
679,P00679,Colgate Total 12 edicion especial,Pasta dental de proteccion integral,76.94,128,1,2026-01-15 10:00:00,2026-02-10 12:00:00
680,P00680,Nike Revolution 7 modelo 2026,Tenis deportivos para entrenamiento,2038.57,104,1,2026-01-15 10:00:00,2026-02-10 12:00:00
681,P00681,JBL Go 4 version estandar,Bocina portatil Bluetooth,1001.09,115,1,2026-01-15 10:00:00,2026-02-10 12:00:00
682,P00682,Cinsa Olla de presion 6L presentacion familiar,Olla de presion de aluminio de 6 litros,1174.51,166,1,2026-01-15 10:00:00,2026-02-10 12:00:00
683,P00683,Nike Revolution 7 color blanco,Tenis deportivos para entrenamiento,1869.54,130,1,2026-01-15 10:00:00,2026-02-10 12:00:00
684,P00684,Logitech G502 Hero edicion especial,Mouse gamer de alto rendimiento,710.82,295,1,2026-01-15 10:00:00,2026-02-10 12:00:00
685,P00685,Sterilite Caja organizadora 40L modelo 2026,Caja plastica con tapa para almacenamiento,228.9,38,1,2026-01-15 10:00:00,2026-02-10 12:00:00
686,P00686,Cinsa Olla de presion 6L modelo 2026,Olla de presion de aluminio de 6 litros,905.55,229,1,2026-01-15 10:00:00,2026-02-10 12:00:00
687,P00687,Tefal Plancha Ultragliss color negro,Plancha de vapor para ropa,932.99,47,1,2026-01-15 10:00:00,2026-02-10 12:00:00
688,P00688,Logitech G502 Hero color blanco,Mouse gamer de alto rendimiento,932.13,42,1,2026-01-15 10:00:00,2026-02-10 12:00:00
689,P00689,Tefal Plancha Ultragliss color blanco,Plancha de vapor para ropa,917.09,88,1,2026-01-15 10:00:00,2026-02-10 12:00:00
690,P00690,Cinsa Olla de presion 6L color negro,Olla de presion de aluminio de 6 litros,977.87,77,1,2026-01-15 10:00:00,2026-02-10 12:00:00
691,P00691,Sterilite Caja organizadora 40L modelo 2026,Caja plastica con tapa para almacenamiento,371.04,169,1,2026-01-15 10:00:00,2026-02-10 12:00:00
692,P00692,Nike Revolution 7 paquete con 2 piezas,Tenis deportivos para entrenamiento,1883.75,35,1,2026-01-15 10:00:00,2026-02-10 12:00:00
693,P00693,JBL Go 4 edicion especial,Bocina portatil Bluetooth,1163.08,52,1,2026-01-15 10:00:00,2026-02-10 12:00:00
694,P00694,JBL Go 4 modelo 2026,Bocina portatil Bluetooth,966.87,241,1,2026-01-15 10:00:00,2026-02-10 12:00:00
695,P00695,Gillette Mach3 edicion especial,Rastrillo para afeitar con tres hojas,271.25,122,1,2026-01-15 10:00:00,2026-02-10 12:00:00
696,P00696,Sterilite Caja organizadora 40L color negro,Caja plastica con tapa para almacenamiento,358.55,279,1,2026-01-15 10:00:00,2026-02-10 12:00:00
697,P00697,SanDisk Ultra microSD 128GB version estandar,Tarjeta microSD de 128 GB,376.47,292,1,2026-01-15 10:00:00,2026-02-10 12:00:00
698,P00698,Kingston NV2 1TB color negro,Unidad SSD NVMe M.2 de 1 TB,1397.18,288,1,2026-01-15 10:00:00,2026-02-10 12:00:00
699,P00699,Kingston NV2 1TB color blanco,Unidad SSD NVMe M.2 de 1 TB,1174.55,146,1,2026-01-15 10:00:00,2026-02-10 12:00:00
700,P00700,Logitech G502 Hero modelo 2026,Mouse gamer de alto rendimiento,1063.41,111,1,2026-01-15 10:00:00,2026-02-10 12:00:00
701,P00701,Kingston NV2 1TB paquete con 2 piezas,Unidad SSD NVMe M.2 de 1 TB,1364.74,108,1,2026-01-15 10:00:00,2026-02-10 12:00:00
702,P00702,Kingston NV2 1TB version estandar,Unidad SSD NVMe M.2 de 1 TB,1326.8,285,1,2026-01-15 10:00:00,2026-02-10 12:00:00
703,P00703,Sterilite Caja organizadora 40L edicion especial,Caja plastica con tapa para almacenamiento,263.6,209,1,2026-01-15 10:00:00,2026-02-10 12:00:00
704,P00704,Gillette Mach3 presentacion familiar,Rastrillo para afeitar con tres hojas,231.85,0,0,2026-01-15 10:00:00,2026-02-10 12:00:00
705,P00705,Sterilite Caja organizadora 40L paquete con 2 piezas,Caja plastica con tapa para almacenamiento,316.57,109,1,2026-01-15 10:00:00,2026-02-10 12:00:00
706,P00706,Tefal Plancha Ultragliss color blanco,Plancha de vapor para ropa,1078.16,229,1,2026-01-15 10:00:00,2026-02-10 12:00:00
707,P00707,Colgate Total 12 color blanco,Pasta dental de proteccion integral,81.45,88,1,2026-01-15 10:00:00,2026-02-10 12:00:00
708,P00708,Colgate Total 12 color negro,Pasta dental de proteccion integral,66.9,175,1,2026-01-15 10:00:00,2026-02-10 12:00:00
709,P00709,JBL Go 4 paquete con 2 piezas,Bocina portatil Bluetooth,1098.19,14,1,2026-01-15 10:00:00,2026-02-10 12:00:00
710,P00710,Kingston NV2 1TB modelo 2026,Unidad SSD NVMe M.2 de 1 TB,1496.53,220,1,2026-01-15 10:00:00,2026-02-10 12:00:00
711,P00711,Nike Revolution 7 paquete con 2 piezas,Tenis deportivos para entrenamiento,1997.52,144,1,2026-01-15 10:00:00,2026-02-10 12:00:00
712,P00712,Gillette Mach3 color blanco,Rastrillo para afeitar con tres hojas,175.13,94,1,2026-01-15 10:00:00,2026-02-10 12:00:00
713,P00713,SanDisk Ultra microSD 128GB version estandar,Tarjeta microSD de 128 GB,283.05,161,1,2026-01-15 10:00:00,2026-02-10 12:00:00
714,P00714,JBL Go 4 presentacion familiar,Bocina portatil Bluetooth,1161.6,90,1,2026-01-15 10:00:00,2026-02-10 12:00:00
715,P00715,Gillette Mach3 modelo 2026,Rastrillo para afeitar con tres hojas,233.58,131,1,2026-01-15 10:00:00,2026-02-10 12:00:00
716,P00716,Gillette Mach3 modelo 2026,Rastrillo para afeitar con tres hojas,163.3,200,1,2026-01-15 10:00:00,2026-02-10 12:00:00
717,P00717,Logitech G502 Hero presentacion familiar,Mouse gamer de alto rendimiento,926.06,259,1,2026-01-15 10:00:00,2026-02-10 12:00:00
718,P00718,Gillette Mach3 color blanco,Rastrillo para afeitar con tres hojas,268.03,25,1,2026-01-15 10:00:00,2026-02-10 12:00:00
719,P00719,Cinsa Olla de presion 6L color negro,Olla de presion de aluminio de 6 litros,987.15,113,1,2026-01-15 10:00:00,2026-02-10 12:00:00
720,P00720,Kingston NV2 1TB paquete con 2 piezas,Unidad SSD NVMe M.2 de 1 TB,1332.17,224,1,2026-01-15 10:00:00,2026-02-10 12:00:00
721,P00721,Nike Revolution 7 version estandar,Tenis deportivos para entrenamiento,2161.51,76,1,2026-01-15 10:00:00,2026-02-10 12:00:00
722,P00722,Colgate Total 12 color negro,Pasta dental de proteccion integral,57.04,130,1,2026-01-15 10:00:00,2026-02-10 12:00:00
723,P00723,Tefal Plancha Ultragliss paquete con 2 piezas,Plancha de vapor para ropa,805.42,202,1,2026-01-15 10:00:00,2026-02-10 12:00:00
724,P00724,Cinsa Olla de presion 6L edicion especial,Olla de presion de aluminio de 6 litros,1083.25,72,1,2026-01-15 10:00:00,2026-02-10 12:00:00
725,P00725,Cinsa Olla de presion 6L presentacion familiar,Olla de presion de aluminio de 6 litros,1025.38,296,1,2026-01-15 10:00:00,2026-02-10 12:00:00
726,P00726,SanDisk Ultra microSD 128GB version estandar,Tarjeta microSD de 128 GB,289.46,118,1,2026-01-15 10:00:00,2026-02-10 12:00:00
727,P00727,Colgate Total 12 presentacion familiar,Pasta dental de proteccion integral,68.26,213,1,2026-01-15 10:00:00,2026-02-10 12:00:00
728,P00728,Tefal Plancha Ultragliss paquete con 2 piezas,Plancha de vapor para ropa,838.78,246,1,2026-01-15 10:00:00,2026-02-10 12:00:00
729,P00729,Logitech G502 Hero color negro,Mouse gamer de alto rendimiento,954.28,213,1,2026-01-15 10:00:00,2026-02-10 12:00:00
730,P00730,Sterilite Caja organizadora 40L color negro,Caja plastica con tapa para almacenamiento,215.39,34,1,2026-01-15 10:00:00,2026-02-10 12:00:00
731,P00731,Logitech G502 Hero presentacion familiar,Mouse gamer de alto rendimiento,836.01,257,1,2026-01-15 10:00:00,2026-02-10 12:00:00
732,P00732,Logitech G502 Hero presentacion familiar,Mouse gamer de alto rendimiento,1087.83,185,1,2026-01-15 10:00:00,2026-02-10 12:00:00
733,P00733,Gillette Mach3 paquete con 2 piezas,Rastrillo para afeitar con tres hojas,189.52,48,1,2026-01-15 10:00:00,2026-02-10 12:00:00
734,P00734,Colgate Total 12 modelo 2026,Pasta dental de proteccion integral,67.9,149,1,2026-01-15 10:00:00,2026-02-10 12:00:00
735,P00735,Gillette Mach3 edicion especial,Rastrillo para afeitar con tres hojas,242.05,141,1,2026-01-15 10:00:00,2026-02-10 12:00:00
736,P00736,JBL Go 4 edicion especial,Bocina portatil Bluetooth,1258.65,73,1,2026-01-15 10:00:00,2026-02-10 12:00:00
737,P00737,Gillette Mach3 paquete con 2 piezas,Rastrillo para afeitar con tres hojas,260.77,91,1,2026-01-15 10:00:00,2026-02-10 12:00:00
738,P00738,Logitech G502 Hero color blanco,Mouse gamer de alto rendimiento,913.15,83,1,2026-01-15 10:00:00,2026-02-10 12:00:00
739,P00739,Logitech G502 Hero edicion especial,Mouse gamer de alto rendimiento,705.67,77,1,2026-01-15 10:00:00,2026-02-10 12:00:00
740,P00740,Logitech G502 Hero version estandar,Mouse gamer de alto rendimiento,881.88,158,1,2026-01-15 10:00:00,2026-02-10 12:00:00
741,P00741,Cinsa Olla de presion 6L color negro,Olla de presion de aluminio de 6 litros,1073.35,93,1,2026-01-15 10:00:00,2026-02-10 12:00:00
742,P00742,Gillette Mach3 color blanco,Rastrillo para afeitar con tres hojas,174.98,77,1,2026-01-15 10:00:00,2026-02-10 12:00:00
743,P00743,JBL Go 4 presentacion familiar,Bocina portatil Bluetooth,1162.61,47,1,2026-01-15 10:00:00,2026-02-10 12:00:00
744,P00744,Kingston NV2 1TB modelo 2026,Unidad SSD NVMe M.2 de 1 TB,1339.23,162,1,2026-01-15 10:00:00,2026-02-10 12:00:00
745,P00745,Kingston NV2 1TB presentacion familiar,Unidad SSD NVMe M.2 de 1 TB,1378.97,224,1,2026-01-15 10:00:00,2026-02-10 12:00:00
746,P00746,SanDisk Ultra microSD 128GB modelo 2026,Tarjeta microSD de 128 GB,354.25,7,1,2026-01-15 10:00:00,2026-02-10 12:00:00
747,P00747,Logitech G502 Hero paquete con 2 piezas,Mouse gamer de alto rendimiento,781.38,199,1,2026-01-15 10:00:00,2026-02-10 12:00:00
748,P00748,Cinsa Olla de presion 6L edicion especial,Olla de presion de aluminio de 6 litros,1058.03,28,1,2026-01-15 10:00:00,2026-02-10 12:00:00
749,P00749,Gillette Mach3 version estandar,Rastrillo para afeitar con tres hojas,252.96,225,1,2026-01-15 10:00:00,2026-02-10 12:00:00
750,P00750,Tefal Plancha Ultragliss paquete con 2 piezas,Plancha de vapor para ropa,864.1,8,0,2026-01-15 10:00:00,2026-02-10 12:00:00
751,P00751,Nike Revolution 7 color negro,Tenis deportivos para entrenamiento,1739.79,112,1,2026-01-15 10:00:00,2026-02-10 12:00:00
752,P00752,Gillette Mach3 version estandar,Rastrillo para afeitar con tres hojas,265.52,142,1,2026-01-15 10:00:00,2026-02-10 12:00:00
753,P00753,Gillette Mach3 color blanco,Rastrillo para afeitar con tres hojas,247.43,213,1,2026-01-15 10:00:00,2026-02-10 12:00:00
754,P00754,Cinsa Olla de presion 6L edicion especial,Olla de presion de aluminio de 6 litros,822,197,1,2026-01-15 10:00:00,2026-02-10 12:00:00
755,P00755,Colgate Total 12 presentacion familiar,Pasta dental de proteccion integral,88.03,289,1,2026-01-15 10:00:00,2026-02-10 12:00:00
756,P00756,Tefal Plancha Ultragliss version estandar,Plancha de vapor para ropa,1043.95,3,0,2026-01-15 10:00:00,2026-02-10 12:00:00
757,P00757,Cinsa Olla de presion 6L version estandar,Olla de presion de aluminio de 6 litros,1196.82,238,1,2026-01-15 10:00:00,2026-02-10 12:00:00
758,P00758,Colgate Total 12 color blanco,Pasta dental de proteccion integral,79.89,215,1,2026-01-15 10:00:00,2026-02-10 12:00:00
759,P00759,Nike Revolution 7 color negro,Tenis deportivos para entrenamiento,2140.32,205,1,2026-01-15 10:00:00,2026-02-10 12:00:00
760,P00760,SanDisk Ultra microSD 128GB color blanco,Tarjeta microSD de 128 GB,368.05,130,1,2026-01-15 10:00:00,2026-02-10 12:00:00
761,P00761,Cinsa Olla de presion 6L presentacion familiar,Olla de presion de aluminio de 6 litros,1064.21,299,1,2026-01-15 10:00:00,2026-02-10 12:00:00
762,P00762,SanDisk Ultra microSD 128GB color blanco,Tarjeta microSD de 128 GB,370.16,190,1,2026-01-15 10:00:00,2026-02-10 12:00:00
763,P00763,Gillette Mach3 color blanco,Rastrillo para afeitar con tres hojas,180.1,120,1,2026-01-15 10:00:00,2026-02-10 12:00:00
764,P00764,Gillette Mach3 color blanco,Rastrillo para afeitar con tres hojas,224.72,51,1,2026-01-15 10:00:00,2026-02-10 12:00:00
765,P00765,SanDisk Ultra microSD 128GB version estandar,Tarjeta microSD de 128 GB,388.44,29,1,2026-01-15 10:00:00,2026-02-10 12:00:00
766,P00766,Sterilite Caja organizadora 40L modelo 2026,Caja plastica con tapa para almacenamiento,293.35,0,0,2026-01-15 10:00:00,2026-02-10 12:00:00
767,P00767,Logitech G502 Hero paquete con 2 piezas,Mouse gamer de alto rendimiento,974.01,42,1,2026-01-15 10:00:00,2026-02-10 12:00:00
768,P00768,Logitech G502 Hero version estandar,Mouse gamer de alto rendimiento,739.92,293,1,2026-01-15 10:00:00,2026-02-10 12:00:00
769,P00769,Tefal Plancha Ultragliss version estandar,Plancha de vapor para ropa,909.72,285,1,2026-01-15 10:00:00,2026-02-10 12:00:00
770,P00770,Gillette Mach3 modelo 2026,Rastrillo para afeitar con tres hojas,179.65,147,1,2026-01-15 10:00:00,2026-02-10 12:00:00
771,P00771,SanDisk Ultra microSD 128GB modelo 2026,Tarjeta microSD de 128 GB,352.36,200,1,2026-01-15 10:00:00,2026-02-10 12:00:00
772,P00772,Cinsa Olla de presion 6L modelo 2026,Olla de presion de aluminio de 6 litros,801.44,95,1,2026-01-15 10:00:00,2026-02-10 12:00:00
773,P00773,Sterilite Caja organizadora 40L version estandar,Caja plastica con tapa para almacenamiento,201.87,1,1,2026-01-15 10:00:00,2026-02-10 12:00:00
774,P00774,Colgate Total 12 edicion especial,Pasta dental de proteccion integral,85.23,197,1,2026-01-15 10:00:00,2026-02-10 12:00:00
775,P00775,Logitech G502 Hero version estandar,Mouse gamer de alto rendimiento,971.35,34,1,2026-01-15 10:00:00,2026-02-10 12:00:00
776,P00776,JBL Go 4 presentacion familiar,Bocina portatil Bluetooth,1166.96,30,1,2026-01-15 10:00:00,2026-02-10 12:00:00
777,P00777,JBL Go 4 edicion especial,Bocina portatil Bluetooth,1094.88,67,1,2026-01-15 10:00:00,2026-02-10 12:00:00
778,P00778,Kingston NV2 1TB version estandar,Unidad SSD NVMe M.2 de 1 TB,1317.19,218,1,2026-01-15 10:00:00,2026-02-10 12:00:00
779,P00779,Colgate Total 12 version estandar,Pasta dental de proteccion integral,99.17,207,1,2026-01-15 10:00:00,2026-02-10 12:00:00
780,P00780,SanDisk Ultra microSD 128GB color negro,Tarjeta microSD de 128 GB,301.3,76,1,2026-01-15 10:00:00,2026-02-10 12:00:00
781,P00781,SanDisk Ultra microSD 128GB version estandar,Tarjeta microSD de 128 GB,343.11,87,1,2026-01-15 10:00:00,2026-02-10 12:00:00
782,P00782,Gillette Mach3 paquete con 2 piezas,Rastrillo para afeitar con tres hojas,281.19,269,1,2026-01-15 10:00:00,2026-02-10 12:00:00
783,P00783,Tefal Plancha Ultragliss version estandar,Plancha de vapor para ropa,828.88,85,1,2026-01-15 10:00:00,2026-02-10 12:00:00
784,P00784,Tefal Plancha Ultragliss version estandar,Plancha de vapor para ropa,1147.78,174,1,2026-01-15 10:00:00,2026-02-10 12:00:00
785,P00785,Gillette Mach3 edicion especial,Rastrillo para afeitar con tres hojas,265.83,34,1,2026-01-15 10:00:00,2026-02-10 12:00:00
786,P00786,Tefal Plancha Ultragliss presentacion familiar,Plancha de vapor para ropa,1009.34,11,1,2026-01-15 10:00:00,2026-02-10 12:00:00
787,P00787,SanDisk Ultra microSD 128GB paquete con 2 piezas,Tarjeta microSD de 128 GB,262.06,71,1,2026-01-15 10:00:00,2026-02-10 12:00:00
788,P00788,Tefal Plancha Ultragliss presentacion familiar,Plancha de vapor para ropa,928.4,27,1,2026-01-15 10:00:00,2026-02-10 12:00:00
789,P00789,Gillette Mach3 version estandar,Rastrillo para afeitar con tres hojas,262.28,28,1,2026-01-15 10:00:00,2026-02-10 12:00:00
790,P00790,JBL Go 4 version estandar,Bocina portatil Bluetooth,902.83,42,1,2026-01-15 10:00:00,2026-02-10 12:00:00
791,P00791,Colgate Total 12 modelo 2026,Pasta dental de proteccion integral,82.71,279,1,2026-01-15 10:00:00,2026-02-10 12:00:00
792,P00792,Kingston NV2 1TB version estandar,Unidad SSD NVMe M.2 de 1 TB,1103,70,1,2026-01-15 10:00:00,2026-02-10 12:00:00
793,P00793,Tefal Plancha Ultragliss version estandar,Plancha de vapor para ropa,1070.38,232,1,2026-01-15 10:00:00,2026-02-10 12:00:00
794,P00794,Gillette Mach3 paquete con 2 piezas,Rastrillo para afeitar con tres hojas,260.67,82,1,2026-01-15 10:00:00,2026-02-10 12:00:00
795,P00795,Nike Revolution 7 modelo 2026,Tenis deportivos para entrenamiento,2143.22,244,1,2026-01-15 10:00:00,2026-02-10 12:00:00
796,P00796,Kingston NV2 1TB modelo 2026,Unidad SSD NVMe M.2 de 1 TB,1186.3,167,1,2026-01-15 10:00:00,2026-02-10 12:00:00
797,P00797,Logitech G502 Hero color blanco,Mouse gamer de alto rendimiento,793.38,28,1,2026-01-15 10:00:00,2026-02-10 12:00:00
798,P00798,Colgate Total 12 color negro,Pasta dental de proteccion integral,54.19,192,1,2026-01-15 10:00:00,2026-02-10 12:00:00
799,P00799,Tefal Plancha Ultragliss modelo 2026,Plancha de vapor para ropa,981.97,278,1,2026-01-15 10:00:00,2026-02-10 12:00:00
800,P00800,JBL Go 4 modelo 2026,Bocina portatil Bluetooth,1217.77,6,0,2026-01-15 10:00:00,2026-02-10 12:00:00
801,P00801,Nike Revolution 7 modelo 2026,Tenis deportivos para entrenamiento,1584.8,101,1,2026-01-15 10:00:00,2026-02-10 12:00:00
802,P00802,Tefal Plancha Ultragliss presentacion familiar,Plancha de vapor para ropa,1129.83,206,1,2026-01-15 10:00:00,2026-02-10 12:00:00
803,P00803,JBL Go 4 paquete con 2 piezas,Bocina portatil Bluetooth,1265.68,137,1,2026-01-15 10:00:00,2026-02-10 12:00:00
804,P00804,Cinsa Olla de presion 6L color blanco,Olla de presion de aluminio de 6 litros,809.61,65,1,2026-01-15 10:00:00,2026-02-10 12:00:00
805,P00805,Gillette Mach3 color blanco,Rastrillo para afeitar con tres hojas,189.13,35,1,2026-01-15 10:00:00,2026-02-10 12:00:00
806,P00806,Cinsa Olla de presion 6L modelo 2026,Olla de presion de aluminio de 6 litros,1109.53,95,1,2026-01-15 10:00:00,2026-02-10 12:00:00
807,P00807,Gillette Mach3 paquete con 2 piezas,Rastrillo para afeitar con tres hojas,217.5,232,1,2026-01-15 10:00:00,2026-02-10 12:00:00
808,P00808,Nike Revolution 7 color negro,Tenis deportivos para entrenamiento,1695.03,237,1,2026-01-15 10:00:00,2026-02-10 12:00:00
809,P00809,Nike Revolution 7 color negro,Tenis deportivos para entrenamiento,1750.79,285,1,2026-01-15 10:00:00,2026-02-10 12:00:00
810,P00810,Kingston NV2 1TB paquete con 2 piezas,Unidad SSD NVMe M.2 de 1 TB,1210.57,293,1,2026-01-15 10:00:00,2026-02-10 12:00:00
811,P00811,JBL Go 4 version estandar,Bocina portatil Bluetooth,960.44,165,1,2026-01-15 10:00:00,2026-02-10 12:00:00
812,P00812,Cinsa Olla de presion 6L paquete con 2 piezas,Olla de presion de aluminio de 6 litros,945.64,209,1,2026-01-15 10:00:00,2026-02-10 12:00:00
813,P00813,JBL Go 4 modelo 2026,Bocina portatil Bluetooth,1036.5,191,1,2026-01-15 10:00:00,2026-02-10 12:00:00
814,P00814,Tefal Plancha Ultragliss color blanco,Plancha de vapor para ropa,1185.51,71,1,2026-01-15 10:00:00,2026-02-10 12:00:00
815,P00815,Logitech G502 Hero color negro,Mouse gamer de alto rendimiento,820.54,101,1,2026-01-15 10:00:00,2026-02-10 12:00:00
816,P00816,Tefal Plancha Ultragliss presentacion familiar,Plancha de vapor para ropa,1149.48,192,1,2026-01-15 10:00:00,2026-02-10 12:00:00
817,P00817,Logitech G502 Hero presentacion familiar,Mouse gamer de alto rendimiento,924.22,137,1,2026-01-15 10:00:00,2026-02-10 12:00:00
818,P00818,Tefal Plancha Ultragliss presentacion familiar,Plancha de vapor para ropa,1186.93,264,1,2026-01-15 10:00:00,2026-02-10 12:00:00
819,P00819,Tefal Plancha Ultragliss version estandar,Plancha de vapor para ropa,1083.14,211,1,2026-01-15 10:00:00,2026-02-10 12:00:00
820,P00820,JBL Go 4 paquete con 2 piezas,Bocina portatil Bluetooth,959.4,256,1,2026-01-15 10:00:00,2026-02-10 12:00:00
821,P00821,Nike Revolution 7 color negro,Tenis deportivos para entrenamiento,1738.24,32,1,2026-01-15 10:00:00,2026-02-10 12:00:00
822,P00822,JBL Go 4 modelo 2026,Bocina portatil Bluetooth,1002.13,297,1,2026-01-15 10:00:00,2026-02-10 12:00:00
823,P00823,Sterilite Caja organizadora 40L presentacion familiar,Caja plastica con tapa para almacenamiento,207.81,135,1,2026-01-15 10:00:00,2026-02-10 12:00:00
824,P00824,Logitech G502 Hero presentacion familiar,Mouse gamer de alto rendimiento,866.01,107,1,2026-01-15 10:00:00,2026-02-10 12:00:00
825,P00825,Tefal Plancha Ultragliss edicion especial,Plancha de vapor para ropa,1042.94,13,1,2026-01-15 10:00:00,2026-02-10 12:00:00
826,P00826,Colgate Total 12 color blanco,Pasta dental de proteccion integral,55.88,106,1,2026-01-15 10:00:00,2026-02-10 12:00:00
827,P00827,Sterilite Caja organizadora 40L edicion especial,Caja plastica con tapa para almacenamiento,224.38,74,1,2026-01-15 10:00:00,2026-02-10 12:00:00
828,P00828,Cinsa Olla de presion 6L paquete con 2 piezas,Olla de presion de aluminio de 6 litros,1112.41,208,1,2026-01-15 10:00:00,2026-02-10 12:00:00
829,P00829,Colgate Total 12 edicion especial,Pasta dental de proteccion integral,74.34,241,1,2026-01-15 10:00:00,2026-02-10 12:00:00
830,P00830,Sterilite Caja organizadora 40L color negro,Caja plastica con tapa para almacenamiento,236.71,90,1,2026-01-15 10:00:00,2026-02-10 12:00:00
831,P00831,Nike Revolution 7 edicion especial,Tenis deportivos para entrenamiento,1976.81,137,1,2026-01-15 10:00:00,2026-02-10 12:00:00
832,P00832,Gillette Mach3 edicion especial,Rastrillo para afeitar con tres hojas,294.43,136,1,2026-01-15 10:00:00,2026-02-10 12:00:00
833,P00833,Nike Revolution 7 version estandar,Tenis deportivos para entrenamiento,1617.2,284,1,2026-01-15 10:00:00,2026-02-10 12:00:00
834,P00834,Colgate Total 12 presentacion familiar,Pasta dental de proteccion integral,61.53,283,1,2026-01-15 10:00:00,2026-02-10 12:00:00
835,P00835,Colgate Total 12 color blanco,Pasta dental de proteccion integral,68.38,9,1,2026-01-15 10:00:00,2026-02-10 12:00:00
836,P00836,Gillette Mach3 color negro,Rastrillo para afeitar con tres hojas,226.97,102,1,2026-01-15 10:00:00,2026-02-10 12:00:00
837,P00837,SanDisk Ultra microSD 128GB color negro,Tarjeta microSD de 128 GB,320.32,180,1,2026-01-15 10:00:00,2026-02-10 12:00:00
838,P00838,Colgate Total 12 modelo 2026,Pasta dental de proteccion integral,88.39,109,1,2026-01-15 10:00:00,2026-02-10 12:00:00
839,P00839,SanDisk Ultra microSD 128GB paquete con 2 piezas,Tarjeta microSD de 128 GB,257.77,68,1,2026-01-15 10:00:00,2026-02-10 12:00:00
840,P00840,Colgate Total 12 version estandar,Pasta dental de proteccion integral,61.01,150,1,2026-01-15 10:00:00,2026-02-10 12:00:00
841,P00841,Colgate Total 12 version estandar,Pasta dental de proteccion integral,92.3,28,1,2026-01-15 10:00:00,2026-02-10 12:00:00
842,P00842,Nike Revolution 7 presentacion familiar,Tenis deportivos para entrenamiento,1885.2,65,1,2026-01-15 10:00:00,2026-02-10 12:00:00
843,P00843,Tefal Plancha Ultragliss paquete con 2 piezas,Plancha de vapor para ropa,1090.66,120,1,2026-01-15 10:00:00,2026-02-10 12:00:00
844,P00844,Cinsa Olla de presion 6L color negro,Olla de presion de aluminio de 6 litros,1144.39,234,1,2026-01-15 10:00:00,2026-02-10 12:00:00
845,P00845,Cinsa Olla de presion 6L presentacion familiar,Olla de presion de aluminio de 6 litros,1083.18,218,1,2026-01-15 10:00:00,2026-02-10 12:00:00
846,P00846,JBL Go 4 color negro,Bocina portatil Bluetooth,1004.43,213,1,2026-01-15 10:00:00,2026-02-10 12:00:00
847,P00847,SanDisk Ultra microSD 128GB modelo 2026,Tarjeta microSD de 128 GB,296.25,279,1,2026-01-15 10:00:00,2026-02-10 12:00:00
848,P00848,Cinsa Olla de presion 6L modelo 2026,Olla de presion de aluminio de 6 litros,1190.95,204,1,2026-01-15 10:00:00,2026-02-10 12:00:00
849,P00849,Cinsa Olla de presion 6L edicion especial,Olla de presion de aluminio de 6 litros,1160.39,191,1,2026-01-15 10:00:00,2026-02-10 12:00:00
850,P00850,Logitech G502 Hero version estandar,Mouse gamer de alto rendimiento,901.68,78,1,2026-01-15 10:00:00,2026-02-10 12:00:00
851,P00851,Kingston NV2 1TB paquete con 2 piezas,Unidad SSD NVMe M.2 de 1 TB,1026.27,133,1,2026-01-15 10:00:00,2026-02-10 12:00:00
852,P00852,Logitech G502 Hero version estandar,Mouse gamer de alto rendimiento,799.65,166,1,2026-01-15 10:00:00,2026-02-10 12:00:00
853,P00853,SanDisk Ultra microSD 128GB paquete con 2 piezas,Tarjeta microSD de 128 GB,258.88,162,1,2026-01-15 10:00:00,2026-02-10 12:00:00
854,P00854,Colgate Total 12 edicion especial,Pasta dental de proteccion integral,50.23,238,1,2026-01-15 10:00:00,2026-02-10 12:00:00
855,P00855,Cinsa Olla de presion 6L presentacion familiar,Olla de presion de aluminio de 6 litros,1077.72,76,1,2026-01-15 10:00:00,2026-02-10 12:00:00
856,P00856,Sterilite Caja organizadora 40L modelo 2026,Caja plastica con tapa para almacenamiento,209.7,250,1,2026-01-15 10:00:00,2026-02-10 12:00:00
857,P00857,Cinsa Olla de presion 6L presentacion familiar,Olla de presion de aluminio de 6 litros,900.84,175,1,2026-01-15 10:00:00,2026-02-10 12:00:00
858,P00858,Nike Revolution 7 paquete con 2 piezas,Tenis deportivos para entrenamiento,2083.92,225,1,2026-01-15 10:00:00,2026-02-10 12:00:00
859,P00859,Colgate Total 12 edicion especial,Pasta dental de proteccion integral,74.05,73,1,2026-01-15 10:00:00,2026-02-10 12:00:00
860,P00860,Nike Revolution 7 color negro,Tenis deportivos para entrenamiento,2055.72,9,0,2026-01-15 10:00:00,2026-02-10 12:00:00
861,P00861,Sterilite Caja organizadora 40L modelo 2026,Caja plastica con tapa para almacenamiento,426.62,197,1,2026-01-15 10:00:00,2026-02-10 12:00:00
862,P00862,JBL Go 4 presentacion familiar,Bocina portatil Bluetooth,1160.84,159,1,2026-01-15 10:00:00,2026-02-10 12:00:00
863,P00863,Cinsa Olla de presion 6L edicion especial,Olla de presion de aluminio de 6 litros,1123.6,218,1,2026-01-15 10:00:00,2026-02-10 12:00:00
864,P00864,Kingston NV2 1TB edicion especial,Unidad SSD NVMe M.2 de 1 TB,1311.65,63,1,2026-01-15 10:00:00,2026-02-10 12:00:00
865,P00865,Kingston NV2 1TB paquete con 2 piezas,Unidad SSD NVMe M.2 de 1 TB,1433.62,34,1,2026-01-15 10:00:00,2026-02-10 12:00:00
866,P00866,Colgate Total 12 modelo 2026,Pasta dental de proteccion integral,54.37,131,1,2026-01-15 10:00:00,2026-02-10 12:00:00
867,P00867,SanDisk Ultra microSD 128GB color blanco,Tarjeta microSD de 128 GB,272.75,4,1,2026-01-15 10:00:00,2026-02-10 12:00:00
868,P00868,Logitech G502 Hero version estandar,Mouse gamer de alto rendimiento,836.96,199,1,2026-01-15 10:00:00,2026-02-10 12:00:00
869,P00869,Logitech G502 Hero presentacion familiar,Mouse gamer de alto rendimiento,701.64,39,1,2026-01-15 10:00:00,2026-02-10 12:00:00
870,P00870,Cinsa Olla de presion 6L color negro,Olla de presion de aluminio de 6 litros,1188.42,180,1,2026-01-15 10:00:00,2026-02-10 12:00:00
871,P00871,Gillette Mach3 color negro,Rastrillo para afeitar con tres hojas,255.6,7,0,2026-01-15 10:00:00,2026-02-10 12:00:00
872,P00872,SanDisk Ultra microSD 128GB color blanco,Tarjeta microSD de 128 GB,378.64,9,1,2026-01-15 10:00:00,2026-02-10 12:00:00
873,P00873,Tefal Plancha Ultragliss color blanco,Plancha de vapor para ropa,1166.22,200,1,2026-01-15 10:00:00,2026-02-10 12:00:00
874,P00874,Gillette Mach3 edicion especial,Rastrillo para afeitar con tres hojas,220.25,103,1,2026-01-15 10:00:00,2026-02-10 12:00:00
875,P00875,Tefal Plancha Ultragliss color blanco,Plancha de vapor para ropa,1055.06,230,1,2026-01-15 10:00:00,2026-02-10 12:00:00
876,P00876,Cinsa Olla de presion 6L paquete con 2 piezas,Olla de presion de aluminio de 6 litros,986.65,18,1,2026-01-15 10:00:00,2026-02-10 12:00:00
877,P00877,SanDisk Ultra microSD 128GB edicion especial,Tarjeta microSD de 128 GB,342.88,24,1,2026-01-15 10:00:00,2026-02-10 12:00:00
878,P00878,Gillette Mach3 edicion especial,Rastrillo para afeitar con tres hojas,284.43,155,1,2026-01-15 10:00:00,2026-02-10 12:00:00
879,P00879,Colgate Total 12 color blanco,Pasta dental de proteccion integral,69.17,124,1,2026-01-15 10:00:00,2026-02-10 12:00:00
880,P00880,Kingston NV2 1TB edicion especial,Unidad SSD NVMe M.2 de 1 TB,1095.95,47,1,2026-01-15 10:00:00,2026-02-10 12:00:00
881,P00881,Sterilite Caja organizadora 40L version estandar,Caja plastica con tapa para almacenamiento,383.7,125,1,2026-01-15 10:00:00,2026-02-10 12:00:00
882,P00882,Sterilite Caja organizadora 40L paquete con 2 piezas,Caja plastica con tapa para almacenamiento,438.96,143,1,2026-01-15 10:00:00,2026-02-10 12:00:00
883,P00883,Colgate Total 12 color negro,Pasta dental de proteccion integral,62.17,13,1,2026-01-15 10:00:00,2026-02-10 12:00:00
884,P00884,Logitech G502 Hero version estandar,Mouse gamer de alto rendimiento,948.94,143,1,2026-01-15 10:00:00,2026-02-10 12:00:00
885,P00885,Tefal Plancha Ultragliss color blanco,Plancha de vapor para ropa,812.67,145,1,2026-01-15 10:00:00,2026-02-10 12:00:00
886,P00886,Kingston NV2 1TB color blanco,Unidad SSD NVMe M.2 de 1 TB,1269.18,17,1,2026-01-15 10:00:00,2026-02-10 12:00:00
887,P00887,Gillette Mach3 version estandar,Rastrillo para afeitar con tres hojas,157.68,31,1,2026-01-15 10:00:00,2026-02-10 12:00:00
888,P00888,Cinsa Olla de presion 6L presentacion familiar,Olla de presion de aluminio de 6 litros,823.31,284,1,2026-01-15 10:00:00,2026-02-10 12:00:00
889,P00889,Sterilite Caja organizadora 40L edicion especial,Caja plastica con tapa para almacenamiento,208.89,214,1,2026-01-15 10:00:00,2026-02-10 12:00:00
890,P00890,JBL Go 4 presentacion familiar,Bocina portatil Bluetooth,1025.95,23,1,2026-01-15 10:00:00,2026-02-10 12:00:00
891,P00891,Tefal Plancha Ultragliss paquete con 2 piezas,Plancha de vapor para ropa,966.43,63,1,2026-01-15 10:00:00,2026-02-10 12:00:00
892,P00892,Kingston NV2 1TB color negro,Unidad SSD NVMe M.2 de 1 TB,1276.82,98,1,2026-01-15 10:00:00,2026-02-10 12:00:00
893,P00893,SanDisk Ultra microSD 128GB color blanco,Tarjeta microSD de 128 GB,378.17,97,1,2026-01-15 10:00:00,2026-02-10 12:00:00
894,P00894,Tefal Plancha Ultragliss modelo 2026,Plancha de vapor para ropa,1167.35,235,1,2026-01-15 10:00:00,2026-02-10 12:00:00
895,P00895,Nike Revolution 7 modelo 2026,Tenis deportivos para entrenamiento,1769.7,104,1,2026-01-15 10:00:00,2026-02-10 12:00:00
896,P00896,Kingston NV2 1TB color negro,Unidad SSD NVMe M.2 de 1 TB,1164.73,183,1,2026-01-15 10:00:00,2026-02-10 12:00:00
897,P00897,Sterilite Caja organizadora 40L version estandar,Caja plastica con tapa para almacenamiento,277.75,144,1,2026-01-15 10:00:00,2026-02-10 12:00:00
898,P00898,Kingston NV2 1TB color blanco,Unidad SSD NVMe M.2 de 1 TB,1493.75,152,1,2026-01-15 10:00:00,2026-02-10 12:00:00
899,P00899,Colgate Total 12 color blanco,Pasta dental de proteccion integral,98.27,28,1,2026-01-15 10:00:00,2026-02-10 12:00:00
900,P00900,Tefal Plancha Ultragliss version estandar,Plancha de vapor para ropa,1120.36,53,1,2026-01-15 10:00:00,2026-02-10 12:00:00
901,P00901,Nike Revolution 7 color negro,Tenis deportivos para entrenamiento,2039.59,72,1,2026-01-15 10:00:00,2026-02-10 12:00:00
902,P00902,Kingston NV2 1TB color negro,Unidad SSD NVMe M.2 de 1 TB,1207.2,8,1,2026-01-15 10:00:00,2026-02-10 12:00:00
903,P00903,Kingston NV2 1TB color negro,Unidad SSD NVMe M.2 de 1 TB,1407.77,200,1,2026-01-15 10:00:00,2026-02-10 12:00:00
904,P00904,Logitech G502 Hero color blanco,Mouse gamer de alto rendimiento,966.66,245,1,2026-01-15 10:00:00,2026-02-10 12:00:00
905,P00905,Nike Revolution 7 edicion especial,Tenis deportivos para entrenamiento,2172.98,162,1,2026-01-15 10:00:00,2026-02-10 12:00:00
906,P00906,Gillette Mach3 presentacion familiar,Rastrillo para afeitar con tres hojas,213.51,276,1,2026-01-15 10:00:00,2026-02-10 12:00:00
907,P00907,SanDisk Ultra microSD 128GB modelo 2026,Tarjeta microSD de 128 GB,336.58,223,1,2026-01-15 10:00:00,2026-02-10 12:00:00
908,P00908,Nike Revolution 7 paquete con 2 piezas,Tenis deportivos para entrenamiento,1878.55,263,1,2026-01-15 10:00:00,2026-02-10 12:00:00
909,P00909,Kingston NV2 1TB edicion especial,Unidad SSD NVMe M.2 de 1 TB,1240.15,24,1,2026-01-15 10:00:00,2026-02-10 12:00:00
910,P00910,Gillette Mach3 version estandar,Rastrillo para afeitar con tres hojas,156.09,265,1,2026-01-15 10:00:00,2026-02-10 12:00:00
911,P00911,Kingston NV2 1TB color blanco,Unidad SSD NVMe M.2 de 1 TB,1498.07,19,1,2026-01-15 10:00:00,2026-02-10 12:00:00
912,P00912,Cinsa Olla de presion 6L color negro,Olla de presion de aluminio de 6 litros,1072,24,1,2026-01-15 10:00:00,2026-02-10 12:00:00
913,P00913,Kingston NV2 1TB paquete con 2 piezas,Unidad SSD NVMe M.2 de 1 TB,1363.44,269,1,2026-01-15 10:00:00,2026-02-10 12:00:00
914,P00914,Nike Revolution 7 modelo 2026,Tenis deportivos para entrenamiento,2041.68,194,1,2026-01-15 10:00:00,2026-02-10 12:00:00
915,P00915,SanDisk Ultra microSD 128GB version estandar,Tarjeta microSD de 128 GB,378.1,17,1,2026-01-15 10:00:00,2026-02-10 12:00:00
916,P00916,Nike Revolution 7 paquete con 2 piezas,Tenis deportivos para entrenamiento,2016.89,2,0,2026-01-15 10:00:00,2026-02-10 12:00:00
917,P00917,Logitech G502 Hero edicion especial,Mouse gamer de alto rendimiento,886.21,118,1,2026-01-15 10:00:00,2026-02-10 12:00:00
918,P00918,Tefal Plancha Ultragliss color negro,Plancha de vapor para ropa,959.76,118,1,2026-01-15 10:00:00,2026-02-10 12:00:00
919,P00919,Gillette Mach3 paquete con 2 piezas,Rastrillo para afeitar con tres hojas,172.95,24,1,2026-01-15 10:00:00,2026-02-10 12:00:00
920,P00920,SanDisk Ultra microSD 128GB color negro,Tarjeta microSD de 128 GB,325.71,300,1,2026-01-15 10:00:00,2026-02-10 12:00:00
921,P00921,JBL Go 4 edicion especial,Bocina portatil Bluetooth,1117.72,156,1,2026-01-15 10:00:00,2026-02-10 12:00:00
922,P00922,Colgate Total 12 presentacion familiar,Pasta dental de proteccion integral,78.33,219,1,2026-01-15 10:00:00,2026-02-10 12:00:00
923,P00923,Nike Revolution 7 color negro,Tenis deportivos para entrenamiento,2036.05,166,1,2026-01-15 10:00:00,2026-02-10 12:00:00
924,P00924,Logitech G502 Hero presentacion familiar,Mouse gamer de alto rendimiento,1099.73,54,1,2026-01-15 10:00:00,2026-02-10 12:00:00
925,P00925,Logitech G502 Hero color negro,Mouse gamer de alto rendimiento,792.32,115,1,2026-01-15 10:00:00,2026-02-10 12:00:00
926,P00926,Kingston NV2 1TB modelo 2026,Unidad SSD NVMe M.2 de 1 TB,1356.9,166,1,2026-01-15 10:00:00,2026-02-10 12:00:00
927,P00927,SanDisk Ultra microSD 128GB edicion especial,Tarjeta microSD de 128 GB,364.14,115,1,2026-01-15 10:00:00,2026-02-10 12:00:00
928,P00928,Colgate Total 12 edicion especial,Pasta dental de proteccion integral,99.46,173,1,2026-01-15 10:00:00,2026-02-10 12:00:00
929,P00929,SanDisk Ultra microSD 128GB presentacion familiar,Tarjeta microSD de 128 GB,301.13,253,1,2026-01-15 10:00:00,2026-02-10 12:00:00
930,P00930,Cinsa Olla de presion 6L edicion especial,Olla de presion de aluminio de 6 litros,1062.5,272,1,2026-01-15 10:00:00,2026-02-10 12:00:00
931,P00931,Nike Revolution 7 color negro,Tenis deportivos para entrenamiento,1890.92,256,1,2026-01-15 10:00:00,2026-02-10 12:00:00
932,P00932,Logitech G502 Hero color negro,Mouse gamer de alto rendimiento,864.47,9,0,2026-01-15 10:00:00,2026-02-10 12:00:00
933,P00933,Logitech G502 Hero presentacion familiar,Mouse gamer de alto rendimiento,938.42,154,1,2026-01-15 10:00:00,2026-02-10 12:00:00
934,P00934,Cinsa Olla de presion 6L color negro,Olla de presion de aluminio de 6 litros,1123.65,219,1,2026-01-15 10:00:00,2026-02-10 12:00:00
935,P00935,Logitech G502 Hero paquete con 2 piezas,Mouse gamer de alto rendimiento,758.79,82,1,2026-01-15 10:00:00,2026-02-10 12:00:00
936,P00936,Cinsa Olla de presion 6L presentacion familiar,Olla de presion de aluminio de 6 litros,908.54,224,1,2026-01-15 10:00:00,2026-02-10 12:00:00
937,P00937,Cinsa Olla de presion 6L paquete con 2 piezas,Olla de presion de aluminio de 6 litros,1168.81,212,1,2026-01-15 10:00:00,2026-02-10 12:00:00
938,P00938,Cinsa Olla de presion 6L color blanco,Olla de presion de aluminio de 6 litros,1000.48,31,1,2026-01-15 10:00:00,2026-02-10 12:00:00
939,P00939,SanDisk Ultra microSD 128GB edicion especial,Tarjeta microSD de 128 GB,321.52,38,1,2026-01-15 10:00:00,2026-02-10 12:00:00
940,P00940,Nike Revolution 7 modelo 2026,Tenis deportivos para entrenamiento,1837.39,26,1,2026-01-15 10:00:00,2026-02-10 12:00:00
941,P00941,Sterilite Caja organizadora 40L presentacion familiar,Caja plastica con tapa para almacenamiento,362.14,141,1,2026-01-15 10:00:00,2026-02-10 12:00:00
942,P00942,SanDisk Ultra microSD 128GB presentacion familiar,Tarjeta microSD de 128 GB,284.05,83,1,2026-01-15 10:00:00,2026-02-10 12:00:00
943,P00943,Tefal Plancha Ultragliss presentacion familiar,Plancha de vapor para ropa,881.49,88,1,2026-01-15 10:00:00,2026-02-10 12:00:00
944,P00944,Tefal Plancha Ultragliss modelo 2026,Plancha de vapor para ropa,1083.86,189,1,2026-01-15 10:00:00,2026-02-10 12:00:00
945,P00945,Kingston NV2 1TB presentacion familiar,Unidad SSD NVMe M.2 de 1 TB,1385.83,192,1,2026-01-15 10:00:00,2026-02-10 12:00:00
946,P00946,JBL Go 4 version estandar,Bocina portatil Bluetooth,939.55,296,1,2026-01-15 10:00:00,2026-02-10 12:00:00
947,P00947,Tefal Plancha Ultragliss edicion especial,Plancha de vapor para ropa,876.08,190,1,2026-01-15 10:00:00,2026-02-10 12:00:00
948,P00948,SanDisk Ultra microSD 128GB modelo 2026,Tarjeta microSD de 128 GB,379.94,119,1,2026-01-15 10:00:00,2026-02-10 12:00:00
949,P00949,Sterilite Caja organizadora 40L presentacion familiar,Caja plastica con tapa para almacenamiento,336.52,17,1,2026-01-15 10:00:00,2026-02-10 12:00:00
950,P00950,JBL Go 4 color negro,Bocina portatil Bluetooth,1040.71,37,1,2026-01-15 10:00:00,2026-02-10 12:00:00
951,P00951,Logitech G502 Hero modelo 2026,Mouse gamer de alto rendimiento,769.2,13,1,2026-01-15 10:00:00,2026-02-10 12:00:00
952,P00952,Sterilite Caja organizadora 40L paquete con 2 piezas,Caja plastica con tapa para almacenamiento,349.15,208,1,2026-01-15 10:00:00,2026-02-10 12:00:00
953,P00953,Sterilite Caja organizadora 40L color negro,Caja plastica con tapa para almacenamiento,410.42,228,1,2026-01-15 10:00:00,2026-02-10 12:00:00
954,P00954,Nike Revolution 7 color negro,Tenis deportivos para entrenamiento,1919.66,120,1,2026-01-15 10:00:00,2026-02-10 12:00:00
955,P00955,Gillette Mach3 modelo 2026,Rastrillo para afeitar con tres hojas,281.87,271,1,2026-01-15 10:00:00,2026-02-10 12:00:00
956,P00956,Nike Revolution 7 modelo 2026,Tenis deportivos para entrenamiento,2181.25,256,1,2026-01-15 10:00:00,2026-02-10 12:00:00
957,P00957,Kingston NV2 1TB color negro,Unidad SSD NVMe M.2 de 1 TB,1292.14,135,1,2026-01-15 10:00:00,2026-02-10 12:00:00
958,P00958,Gillette Mach3 modelo 2026,Rastrillo para afeitar con tres hojas,175.82,146,1,2026-01-15 10:00:00,2026-02-10 12:00:00
959,P00959,Sterilite Caja organizadora 40L modelo 2026,Caja plastica con tapa para almacenamiento,365.8,254,1,2026-01-15 10:00:00,2026-02-10 12:00:00
960,P00960,Cinsa Olla de presion 6L presentacion familiar,Olla de presion de aluminio de 6 litros,881.13,116,1,2026-01-15 10:00:00,2026-02-10 12:00:00
961,P00961,Nike Revolution 7 edicion especial,Tenis deportivos para entrenamiento,2097.13,138,1,2026-01-15 10:00:00,2026-02-10 12:00:00
962,P00962,Nike Revolution 7 presentacion familiar,Tenis deportivos para entrenamiento,1901.91,261,1,2026-01-15 10:00:00,2026-02-10 12:00:00
963,P00963,JBL Go 4 paquete con 2 piezas,Bocina portatil Bluetooth,911.45,239,1,2026-01-15 10:00:00,2026-02-10 12:00:00
964,P00964,Logitech G502 Hero edicion especial,Mouse gamer de alto rendimiento,801.27,115,1,2026-01-15 10:00:00,2026-02-10 12:00:00
965,P00965,Colgate Total 12 version estandar,Pasta dental de proteccion integral,89.97,293,1,2026-01-15 10:00:00,2026-02-10 12:00:00
966,P00966,Colgate Total 12 paquete con 2 piezas,Pasta dental de proteccion integral,80.31,38,1,2026-01-15 10:00:00,2026-02-10 12:00:00
967,P00967,Colgate Total 12 version estandar,Pasta dental de proteccion integral,50.19,53,1,2026-01-15 10:00:00,2026-02-10 12:00:00
968,P00968,Cinsa Olla de presion 6L color negro,Olla de presion de aluminio de 6 litros,897.74,293,1,2026-01-15 10:00:00,2026-02-10 12:00:00
969,P00969,JBL Go 4 edicion especial,Bocina portatil Bluetooth,903.79,112,1,2026-01-15 10:00:00,2026-02-10 12:00:00
970,P00970,Sterilite Caja organizadora 40L edicion especial,Caja plastica con tapa para almacenamiento,203.2,41,1,2026-01-15 10:00:00,2026-02-10 12:00:00
971,P00971,Kingston NV2 1TB color negro,Unidad SSD NVMe M.2 de 1 TB,1496.12,282,1,2026-01-15 10:00:00,2026-02-10 12:00:00
972,P00972,Colgate Total 12 version estandar,Pasta dental de proteccion integral,78.26,91,1,2026-01-15 10:00:00,2026-02-10 12:00:00
973,P00973,SanDisk Ultra microSD 128GB paquete con 2 piezas,Tarjeta microSD de 128 GB,276.35,250,1,2026-01-15 10:00:00,2026-02-10 12:00:00
974,P00974,Kingston NV2 1TB paquete con 2 piezas,Unidad SSD NVMe M.2 de 1 TB,1381.69,225,1,2026-01-15 10:00:00,2026-02-10 12:00:00
975,P00975,Nike Revolution 7 color negro,Tenis deportivos para entrenamiento,2049.68,145,1,2026-01-15 10:00:00,2026-02-10 12:00:00
976,P00976,Cinsa Olla de presion 6L version estandar,Olla de presion de aluminio de 6 litros,1076.63,212,1,2026-01-15 10:00:00,2026-02-10 12:00:00
977,P00977,Logitech G502 Hero presentacion familiar,Mouse gamer de alto rendimiento,834.2,128,1,2026-01-15 10:00:00,2026-02-10 12:00:00
978,P00978,JBL Go 4 color blanco,Bocina portatil Bluetooth,1156.97,47,1,2026-01-15 10:00:00,2026-02-10 12:00:00
979,P00979,SanDisk Ultra microSD 128GB modelo 2026,Tarjeta microSD de 128 GB,361.37,273,1,2026-01-15 10:00:00,2026-02-10 12:00:00
980,P00980,Cinsa Olla de presion 6L modelo 2026,Olla de presion de aluminio de 6 litros,1000.9,89,1,2026-01-15 10:00:00,2026-02-10 12:00:00
981,P00981,Sterilite Caja organizadora 40L modelo 2026,Caja plastica con tapa para almacenamiento,395.86,270,1,2026-01-15 10:00:00,2026-02-10 12:00:00
982,P00982,Tefal Plancha Ultragliss version estandar,Plancha de vapor para ropa,1088.22,70,1,2026-01-15 10:00:00,2026-02-10 12:00:00
983,P00983,Sterilite Caja organizadora 40L paquete con 2 piezas,Caja plastica con tapa para almacenamiento,320.75,4,1,2026-01-15 10:00:00,2026-02-10 12:00:00
984,P00984,Tefal Plancha Ultragliss presentacion familiar,Plancha de vapor para ropa,1134.09,6,0,2026-01-15 10:00:00,2026-02-10 12:00:00
985,P00985,Gillette Mach3 edicion especial,Rastrillo para afeitar con tres hojas,156.16,41,1,2026-01-15 10:00:00,2026-02-10 12:00:00
986,P00986,Nike Revolution 7 edicion especial,Tenis deportivos para entrenamiento,1946.09,5,1,2026-01-15 10:00:00,2026-02-10 12:00:00
987,P00987,Tefal Plancha Ultragliss edicion especial,Plancha de vapor para ropa,1142.47,178,1,2026-01-15 10:00:00,2026-02-10 12:00:00
988,P00988,Kingston NV2 1TB paquete con 2 piezas,Unidad SSD NVMe M.2 de 1 TB,1243.9,208,1,2026-01-15 10:00:00,2026-02-10 12:00:00
989,P00989,JBL Go 4 modelo 2026,Bocina portatil Bluetooth,1217.34,38,1,2026-01-15 10:00:00,2026-02-10 12:00:00
990,P00990,JBL Go 4 version estandar,Bocina portatil Bluetooth,941.07,209,1,2026-01-15 10:00:00,2026-02-10 12:00:00
991,P00991,Cinsa Olla de presion 6L version estandar,Olla de presion de aluminio de 6 litros,1051.07,128,1,2026-01-15 10:00:00,2026-02-10 12:00:00
992,P00992,Sterilite Caja organizadora 40L modelo 2026,Caja plastica con tapa para almacenamiento,426.81,266,1,2026-01-15 10:00:00,2026-02-10 12:00:00
993,P00993,Nike Revolution 7 modelo 2026,Tenis deportivos para entrenamiento,2152.34,77,1,2026-01-15 10:00:00,2026-02-10 12:00:00
994,P00994,Colgate Total 12 color negro,Pasta dental de proteccion integral,63.46,78,1,2026-01-15 10:00:00,2026-02-10 12:00:00
995,P00995,Tefal Plancha Ultragliss color blanco,Plancha de vapor para ropa,851.5,225,1,2026-01-15 10:00:00,2026-02-10 12:00:00
996,P00996,Nike Revolution 7 modelo 2026,Tenis deportivos para entrenamiento,1680.57,237,1,2026-01-15 10:00:00,2026-02-10 12:00:00
997,P00997,Kingston NV2 1TB color negro,Unidad SSD NVMe M.2 de 1 TB,1313.19,66,1,2026-01-15 10:00:00,2026-02-10 12:00:00
998,P00998,Kingston NV2 1TB paquete con 2 piezas,Unidad SSD NVMe M.2 de 1 TB,1273.03,71,1,2026-01-15 10:00:00,2026-02-10 12:00:00
999,P00999,Logitech G502 Hero edicion especial,Mouse gamer de alto rendimiento,975.21,35,1,2026-01-15 10:00:00,2026-02-10 12:00:00
1000,P01000,Gillette Mach3 modelo 2026,Rastrillo para afeitar con tres hojas,261.83,289,1,2026-01-15 10:00:00,2026-02-10 12:00:00
1001,P01001,Tefal Plancha Ultragliss color blanco,Plancha de vapor para ropa,1091.38,179,1,2026-01-15 10:00:00,2026-02-10 12:00:00
1002,P01002,Kingston NV2 1TB paquete con 2 piezas,Unidad SSD NVMe M.2 de 1 TB,1020.46,172,1,2026-01-15 10:00:00,2026-02-10 12:00:00
1003,P01003,SanDisk Ultra microSD 128GB edicion especial,Tarjeta microSD de 128 GB,335.28,182,1,2026-01-15 10:00:00,2026-02-10 12:00:00
1004,P01004,Kingston NV2 1TB version estandar,Unidad SSD NVMe M.2 de 1 TB,1411.62,153,1,2026-01-15 10:00:00,2026-02-10 12:00:00
1005,P01005,Cinsa Olla de presion 6L color negro,Olla de presion de aluminio de 6 litros,874.66,284,1,2026-01-15 10:00:00,2026-02-10 12:00:00
1006,P01006,Gillette Mach3 modelo 2026,Rastrillo para afeitar con tres hojas,248.11,212,1,2026-01-15 10:00:00,2026-02-10 12:00:00
1007,P01007,Gillette Mach3 modelo 2026,Rastrillo para afeitar con tres hojas,197.7,63,1,2026-01-15 10:00:00,2026-02-10 12:00:00
1008,P01008,Cinsa Olla de presion 6L paquete con 2 piezas,Olla de presion de aluminio de 6 litros,900.53,290,1,2026-01-15 10:00:00,2026-02-10 12:00:00
1009,P01009,Cinsa Olla de presion 6L paquete con 2 piezas,Olla de presion de aluminio de 6 litros,868.21,271,1,2026-01-15 10:00:00,2026-02-10 12:00:00
1010,P01010,Logitech G502 Hero modelo 2026,Mouse gamer de alto rendimiento,899.38,2,1,2026-01-15 10:00:00,2026-02-10 12:00:00
1011,P01011,Gillette Mach3 color blanco,Rastrillo para afeitar con tres hojas,254.62,178,1,2026-01-15 10:00:00,2026-02-10 12:00:00
1012,P01012,Logitech G502 Hero presentacion familiar,Mouse gamer de alto rendimiento,933.52,185,1,2026-01-15 10:00:00,2026-02-10 12:00:00
1013,P01013,Cinsa Olla de presion 6L color blanco,Olla de presion de aluminio de 6 litros,869.02,122,1,2026-01-15 10:00:00,2026-02-10 12:00:00
1014,P01014,Nike Revolution 7 color blanco,Tenis deportivos para entrenamiento,2123.77,95,1,2026-01-15 10:00:00,2026-02-10 12:00:00
1015,P01015,Gillette Mach3 edicion especial,Rastrillo para afeitar con tres hojas,239.56,274,1,2026-01-15 10:00:00,2026-02-10 12:00:00
1016,P01016,Nike Revolution 7 version estandar,Tenis deportivos para entrenamiento,1636.36,84,1,2026-01-15 10:00:00,2026-02-10 12:00:00
1017,P01017,Colgate Total 12 edicion especial,Pasta dental de proteccion integral,51.91,55,1,2026-01-15 10:00:00,2026-02-10 12:00:00
1018,P01018,Logitech G502 Hero modelo 2026,Mouse gamer de alto rendimiento,890.28,101,1,2026-01-15 10:00:00,2026-02-10 12:00:00
1019,P01019,Cinsa Olla de presion 6L paquete con 2 piezas,Olla de presion de aluminio de 6 litros,1180.05,244,1,2026-01-15 10:00:00,2026-02-10 12:00:00
1020,P01020,Logitech G502 Hero presentacion familiar,Mouse gamer de alto rendimiento,757.1,199,1,2026-01-15 10:00:00,2026-02-10 12:00:00
1021,P01021,Sterilite Caja organizadora 40L modelo 2026,Caja plastica con tapa para almacenamiento,441.95,50,1,2026-01-15 10:00:00,2026-02-10 12:00:00
1022,P01022,Gillette Mach3 edicion especial,Rastrillo para afeitar con tres hojas,200.72,62,1,2026-01-15 10:00:00,2026-02-10 12:00:00
1023,P01023,Kingston NV2 1TB modelo 2026,Unidad SSD NVMe M.2 de 1 TB,1457.98,44,1,2026-01-15 10:00:00,2026-02-10 12:00:00
1024,P01024,Logitech G502 Hero presentacion familiar,Mouse gamer de alto rendimiento,1086.62,188,1,2026-01-15 10:00:00,2026-02-10 12:00:00
1025,P01025,Colgate Total 12 version estandar,Pasta dental de proteccion integral,99.48,142,1,2026-01-15 10:00:00,2026-02-10 12:00:00
1026,P01026,Logitech G502 Hero version estandar,Mouse gamer de alto rendimiento,978.19,181,1,2026-01-15 10:00:00,2026-02-10 12:00:00
1027,P01027,Tefal Plancha Ultragliss color negro,Plancha de vapor para ropa,891.25,196,1,2026-01-15 10:00:00,2026-02-10 12:00:00
1028,P01028,Gillette Mach3 presentacion familiar,Rastrillo para afeitar con tres hojas,204.23,273,1,2026-01-15 10:00:00,2026-02-10 12:00:00
1029,P01029,SanDisk Ultra microSD 128GB color blanco,Tarjeta microSD de 128 GB,276.88,69,1,2026-01-15 10:00:00,2026-02-10 12:00:00
1030,P01030,JBL Go 4 presentacion familiar,Bocina portatil Bluetooth,980.93,12,1,2026-01-15 10:00:00,2026-02-10 12:00:00
1031,P01031,Cinsa Olla de presion 6L color negro,Olla de presion de aluminio de 6 litros,1161.85,101,1,2026-01-15 10:00:00,2026-02-10 12:00:00
1032,P01032,Colgate Total 12 version estandar,Pasta dental de proteccion integral,71.86,24,1,2026-01-15 10:00:00,2026-02-10 12:00:00
1033,P01033,Cinsa Olla de presion 6L version estandar,Olla de presion de aluminio de 6 litros,852.08,162,1,2026-01-15 10:00:00,2026-02-10 12:00:00
1034,P01034,Cinsa Olla de presion 6L modelo 2026,Olla de presion de aluminio de 6 litros,1067.82,100,1,2026-01-15 10:00:00,2026-02-10 12:00:00
1035,P01035,Logitech G502 Hero version estandar,Mouse gamer de alto rendimiento,965.58,73,1,2026-01-15 10:00:00,2026-02-10 12:00:00
1036,P01036,SanDisk Ultra microSD 128GB modelo 2026,Tarjeta microSD de 128 GB,279.83,59,1,2026-01-15 10:00:00,2026-02-10 12:00:00
1037,P01037,Kingston NV2 1TB presentacion familiar,Unidad SSD NVMe M.2 de 1 TB,1389.25,291,1,2026-01-15 10:00:00,2026-02-10 12:00:00
1038,P01038,Logitech G502 Hero color negro,Mouse gamer de alto rendimiento,765.68,197,1,2026-01-15 10:00:00,2026-02-10 12:00:00
1039,P01039,Kingston NV2 1TB color blanco,Unidad SSD NVMe M.2 de 1 TB,1173.43,49,1,2026-01-15 10:00:00,2026-02-10 12:00:00
1040,P01040,JBL Go 4 version estandar,Bocina portatil Bluetooth,1279.14,53,1,2026-01-15 10:00:00,2026-02-10 12:00:00
1041,P01041,SanDisk Ultra microSD 128GB paquete con 2 piezas,Tarjeta microSD de 128 GB,320.67,205,1,2026-01-15 10:00:00,2026-02-10 12:00:00
1042,P01042,Logitech G502 Hero color negro,Mouse gamer de alto rendimiento,1013.29,211,1,2026-01-15 10:00:00,2026-02-10 12:00:00
1043,P01043,Kingston NV2 1TB color negro,Unidad SSD NVMe M.2 de 1 TB,1166.12,29,1,2026-01-15 10:00:00,2026-02-10 12:00:00
1044,P01044,SanDisk Ultra microSD 128GB color blanco,Tarjeta microSD de 128 GB,356.15,133,1,2026-01-15 10:00:00,2026-02-10 12:00:00
1045,P01045,Colgate Total 12 modelo 2026,Pasta dental de proteccion integral,55.76,195,1,2026-01-15 10:00:00,2026-02-10 12:00:00
1046,P01046,Tefal Plancha Ultragliss edicion especial,Plancha de vapor para ropa,865.75,134,1,2026-01-15 10:00:00,2026-02-10 12:00:00
1047,P01047,Cinsa Olla de presion 6L edicion especial,Olla de presion de aluminio de 6 litros,930.49,52,1,2026-01-15 10:00:00,2026-02-10 12:00:00
1048,P01048,SanDisk Ultra microSD 128GB edicion especial,Tarjeta microSD de 128 GB,375.9,163,1,2026-01-15 10:00:00,2026-02-10 12:00:00
1049,P01049,JBL Go 4 edicion especial,Bocina portatil Bluetooth,1239.21,56,1,2026-01-15 10:00:00,2026-02-10 12:00:00
1050,P01050,Kingston NV2 1TB edicion especial,Unidad SSD NVMe M.2 de 1 TB,1124.65,120,1,2026-01-15 10:00:00,2026-02-10 12:00:00
1051,P01051,Kingston NV2 1TB presentacion familiar,Unidad SSD NVMe M.2 de 1 TB,1351.66,21,1,2026-01-15 10:00:00,2026-02-10 12:00:00
1052,P01052,JBL Go 4 presentacion familiar,Bocina portatil Bluetooth,1017.52,77,1,2026-01-15 10:00:00,2026-02-10 12:00:00
1053,P01053,Kingston NV2 1TB color blanco,Unidad SSD NVMe M.2 de 1 TB,1265.65,237,1,2026-01-15 10:00:00,2026-02-10 12:00:00
1054,P01054,Kingston NV2 1TB version estandar,Unidad SSD NVMe M.2 de 1 TB,1315.09,279,1,2026-01-15 10:00:00,2026-02-10 12:00:00
1055,P01055,Logitech G502 Hero presentacion familiar,Mouse gamer de alto rendimiento,908.93,142,1,2026-01-15 10:00:00,2026-02-10 12:00:00
1056,P01056,JBL Go 4 modelo 2026,Bocina portatil Bluetooth,1052.25,228,1,2026-01-15 10:00:00,2026-02-10 12:00:00
1057,P01057,Gillette Mach3 color negro,Rastrillo para afeitar con tres hojas,252.26,263,1,2026-01-15 10:00:00,2026-02-10 12:00:00
1058,P01058,Cinsa Olla de presion 6L edicion especial,Olla de presion de aluminio de 6 litros,891.63,35,1,2026-01-15 10:00:00,2026-02-10 12:00:00
1059,P01059,JBL Go 4 modelo 2026,Bocina portatil Bluetooth,1069.57,142,1,2026-01-15 10:00:00,2026-02-10 12:00:00
1060,P01060,Sterilite Caja organizadora 40L presentacion familiar,Caja plastica con tapa para almacenamiento,211.59,28,1,2026-01-15 10:00:00,2026-02-10 12:00:00
1061,P01061,Cinsa Olla de presion 6L presentacion familiar,Olla de presion de aluminio de 6 litros,1173.87,125,1,2026-01-15 10:00:00,2026-02-10 12:00:00
1062,P01062,Logitech G502 Hero presentacion familiar,Mouse gamer de alto rendimiento,819.77,35,1,2026-01-15 10:00:00,2026-02-10 12:00:00
1063,P01063,Nike Revolution 7 color blanco,Tenis deportivos para entrenamiento,1642.47,57,1,2026-01-15 10:00:00,2026-02-10 12:00:00
1064,P01064,Logitech G502 Hero color negro,Mouse gamer de alto rendimiento,1062.4,185,1,2026-01-15 10:00:00,2026-02-10 12:00:00
1065,P01065,Colgate Total 12 color blanco,Pasta dental de proteccion integral,53.33,184,1,2026-01-15 10:00:00,2026-02-10 12:00:00
1066,P01066,SanDisk Ultra microSD 128GB version estandar,Tarjeta microSD de 128 GB,272.04,216,1,2026-01-15 10:00:00,2026-02-10 12:00:00
1067,P01067,Colgate Total 12 version estandar,Pasta dental de proteccion integral,66.68,159,1,2026-01-15 10:00:00,2026-02-10 12:00:00
1068,P01068,Nike Revolution 7 paquete con 2 piezas,Tenis deportivos para entrenamiento,1612.64,267,1,2026-01-15 10:00:00,2026-02-10 12:00:00
1069,P01069,Logitech G502 Hero version estandar,Mouse gamer de alto rendimiento,817.55,128,1,2026-01-15 10:00:00,2026-02-10 12:00:00
1070,P01070,Colgate Total 12 color blanco,Pasta dental de proteccion integral,89.13,287,1,2026-01-15 10:00:00,2026-02-10 12:00:00
1071,P01071,JBL Go 4 edicion especial,Bocina portatil Bluetooth,908.35,56,1,2026-01-15 10:00:00,2026-02-10 12:00:00
1072,P01072,SanDisk Ultra microSD 128GB presentacion familiar,Tarjeta microSD de 128 GB,268.5,205,1,2026-01-15 10:00:00,2026-02-10 12:00:00
1073,P01073,Nike Revolution 7 color negro,Tenis deportivos para entrenamiento,2043.29,247,1,2026-01-15 10:00:00,2026-02-10 12:00:00
1074,P01074,Gillette Mach3 edicion especial,Rastrillo para afeitar con tres hojas,256.35,229,1,2026-01-15 10:00:00,2026-02-10 12:00:00
1075,P01075,Logitech G502 Hero paquete con 2 piezas,Mouse gamer de alto rendimiento,996.92,168,1,2026-01-15 10:00:00,2026-02-10 12:00:00
1076,P01076,Sterilite Caja organizadora 40L color negro,Caja plastica con tapa para almacenamiento,260.26,209,1,2026-01-15 10:00:00,2026-02-10 12:00:00
1077,P01077,Sterilite Caja organizadora 40L version estandar,Caja plastica con tapa para almacenamiento,253.5,170,1,2026-01-15 10:00:00,2026-02-10 12:00:00
1078,P01078,JBL Go 4 edicion especial,Bocina portatil Bluetooth,1277.89,220,1,2026-01-15 10:00:00,2026-02-10 12:00:00
1079,P01079,Cinsa Olla de presion 6L presentacion familiar,Olla de presion de aluminio de 6 litros,848.53,246,1,2026-01-15 10:00:00,2026-02-10 12:00:00
1080,P01080,SanDisk Ultra microSD 128GB color blanco,Tarjeta microSD de 128 GB,310.23,191,1,2026-01-15 10:00:00,2026-02-10 12:00:00
1081,P01081,Kingston NV2 1TB modelo 2026,Unidad SSD NVMe M.2 de 1 TB,1360.29,20,1,2026-01-15 10:00:00,2026-02-10 12:00:00
1082,P01082,SanDisk Ultra microSD 128GB version estandar,Tarjeta microSD de 128 GB,379.68,163,1,2026-01-15 10:00:00,2026-02-10 12:00:00
1083,P01083,Sterilite Caja organizadora 40L edicion especial,Caja plastica con tapa para almacenamiento,325.62,137,1,2026-01-15 10:00:00,2026-02-10 12:00:00
1084,P01084,Kingston NV2 1TB paquete con 2 piezas,Unidad SSD NVMe M.2 de 1 TB,1119.92,216,1,2026-01-15 10:00:00,2026-02-10 12:00:00
1085,P01085,SanDisk Ultra microSD 128GB version estandar,Tarjeta microSD de 128 GB,314.32,1,1,2026-01-15 10:00:00,2026-02-10 12:00:00
1086,P01086,Tefal Plancha Ultragliss paquete con 2 piezas,Plancha de vapor para ropa,930.96,259,1,2026-01-15 10:00:00,2026-02-10 12:00:00
1087,P01087,Gillette Mach3 modelo 2026,Rastrillo para afeitar con tres hojas,287.23,94,1,2026-01-15 10:00:00,2026-02-10 12:00:00
1088,P01088,Nike Revolution 7 version estandar,Tenis deportivos para entrenamiento,2175.16,244,1,2026-01-15 10:00:00,2026-02-10 12:00:00
1089,P01089,Cinsa Olla de presion 6L paquete con 2 piezas,Olla de presion de aluminio de 6 litros,825.64,15,1,2026-01-15 10:00:00,2026-02-10 12:00:00
1090,P01090,Cinsa Olla de presion 6L version estandar,Olla de presion de aluminio de 6 litros,967.89,135,1,2026-01-15 10:00:00,2026-02-10 12:00:00
1091,P01091,Colgate Total 12 color negro,Pasta dental de proteccion integral,97.5,294,1,2026-01-15 10:00:00,2026-02-10 12:00:00
1092,P01092,JBL Go 4 edicion especial,Bocina portatil Bluetooth,1276.27,262,1,2026-01-15 10:00:00,2026-02-10 12:00:00
1093,P01093,JBL Go 4 edicion especial,Bocina portatil Bluetooth,929.17,159,1,2026-01-15 10:00:00,2026-02-10 12:00:00
1094,P01094,SanDisk Ultra microSD 128GB color negro,Tarjeta microSD de 128 GB,359.98,135,1,2026-01-15 10:00:00,2026-02-10 12:00:00
1095,P01095,SanDisk Ultra microSD 128GB paquete con 2 piezas,Tarjeta microSD de 128 GB,300.77,205,1,2026-01-15 10:00:00,2026-02-10 12:00:00
1096,P01096,Logitech G502 Hero paquete con 2 piezas,Mouse gamer de alto rendimiento,1031.99,49,1,2026-01-15 10:00:00,2026-02-10 12:00:00
1097,P01097,Tefal Plancha Ultragliss modelo 2026,Plancha de vapor para ropa,846.14,287,1,2026-01-15 10:00:00,2026-02-10 12:00:00
1098,P01098,Cinsa Olla de presion 6L modelo 2026,Olla de presion de aluminio de 6 litros,860.83,2,0,2026-01-15 10:00:00,2026-02-10 12:00:00
1099,P01099,Tefal Plancha Ultragliss paquete con 2 piezas,Plancha de vapor para ropa,1085.04,75,1,2026-01-15 10:00:00,2026-02-10 12:00:00
1100,P01100,SanDisk Ultra microSD 128GB version estandar,Tarjeta microSD de 128 GB,329.82,215,1,2026-01-15 10:00:00,2026-02-10 12:00:00
1101,P01101,Gillette Mach3 color blanco,Rastrillo para afeitar con tres hojas,209.07,88,1,2026-01-15 10:00:00,2026-02-10 12:00:00
1102,P01102,JBL Go 4 version estandar,Bocina portatil Bluetooth,1017.37,161,1,2026-01-15 10:00:00,2026-02-10 12:00:00
1103,P01103,Colgate Total 12 modelo 2026,Pasta dental de proteccion integral,98.27,293,1,2026-01-15 10:00:00,2026-02-10 12:00:00
1104,P01104,Sterilite Caja organizadora 40L edicion especial,Caja plastica con tapa para almacenamiento,310.74,4,1,2026-01-15 10:00:00,2026-02-10 12:00:00
1105,P01105,JBL Go 4 color negro,Bocina portatil Bluetooth,1058.46,297,1,2026-01-15 10:00:00,2026-02-10 12:00:00
1106,P01106,Colgate Total 12 color negro,Pasta dental de proteccion integral,67.17,19,1,2026-01-15 10:00:00,2026-02-10 12:00:00
1107,P01107,Tefal Plancha Ultragliss color negro,Plancha de vapor para ropa,1063.9,6,0,2026-01-15 10:00:00,2026-02-10 12:00:00
1108,P01108,Gillette Mach3 color negro,Rastrillo para afeitar con tres hojas,270.95,290,1,2026-01-15 10:00:00,2026-02-10 12:00:00
1109,P01109,Logitech G502 Hero version estandar,Mouse gamer de alto rendimiento,874.46,261,1,2026-01-15 10:00:00,2026-02-10 12:00:00
1110,P01110,Cinsa Olla de presion 6L paquete con 2 piezas,Olla de presion de aluminio de 6 litros,1128.77,125,1,2026-01-15 10:00:00,2026-02-10 12:00:00
1111,P01111,Tefal Plancha Ultragliss presentacion familiar,Plancha de vapor para ropa,874.67,9,0,2026-01-15 10:00:00,2026-02-10 12:00:00
1112,P01112,Gillette Mach3 modelo 2026,Rastrillo para afeitar con tres hojas,254.52,140,1,2026-01-15 10:00:00,2026-02-10 12:00:00
1113,P01113,Logitech G502 Hero edicion especial,Mouse gamer de alto rendimiento,754.41,219,1,2026-01-15 10:00:00,2026-02-10 12:00:00
1114,P01114,SanDisk Ultra microSD 128GB paquete con 2 piezas,Tarjeta microSD de 128 GB,257.57,69,1,2026-01-15 10:00:00,2026-02-10 12:00:00
1115,P01115,Logitech G502 Hero modelo 2026,Mouse gamer de alto rendimiento,953.46,154,1,2026-01-15 10:00:00,2026-02-10 12:00:00
1116,P01116,JBL Go 4 modelo 2026,Bocina portatil Bluetooth,953.25,51,1,2026-01-15 10:00:00,2026-02-10 12:00:00
1117,P01117,Sterilite Caja organizadora 40L modelo 2026,Caja plastica con tapa para almacenamiento,231.42,174,1,2026-01-15 10:00:00,2026-02-10 12:00:00
1118,P01118,Logitech G502 Hero version estandar,Mouse gamer de alto rendimiento,946.28,172,1,2026-01-15 10:00:00,2026-02-10 12:00:00
1119,P01119,Tefal Plancha Ultragliss presentacion familiar,Plancha de vapor para ropa,1087.67,47,1,2026-01-15 10:00:00,2026-02-10 12:00:00
1120,P01120,Gillette Mach3 paquete con 2 piezas,Rastrillo para afeitar con tres hojas,267.57,286,1,2026-01-15 10:00:00,2026-02-10 12:00:00
1121,P01121,SanDisk Ultra microSD 128GB color negro,Tarjeta microSD de 128 GB,270.27,90,1,2026-01-15 10:00:00,2026-02-10 12:00:00
1122,P01122,Colgate Total 12 paquete con 2 piezas,Pasta dental de proteccion integral,77.86,41,1,2026-01-15 10:00:00,2026-02-10 12:00:00
1123,P01123,SanDisk Ultra microSD 128GB modelo 2026,Tarjeta microSD de 128 GB,278.25,196,1,2026-01-15 10:00:00,2026-02-10 12:00:00
1124,P01124,Cinsa Olla de presion 6L color blanco,Olla de presion de aluminio de 6 litros,858.95,120,1,2026-01-15 10:00:00,2026-02-10 12:00:00
1125,P01125,Gillette Mach3 color blanco,Rastrillo para afeitar con tres hojas,225,139,1,2026-01-15 10:00:00,2026-02-10 12:00:00
1126,P01126,Tefal Plancha Ultragliss presentacion familiar,Plancha de vapor para ropa,1019.8,172,1,2026-01-15 10:00:00,2026-02-10 12:00:00
1127,P01127,Logitech G502 Hero edicion especial,Mouse gamer de alto rendimiento,764.42,64,1,2026-01-15 10:00:00,2026-02-10 12:00:00
1128,P01128,JBL Go 4 color blanco,Bocina portatil Bluetooth,979.4,200,1,2026-01-15 10:00:00,2026-02-10 12:00:00
1129,P01129,Sterilite Caja organizadora 40L modelo 2026,Caja plastica con tapa para almacenamiento,247.76,205,1,2026-01-15 10:00:00,2026-02-10 12:00:00
1130,P01130,JBL Go 4 color negro,Bocina portatil Bluetooth,1099.92,161,1,2026-01-15 10:00:00,2026-02-10 12:00:00
1131,P01131,Gillette Mach3 color blanco,Rastrillo para afeitar con tres hojas,179.09,82,1,2026-01-15 10:00:00,2026-02-10 12:00:00
1132,P01132,Cinsa Olla de presion 6L color blanco,Olla de presion de aluminio de 6 litros,954.38,200,1,2026-01-15 10:00:00,2026-02-10 12:00:00
1133,P01133,Logitech G502 Hero version estandar,Mouse gamer de alto rendimiento,741.24,50,1,2026-01-15 10:00:00,2026-02-10 12:00:00
1134,P01134,Sterilite Caja organizadora 40L version estandar,Caja plastica con tapa para almacenamiento,291.59,62,1,2026-01-15 10:00:00,2026-02-10 12:00:00
1135,P01135,Cinsa Olla de presion 6L edicion especial,Olla de presion de aluminio de 6 litros,953.86,32,1,2026-01-15 10:00:00,2026-02-10 12:00:00
1136,P01136,Gillette Mach3 version estandar,Rastrillo para afeitar con tres hojas,251.53,148,1,2026-01-15 10:00:00,2026-02-10 12:00:00
1137,P01137,JBL Go 4 edicion especial,Bocina portatil Bluetooth,1243.64,151,1,2026-01-15 10:00:00,2026-02-10 12:00:00
1138,P01138,Sterilite Caja organizadora 40L edicion especial,Caja plastica con tapa para almacenamiento,430.48,66,1,2026-01-15 10:00:00,2026-02-10 12:00:00
1139,P01139,SanDisk Ultra microSD 128GB color blanco,Tarjeta microSD de 128 GB,314.13,179,1,2026-01-15 10:00:00,2026-02-10 12:00:00
1140,P01140,Logitech G502 Hero paquete con 2 piezas,Mouse gamer de alto rendimiento,869.02,286,1,2026-01-15 10:00:00,2026-02-10 12:00:00
1141,P01141,Cinsa Olla de presion 6L edicion especial,Olla de presion de aluminio de 6 litros,891.88,42,1,2026-01-15 10:00:00,2026-02-10 12:00:00
1142,P01142,Sterilite Caja organizadora 40L presentacion familiar,Caja plastica con tapa para almacenamiento,429.33,142,1,2026-01-15 10:00:00,2026-02-10 12:00:00
1143,P01143,SanDisk Ultra microSD 128GB color blanco,Tarjeta microSD de 128 GB,324.57,275,1,2026-01-15 10:00:00,2026-02-10 12:00:00
1144,P01144,JBL Go 4 version estandar,Bocina portatil Bluetooth,1084.8,209,1,2026-01-15 10:00:00,2026-02-10 12:00:00
1145,P01145,SanDisk Ultra microSD 128GB modelo 2026,Tarjeta microSD de 128 GB,375.04,188,1,2026-01-15 10:00:00,2026-02-10 12:00:00
1146,P01146,Cinsa Olla de presion 6L color blanco,Olla de presion de aluminio de 6 litros,1181.35,156,1,2026-01-15 10:00:00,2026-02-10 12:00:00
1147,P01147,SanDisk Ultra microSD 128GB color blanco,Tarjeta microSD de 128 GB,370.89,236,1,2026-01-15 10:00:00,2026-02-10 12:00:00
1148,P01148,Nike Revolution 7 color negro,Tenis deportivos para entrenamiento,1698.42,273,1,2026-01-15 10:00:00,2026-02-10 12:00:00
1149,P01149,Cinsa Olla de presion 6L edicion especial,Olla de presion de aluminio de 6 litros,1173.05,174,1,2026-01-15 10:00:00,2026-02-10 12:00:00
1150,P01150,Cinsa Olla de presion 6L edicion especial,Olla de presion de aluminio de 6 litros,1080.44,124,1,2026-01-15 10:00:00,2026-02-10 12:00:00
1151,P01151,Colgate Total 12 version estandar,Pasta dental de proteccion integral,59.39,219,1,2026-01-15 10:00:00,2026-02-10 12:00:00
1152,P01152,Logitech G502 Hero presentacion familiar,Mouse gamer de alto rendimiento,1009.24,292,1,2026-01-15 10:00:00,2026-02-10 12:00:00
1153,P01153,Tefal Plancha Ultragliss color negro,Plancha de vapor para ropa,913.71,66,1,2026-01-15 10:00:00,2026-02-10 12:00:00
1154,P01154,JBL Go 4 color negro,Bocina portatil Bluetooth,1238.5,88,1,2026-01-15 10:00:00,2026-02-10 12:00:00
1155,P01155,Tefal Plancha Ultragliss modelo 2026,Plancha de vapor para ropa,1097.46,273,1,2026-01-15 10:00:00,2026-02-10 12:00:00
1156,P01156,Kingston NV2 1TB presentacion familiar,Unidad SSD NVMe M.2 de 1 TB,1289.71,164,1,2026-01-15 10:00:00,2026-02-10 12:00:00
1157,P01157,Sterilite Caja organizadora 40L modelo 2026,Caja plastica con tapa para almacenamiento,393.3,4,0,2026-01-15 10:00:00,2026-02-10 12:00:00
1158,P01158,Nike Revolution 7 modelo 2026,Tenis deportivos para entrenamiento,2042.95,0,0,2026-01-15 10:00:00,2026-02-10 12:00:00
1159,P01159,Gillette Mach3 color negro,Rastrillo para afeitar con tres hojas,254.01,67,1,2026-01-15 10:00:00,2026-02-10 12:00:00
1160,P01160,Tefal Plancha Ultragliss version estandar,Plancha de vapor para ropa,843.6,251,1,2026-01-15 10:00:00,2026-02-10 12:00:00
1161,P01161,Kingston NV2 1TB paquete con 2 piezas,Unidad SSD NVMe M.2 de 1 TB,1243.24,18,1,2026-01-15 10:00:00,2026-02-10 12:00:00
1162,P01162,JBL Go 4 version estandar,Bocina portatil Bluetooth,1134.74,192,1,2026-01-15 10:00:00,2026-02-10 12:00:00
1163,P01163,Gillette Mach3 version estandar,Rastrillo para afeitar con tres hojas,268.81,238,1,2026-01-15 10:00:00,2026-02-10 12:00:00
1164,P01164,Cinsa Olla de presion 6L edicion especial,Olla de presion de aluminio de 6 litros,1123.05,193,1,2026-01-15 10:00:00,2026-02-10 12:00:00
1165,P01165,Gillette Mach3 version estandar,Rastrillo para afeitar con tres hojas,185.17,228,1,2026-01-15 10:00:00,2026-02-10 12:00:00
1166,P01166,Tefal Plancha Ultragliss modelo 2026,Plancha de vapor para ropa,860.31,153,1,2026-01-15 10:00:00,2026-02-10 12:00:00
1167,P01167,Kingston NV2 1TB presentacion familiar,Unidad SSD NVMe M.2 de 1 TB,1387.18,38,1,2026-01-15 10:00:00,2026-02-10 12:00:00
1168,P01168,Colgate Total 12 version estandar,Pasta dental de proteccion integral,57.98,106,1,2026-01-15 10:00:00,2026-02-10 12:00:00
1169,P01169,Sterilite Caja organizadora 40L version estandar,Caja plastica con tapa para almacenamiento,412.19,126,1,2026-01-15 10:00:00,2026-02-10 12:00:00
1170,P01170,Gillette Mach3 modelo 2026,Rastrillo para afeitar con tres hojas,167.61,128,1,2026-01-15 10:00:00,2026-02-10 12:00:00
1171,P01171,JBL Go 4 color negro,Bocina portatil Bluetooth,1238.44,54,1,2026-01-15 10:00:00,2026-02-10 12:00:00
1172,P01172,Logitech G502 Hero paquete con 2 piezas,Mouse gamer de alto rendimiento,793.31,165,1,2026-01-15 10:00:00,2026-02-10 12:00:00
1173,P01173,Logitech G502 Hero presentacion familiar,Mouse gamer de alto rendimiento,779.41,50,1,2026-01-15 10:00:00,2026-02-10 12:00:00
1174,P01174,Cinsa Olla de presion 6L version estandar,Olla de presion de aluminio de 6 litros,928.71,200,1,2026-01-15 10:00:00,2026-02-10 12:00:00
1175,P01175,Gillette Mach3 color blanco,Rastrillo para afeitar con tres hojas,276.35,135,1,2026-01-15 10:00:00,2026-02-10 12:00:00
1176,P01176,Tefal Plancha Ultragliss edicion especial,Plancha de vapor para ropa,814.62,216,1,2026-01-15 10:00:00,2026-02-10 12:00:00
1177,P01177,Kingston NV2 1TB edicion especial,Unidad SSD NVMe M.2 de 1 TB,1496.42,240,1,2026-01-15 10:00:00,2026-02-10 12:00:00
1178,P01178,Colgate Total 12 version estandar,Pasta dental de proteccion integral,79.08,116,1,2026-01-15 10:00:00,2026-02-10 12:00:00
1179,P01179,Kingston NV2 1TB color negro,Unidad SSD NVMe M.2 de 1 TB,1165.19,208,1,2026-01-15 10:00:00,2026-02-10 12:00:00
1180,P01180,Sterilite Caja organizadora 40L color blanco,Caja plastica con tapa para almacenamiento,331.26,3,1,2026-01-15 10:00:00,2026-02-10 12:00:00
1181,P01181,Kingston NV2 1TB paquete con 2 piezas,Unidad SSD NVMe M.2 de 1 TB,1274.7,35,1,2026-01-15 10:00:00,2026-02-10 12:00:00
1182,P01182,Logitech G502 Hero paquete con 2 piezas,Mouse gamer de alto rendimiento,879.58,20,1,2026-01-15 10:00:00,2026-02-10 12:00:00
1183,P01183,Cinsa Olla de presion 6L version estandar,Olla de presion de aluminio de 6 litros,832.8,239,1,2026-01-15 10:00:00,2026-02-10 12:00:00
1184,P01184,Colgate Total 12 color blanco,Pasta dental de proteccion integral,98.46,236,1,2026-01-15 10:00:00,2026-02-10 12:00:00
1185,P01185,Cinsa Olla de presion 6L color blanco,Olla de presion de aluminio de 6 litros,1018.15,64,1,2026-01-15 10:00:00,2026-02-10 12:00:00
1186,P01186,JBL Go 4 color blanco,Bocina portatil Bluetooth,1109.17,141,1,2026-01-15 10:00:00,2026-02-10 12:00:00
1187,P01187,Nike Revolution 7 color blanco,Tenis deportivos para entrenamiento,1744.23,6,1,2026-01-15 10:00:00,2026-02-10 12:00:00
1188,P01188,Nike Revolution 7 presentacion familiar,Tenis deportivos para entrenamiento,1816.98,250,1,2026-01-15 10:00:00,2026-02-10 12:00:00
1189,P01189,Colgate Total 12 version estandar,Pasta dental de proteccion integral,62.07,146,1,2026-01-15 10:00:00,2026-02-10 12:00:00
1190,P01190,Colgate Total 12 paquete con 2 piezas,Pasta dental de proteccion integral,61.98,163,1,2026-01-15 10:00:00,2026-02-10 12:00:00
1191,P01191,Sterilite Caja organizadora 40L edicion especial,Caja plastica con tapa para almacenamiento,444.1,150,1,2026-01-15 10:00:00,2026-02-10 12:00:00
1192,P01192,Tefal Plancha Ultragliss modelo 2026,Plancha de vapor para ropa,1179.63,108,1,2026-01-15 10:00:00,2026-02-10 12:00:00
1193,P01193,Logitech G502 Hero modelo 2026,Mouse gamer de alto rendimiento,712.87,294,1,2026-01-15 10:00:00,2026-02-10 12:00:00
1194,P01194,Sterilite Caja organizadora 40L version estandar,Caja plastica con tapa para almacenamiento,275.22,209,1,2026-01-15 10:00:00,2026-02-10 12:00:00
1195,P01195,Gillette Mach3 version estandar,Rastrillo para afeitar con tres hojas,163.1,255,1,2026-01-15 10:00:00,2026-02-10 12:00:00
1196,P01196,JBL Go 4 edicion especial,Bocina portatil Bluetooth,1016.53,112,1,2026-01-15 10:00:00,2026-02-10 12:00:00
1197,P01197,Colgate Total 12 color blanco,Pasta dental de proteccion integral,50.07,154,1,2026-01-15 10:00:00,2026-02-10 12:00:00
1198,P01198,Sterilite Caja organizadora 40L version estandar,Caja plastica con tapa para almacenamiento,330.86,206,1,2026-01-15 10:00:00,2026-02-10 12:00:00
1199,P01199,SanDisk Ultra microSD 128GB modelo 2026,Tarjeta microSD de 128 GB,355.46,145,1,2026-01-15 10:00:00,2026-02-10 12:00:00
1200,P01200,Tefal Plancha Ultragliss color blanco,Plancha de vapor para ropa,887.13,92,1,2026-01-15 10:00:00,2026-02-10 12:00:00
1201,P01201,SanDisk Ultra microSD 128GB modelo 2026,Tarjeta microSD de 128 GB,358.31,73,1,2026-01-15 10:00:00,2026-02-10 12:00:00
1202,P01202,Gillette Mach3 edicion especial,Rastrillo para afeitar con tres hojas,155.26,94,1,2026-01-15 10:00:00,2026-02-10 12:00:00
1203,P01203,Gillette Mach3 edicion especial,Rastrillo para afeitar con tres hojas,211.22,88,1,2026-01-15 10:00:00,2026-02-10 12:00:00
1204,P01204,Cinsa Olla de presion 6L version estandar,Olla de presion de aluminio de 6 litros,846.1,88,1,2026-01-15 10:00:00,2026-02-10 12:00:00
1205,P01205,Cinsa Olla de presion 6L modelo 2026,Olla de presion de aluminio de 6 litros,1148.15,188,1,2026-01-15 10:00:00,2026-02-10 12:00:00
1206,P01206,Tefal Plancha Ultragliss edicion especial,Plancha de vapor para ropa,1053.43,183,1,2026-01-15 10:00:00,2026-02-10 12:00:00
1207,P01207,Cinsa Olla de presion 6L version estandar,Olla de presion de aluminio de 6 litros,1069.57,37,1,2026-01-15 10:00:00,2026-02-10 12:00:00
1208,P01208,Colgate Total 12 color negro,Pasta dental de proteccion integral,57.4,32,1,2026-01-15 10:00:00,2026-02-10 12:00:00
1209,P01209,Gillette Mach3 color negro,Rastrillo para afeitar con tres hojas,217.47,231,1,2026-01-15 10:00:00,2026-02-10 12:00:00
1210,P01210,Sterilite Caja organizadora 40L presentacion familiar,Caja plastica con tapa para almacenamiento,291.69,46,1,2026-01-15 10:00:00,2026-02-10 12:00:00
1211,P01211,Logitech G502 Hero modelo 2026,Mouse gamer de alto rendimiento,887.18,54,1,2026-01-15 10:00:00,2026-02-10 12:00:00
1212,P01212,Nike Revolution 7 paquete con 2 piezas,Tenis deportivos para entrenamiento,1866.23,275,1,2026-01-15 10:00:00,2026-02-10 12:00:00
1213,P01213,Tefal Plancha Ultragliss version estandar,Plancha de vapor para ropa,934.23,283,1,2026-01-15 10:00:00,2026-02-10 12:00:00
1214,P01214,Cinsa Olla de presion 6L modelo 2026,Olla de presion de aluminio de 6 litros,1083.64,289,1,2026-01-15 10:00:00,2026-02-10 12:00:00
1215,P01215,Gillette Mach3 presentacion familiar,Rastrillo para afeitar con tres hojas,168.37,198,1,2026-01-15 10:00:00,2026-02-10 12:00:00
1216,P01216,Sterilite Caja organizadora 40L color blanco,Caja plastica con tapa para almacenamiento,366.46,68,1,2026-01-15 10:00:00,2026-02-10 12:00:00
1217,P01217,SanDisk Ultra microSD 128GB version estandar,Tarjeta microSD de 128 GB,280.63,115,1,2026-01-15 10:00:00,2026-02-10 12:00:00
1218,P01218,Logitech G502 Hero version estandar,Mouse gamer de alto rendimiento,931.13,31,1,2026-01-15 10:00:00,2026-02-10 12:00:00
1219,P01219,Kingston NV2 1TB color negro,Unidad SSD NVMe M.2 de 1 TB,1348.35,273,1,2026-01-15 10:00:00,2026-02-10 12:00:00
1220,P01220,Logitech G502 Hero edicion especial,Mouse gamer de alto rendimiento,988.67,269,1,2026-01-15 10:00:00,2026-02-10 12:00:00
1221,P01221,Nike Revolution 7 color negro,Tenis deportivos para entrenamiento,1897.14,71,1,2026-01-15 10:00:00,2026-02-10 12:00:00
1222,P01222,JBL Go 4 paquete con 2 piezas,Bocina portatil Bluetooth,903.08,150,1,2026-01-15 10:00:00,2026-02-10 12:00:00
1223,P01223,Gillette Mach3 edicion especial,Rastrillo para afeitar con tres hojas,261.62,181,1,2026-01-15 10:00:00,2026-02-10 12:00:00
1224,P01224,Logitech G502 Hero modelo 2026,Mouse gamer de alto rendimiento,842.7,5,0,2026-01-15 10:00:00,2026-02-10 12:00:00
1225,P01225,Kingston NV2 1TB color negro,Unidad SSD NVMe M.2 de 1 TB,1294.49,7,0,2026-01-15 10:00:00,2026-02-10 12:00:00
1226,P01226,Logitech G502 Hero paquete con 2 piezas,Mouse gamer de alto rendimiento,1032.68,69,1,2026-01-15 10:00:00,2026-02-10 12:00:00
1227,P01227,Sterilite Caja organizadora 40L version estandar,Caja plastica con tapa para almacenamiento,423.54,240,1,2026-01-15 10:00:00,2026-02-10 12:00:00
1228,P01228,Logitech G502 Hero modelo 2026,Mouse gamer de alto rendimiento,855.91,68,1,2026-01-15 10:00:00,2026-02-10 12:00:00
1229,P01229,Nike Revolution 7 presentacion familiar,Tenis deportivos para entrenamiento,1740.67,128,1,2026-01-15 10:00:00,2026-02-10 12:00:00
1230,P01230,Sterilite Caja organizadora 40L paquete con 2 piezas,Caja plastica con tapa para almacenamiento,273.07,212,1,2026-01-15 10:00:00,2026-02-10 12:00:00
1231,P01231,SanDisk Ultra microSD 128GB edicion especial,Tarjeta microSD de 128 GB,340.22,293,1,2026-01-15 10:00:00,2026-02-10 12:00:00
1232,P01232,Cinsa Olla de presion 6L edicion especial,Olla de presion de aluminio de 6 litros,943.05,203,1,2026-01-15 10:00:00,2026-02-10 12:00:00
1233,P01233,Nike Revolution 7 color negro,Tenis deportivos para entrenamiento,1969.63,39,1,2026-01-15 10:00:00,2026-02-10 12:00:00
1234,P01234,Nike Revolution 7 modelo 2026,Tenis deportivos para entrenamiento,2048,107,1,2026-01-15 10:00:00,2026-02-10 12:00:00
1235,P01235,JBL Go 4 paquete con 2 piezas,Bocina portatil Bluetooth,1099.42,187,1,2026-01-15 10:00:00,2026-02-10 12:00:00
1236,P01236,Colgate Total 12 paquete con 2 piezas,Pasta dental de proteccion integral,74.64,51,1,2026-01-15 10:00:00,2026-02-10 12:00:00
1237,P01237,Kingston NV2 1TB modelo 2026,Unidad SSD NVMe M.2 de 1 TB,1433.32,95,1,2026-01-15 10:00:00,2026-02-10 12:00:00
1238,P01238,Colgate Total 12 modelo 2026,Pasta dental de proteccion integral,74.66,176,1,2026-01-15 10:00:00,2026-02-10 12:00:00
1239,P01239,Kingston NV2 1TB version estandar,Unidad SSD NVMe M.2 de 1 TB,1415.48,157,1,2026-01-15 10:00:00,2026-02-10 12:00:00
1240,P01240,Colgate Total 12 color blanco,Pasta dental de proteccion integral,52.6,52,1,2026-01-15 10:00:00,2026-02-10 12:00:00
1241,P01241,Gillette Mach3 paquete con 2 piezas,Rastrillo para afeitar con tres hojas,286.82,79,1,2026-01-15 10:00:00,2026-02-10 12:00:00
1242,P01242,Logitech G502 Hero paquete con 2 piezas,Mouse gamer de alto rendimiento,843.59,47,1,2026-01-15 10:00:00,2026-02-10 12:00:00
1243,P01243,Kingston NV2 1TB color blanco,Unidad SSD NVMe M.2 de 1 TB,1010.16,150,1,2026-01-15 10:00:00,2026-02-10 12:00:00
1244,P01244,Colgate Total 12 modelo 2026,Pasta dental de proteccion integral,54.99,11,1,2026-01-15 10:00:00,2026-02-10 12:00:00
1245,P01245,Logitech G502 Hero edicion especial,Mouse gamer de alto rendimiento,1003.65,146,1,2026-01-15 10:00:00,2026-02-10 12:00:00
1246,P01246,Colgate Total 12 presentacion familiar,Pasta dental de proteccion integral,50.12,88,1,2026-01-15 10:00:00,2026-02-10 12:00:00
1247,P01247,Kingston NV2 1TB presentacion familiar,Unidad SSD NVMe M.2 de 1 TB,1417.98,165,1,2026-01-15 10:00:00,2026-02-10 12:00:00
1248,P01248,Nike Revolution 7 paquete con 2 piezas,Tenis deportivos para entrenamiento,2022.82,165,1,2026-01-15 10:00:00,2026-02-10 12:00:00
1249,P01249,Cinsa Olla de presion 6L version estandar,Olla de presion de aluminio de 6 litros,1037.25,116,1,2026-01-15 10:00:00,2026-02-10 12:00:00
1250,P01250,SanDisk Ultra microSD 128GB paquete con 2 piezas,Tarjeta microSD de 128 GB,290.45,288,1,2026-01-15 10:00:00,2026-02-10 12:00:00
1251,P01251,SanDisk Ultra microSD 128GB modelo 2026,Tarjeta microSD de 128 GB,258.65,207,1,2026-01-15 10:00:00,2026-02-10 12:00:00
1252,P01252,Tefal Plancha Ultragliss color blanco,Plancha de vapor para ropa,1156.96,188,1,2026-01-15 10:00:00,2026-02-10 12:00:00
1253,P01253,Kingston NV2 1TB color negro,Unidad SSD NVMe M.2 de 1 TB,1280.77,54,1,2026-01-15 10:00:00,2026-02-10 12:00:00
1254,P01254,Gillette Mach3 edicion especial,Rastrillo para afeitar con tres hojas,226.65,296,1,2026-01-15 10:00:00,2026-02-10 12:00:00
1255,P01255,Kingston NV2 1TB modelo 2026,Unidad SSD NVMe M.2 de 1 TB,1014.77,246,1,2026-01-15 10:00:00,2026-02-10 12:00:00
1256,P01256,JBL Go 4 color negro,Bocina portatil Bluetooth,1023.12,300,1,2026-01-15 10:00:00,2026-02-10 12:00:00
1257,P01257,Kingston NV2 1TB edicion especial,Unidad SSD NVMe M.2 de 1 TB,1150.94,112,1,2026-01-15 10:00:00,2026-02-10 12:00:00
1258,P01258,Gillette Mach3 modelo 2026,Rastrillo para afeitar con tres hojas,251.52,220,1,2026-01-15 10:00:00,2026-02-10 12:00:00
1259,P01259,Cinsa Olla de presion 6L color negro,Olla de presion de aluminio de 6 litros,859.82,287,1,2026-01-15 10:00:00,2026-02-10 12:00:00
1260,P01260,Logitech G502 Hero version estandar,Mouse gamer de alto rendimiento,987.74,72,1,2026-01-15 10:00:00,2026-02-10 12:00:00
1261,P01261,Cinsa Olla de presion 6L paquete con 2 piezas,Olla de presion de aluminio de 6 litros,931.67,17,1,2026-01-15 10:00:00,2026-02-10 12:00:00
1262,P01262,Colgate Total 12 edicion especial,Pasta dental de proteccion integral,72.49,189,1,2026-01-15 10:00:00,2026-02-10 12:00:00
1263,P01263,Nike Revolution 7 modelo 2026,Tenis deportivos para entrenamiento,1622.04,223,1,2026-01-15 10:00:00,2026-02-10 12:00:00
1264,P01264,Cinsa Olla de presion 6L edicion especial,Olla de presion de aluminio de 6 litros,1014.49,158,1,2026-01-15 10:00:00,2026-02-10 12:00:00
1265,P01265,JBL Go 4 presentacion familiar,Bocina portatil Bluetooth,1078.92,30,1,2026-01-15 10:00:00,2026-02-10 12:00:00
1266,P01266,Colgate Total 12 edicion especial,Pasta dental de proteccion integral,77.43,153,1,2026-01-15 10:00:00,2026-02-10 12:00:00
1267,P01267,Cinsa Olla de presion 6L color negro,Olla de presion de aluminio de 6 litros,807.68,89,1,2026-01-15 10:00:00,2026-02-10 12:00:00
1268,P01268,JBL Go 4 edicion especial,Bocina portatil Bluetooth,900.99,270,1,2026-01-15 10:00:00,2026-02-10 12:00:00
1269,P01269,Nike Revolution 7 color negro,Tenis deportivos para entrenamiento,1939.69,63,1,2026-01-15 10:00:00,2026-02-10 12:00:00
1270,P01270,JBL Go 4 paquete con 2 piezas,Bocina portatil Bluetooth,1019.22,202,1,2026-01-15 10:00:00,2026-02-10 12:00:00
1271,P01271,Gillette Mach3 modelo 2026,Rastrillo para afeitar con tres hojas,234.02,141,1,2026-01-15 10:00:00,2026-02-10 12:00:00
1272,P01272,Tefal Plancha Ultragliss color blanco,Plancha de vapor para ropa,1013.91,213,1,2026-01-15 10:00:00,2026-02-10 12:00:00
1273,P01273,Kingston NV2 1TB modelo 2026,Unidad SSD NVMe M.2 de 1 TB,1277.4,278,1,2026-01-15 10:00:00,2026-02-10 12:00:00
1274,P01274,Nike Revolution 7 modelo 2026,Tenis deportivos para entrenamiento,1883.68,201,1,2026-01-15 10:00:00,2026-02-10 12:00:00
1275,P01275,Colgate Total 12 color negro,Pasta dental de proteccion integral,96.98,262,1,2026-01-15 10:00:00,2026-02-10 12:00:00
1276,P01276,Tefal Plancha Ultragliss paquete con 2 piezas,Plancha de vapor para ropa,885.12,77,1,2026-01-15 10:00:00,2026-02-10 12:00:00
1277,P01277,Colgate Total 12 paquete con 2 piezas,Pasta dental de proteccion integral,92.12,123,1,2026-01-15 10:00:00,2026-02-10 12:00:00
1278,P01278,Nike Revolution 7 version estandar,Tenis deportivos para entrenamiento,1531.97,45,1,2026-01-15 10:00:00,2026-02-10 12:00:00
1279,P01279,Sterilite Caja organizadora 40L color negro,Caja plastica con tapa para almacenamiento,220.19,6,1,2026-01-15 10:00:00,2026-02-10 12:00:00
1280,P01280,Gillette Mach3 color blanco,Rastrillo para afeitar con tres hojas,177.27,88,1,2026-01-15 10:00:00,2026-02-10 12:00:00
1281,P01281,SanDisk Ultra microSD 128GB presentacion familiar,Tarjeta microSD de 128 GB,369.06,0,0,2026-01-15 10:00:00,2026-02-10 12:00:00
1282,P01282,Gillette Mach3 paquete con 2 piezas,Rastrillo para afeitar con tres hojas,186.07,288,1,2026-01-15 10:00:00,2026-02-10 12:00:00
1283,P01283,Tefal Plancha Ultragliss modelo 2026,Plancha de vapor para ropa,924.65,128,1,2026-01-15 10:00:00,2026-02-10 12:00:00
1284,P01284,Cinsa Olla de presion 6L color blanco,Olla de presion de aluminio de 6 litros,983.68,91,1,2026-01-15 10:00:00,2026-02-10 12:00:00
1285,P01285,Nike Revolution 7 paquete con 2 piezas,Tenis deportivos para entrenamiento,1564.88,37,1,2026-01-15 10:00:00,2026-02-10 12:00:00
1286,P01286,Nike Revolution 7 color blanco,Tenis deportivos para entrenamiento,1904.39,121,1,2026-01-15 10:00:00,2026-02-10 12:00:00
1287,P01287,Cinsa Olla de presion 6L presentacion familiar,Olla de presion de aluminio de 6 litros,1014.44,158,1,2026-01-15 10:00:00,2026-02-10 12:00:00
1288,P01288,Sterilite Caja organizadora 40L modelo 2026,Caja plastica con tapa para almacenamiento,412.11,228,1,2026-01-15 10:00:00,2026-02-10 12:00:00
1289,P01289,Tefal Plancha Ultragliss paquete con 2 piezas,Plancha de vapor para ropa,848.39,126,1,2026-01-15 10:00:00,2026-02-10 12:00:00
1290,P01290,Kingston NV2 1TB edicion especial,Unidad SSD NVMe M.2 de 1 TB,1121.08,168,1,2026-01-15 10:00:00,2026-02-10 12:00:00
1291,P01291,Cinsa Olla de presion 6L color blanco,Olla de presion de aluminio de 6 litros,1110.07,116,1,2026-01-15 10:00:00,2026-02-10 12:00:00
1292,P01292,Nike Revolution 7 version estandar,Tenis deportivos para entrenamiento,1954.4,63,1,2026-01-15 10:00:00,2026-02-10 12:00:00
1293,P01293,Tefal Plancha Ultragliss modelo 2026,Plancha de vapor para ropa,884.17,213,1,2026-01-15 10:00:00,2026-02-10 12:00:00
1294,P01294,Gillette Mach3 paquete con 2 piezas,Rastrillo para afeitar con tres hojas,213.5,27,1,2026-01-15 10:00:00,2026-02-10 12:00:00
1295,P01295,Kingston NV2 1TB modelo 2026,Unidad SSD NVMe M.2 de 1 TB,1458.58,282,1,2026-01-15 10:00:00,2026-02-10 12:00:00
1296,P01296,Sterilite Caja organizadora 40L modelo 2026,Caja plastica con tapa para almacenamiento,261.8,290,1,2026-01-15 10:00:00,2026-02-10 12:00:00
1297,P01297,Nike Revolution 7 edicion especial,Tenis deportivos para entrenamiento,2095.57,266,1,2026-01-15 10:00:00,2026-02-10 12:00:00
1298,P01298,Sterilite Caja organizadora 40L presentacion familiar,Caja plastica con tapa para almacenamiento,211.75,102,1,2026-01-15 10:00:00,2026-02-10 12:00:00
1299,P01299,Gillette Mach3 edicion especial,Rastrillo para afeitar con tres hojas,293.44,6,0,2026-01-15 10:00:00,2026-02-10 12:00:00
1300,P01300,Cinsa Olla de presion 6L edicion especial,Olla de presion de aluminio de 6 litros,1130.66,133,1,2026-01-15 10:00:00,2026-02-10 12:00:00
1301,P01301,SanDisk Ultra microSD 128GB color blanco,Tarjeta microSD de 128 GB,258.06,112,1,2026-01-15 10:00:00,2026-02-10 12:00:00
1302,P01302,Cinsa Olla de presion 6L modelo 2026,Olla de presion de aluminio de 6 litros,963.21,245,1,2026-01-15 10:00:00,2026-02-10 12:00:00
1303,P01303,Gillette Mach3 paquete con 2 piezas,Rastrillo para afeitar con tres hojas,249.15,183,1,2026-01-15 10:00:00,2026-02-10 12:00:00
1304,P01304,SanDisk Ultra microSD 128GB color negro,Tarjeta microSD de 128 GB,318.36,186,1,2026-01-15 10:00:00,2026-02-10 12:00:00
1305,P01305,Nike Revolution 7 modelo 2026,Tenis deportivos para entrenamiento,1698.96,145,1,2026-01-15 10:00:00,2026-02-10 12:00:00
1306,P01306,Sterilite Caja organizadora 40L edicion especial,Caja plastica con tapa para almacenamiento,330.38,183,1,2026-01-15 10:00:00,2026-02-10 12:00:00
1307,P01307,Nike Revolution 7 modelo 2026,Tenis deportivos para entrenamiento,1889.38,63,1,2026-01-15 10:00:00,2026-02-10 12:00:00
1308,P01308,JBL Go 4 color blanco,Bocina portatil Bluetooth,909.52,8,0,2026-01-15 10:00:00,2026-02-10 12:00:00
1309,P01309,JBL Go 4 version estandar,Bocina portatil Bluetooth,1199.04,58,1,2026-01-15 10:00:00,2026-02-10 12:00:00
1310,P01310,Tefal Plancha Ultragliss modelo 2026,Plancha de vapor para ropa,1153.96,133,1,2026-01-15 10:00:00,2026-02-10 12:00:00
1311,P01311,Gillette Mach3 color negro,Rastrillo para afeitar con tres hojas,275.55,116,1,2026-01-15 10:00:00,2026-02-10 12:00:00
1312,P01312,Sterilite Caja organizadora 40L color negro,Caja plastica con tapa para almacenamiento,379.85,150,1,2026-01-15 10:00:00,2026-02-10 12:00:00
1313,P01313,JBL Go 4 version estandar,Bocina portatil Bluetooth,1147.38,85,1,2026-01-15 10:00:00,2026-02-10 12:00:00
1314,P01314,SanDisk Ultra microSD 128GB modelo 2026,Tarjeta microSD de 128 GB,379.14,133,1,2026-01-15 10:00:00,2026-02-10 12:00:00
1315,P01315,JBL Go 4 edicion especial,Bocina portatil Bluetooth,1079.78,33,1,2026-01-15 10:00:00,2026-02-10 12:00:00
1316,P01316,Cinsa Olla de presion 6L version estandar,Olla de presion de aluminio de 6 litros,841.69,53,1,2026-01-15 10:00:00,2026-02-10 12:00:00
1317,P01317,Colgate Total 12 edicion especial,Pasta dental de proteccion integral,90.37,117,1,2026-01-15 10:00:00,2026-02-10 12:00:00
1318,P01318,Sterilite Caja organizadora 40L version estandar,Caja plastica con tapa para almacenamiento,254.25,271,1,2026-01-15 10:00:00,2026-02-10 12:00:00
1319,P01319,SanDisk Ultra microSD 128GB presentacion familiar,Tarjeta microSD de 128 GB,353.62,224,1,2026-01-15 10:00:00,2026-02-10 12:00:00
1320,P01320,Colgate Total 12 paquete con 2 piezas,Pasta dental de proteccion integral,56.77,292,1,2026-01-15 10:00:00,2026-02-10 12:00:00
1321,P01321,Nike Revolution 7 modelo 2026,Tenis deportivos para entrenamiento,2199,171,1,2026-01-15 10:00:00,2026-02-10 12:00:00
1322,P01322,JBL Go 4 color negro,Bocina portatil Bluetooth,1199.17,245,1,2026-01-15 10:00:00,2026-02-10 12:00:00
1323,P01323,Tefal Plancha Ultragliss version estandar,Plancha de vapor para ropa,1099.79,26,1,2026-01-15 10:00:00,2026-02-10 12:00:00
1324,P01324,Kingston NV2 1TB color negro,Unidad SSD NVMe M.2 de 1 TB,1123.57,198,1,2026-01-15 10:00:00,2026-02-10 12:00:00
1325,P01325,Colgate Total 12 modelo 2026,Pasta dental de proteccion integral,87.65,64,1,2026-01-15 10:00:00,2026-02-10 12:00:00
1326,P01326,Logitech G502 Hero version estandar,Mouse gamer de alto rendimiento,1016.95,294,1,2026-01-15 10:00:00,2026-02-10 12:00:00
1327,P01327,Cinsa Olla de presion 6L color negro,Olla de presion de aluminio de 6 litros,1153.49,90,1,2026-01-15 10:00:00,2026-02-10 12:00:00
1328,P01328,Logitech G502 Hero presentacion familiar,Mouse gamer de alto rendimiento,1003.83,66,1,2026-01-15 10:00:00,2026-02-10 12:00:00
1329,P01329,SanDisk Ultra microSD 128GB edicion especial,Tarjeta microSD de 128 GB,291.36,145,1,2026-01-15 10:00:00,2026-02-10 12:00:00
1330,P01330,JBL Go 4 edicion especial,Bocina portatil Bluetooth,1209.58,267,1,2026-01-15 10:00:00,2026-02-10 12:00:00
1331,P01331,Sterilite Caja organizadora 40L color blanco,Caja plastica con tapa para almacenamiento,407.6,121,1,2026-01-15 10:00:00,2026-02-10 12:00:00
1332,P01332,Colgate Total 12 presentacion familiar,Pasta dental de proteccion integral,83.87,188,1,2026-01-15 10:00:00,2026-02-10 12:00:00
1333,P01333,Sterilite Caja organizadora 40L presentacion familiar,Caja plastica con tapa para almacenamiento,232.83,8,0,2026-01-15 10:00:00,2026-02-10 12:00:00
1334,P01334,Logitech G502 Hero presentacion familiar,Mouse gamer de alto rendimiento,903.58,276,1,2026-01-15 10:00:00,2026-02-10 12:00:00
1335,P01335,Gillette Mach3 edicion especial,Rastrillo para afeitar con tres hojas,253.16,259,1,2026-01-15 10:00:00,2026-02-10 12:00:00
1336,P01336,JBL Go 4 color negro,Bocina portatil Bluetooth,1078.19,163,1,2026-01-15 10:00:00,2026-02-10 12:00:00
1337,P01337,Tefal Plancha Ultragliss color negro,Plancha de vapor para ropa,1098.4,149,1,2026-01-15 10:00:00,2026-02-10 12:00:00
1338,P01338,Sterilite Caja organizadora 40L paquete con 2 piezas,Caja plastica con tapa para almacenamiento,219.84,266,1,2026-01-15 10:00:00,2026-02-10 12:00:00
1339,P01339,Nike Revolution 7 edicion especial,Tenis deportivos para entrenamiento,2141.65,149,1,2026-01-15 10:00:00,2026-02-10 12:00:00
1340,P01340,SanDisk Ultra microSD 128GB version estandar,Tarjeta microSD de 128 GB,251.44,12,1,2026-01-15 10:00:00,2026-02-10 12:00:00
1341,P01341,Kingston NV2 1TB edicion especial,Unidad SSD NVMe M.2 de 1 TB,1479.24,296,1,2026-01-15 10:00:00,2026-02-10 12:00:00
1342,P01342,Sterilite Caja organizadora 40L color negro,Caja plastica con tapa para almacenamiento,312.47,125,1,2026-01-15 10:00:00,2026-02-10 12:00:00
1343,P01343,Sterilite Caja organizadora 40L edicion especial,Caja plastica con tapa para almacenamiento,298.7,31,1,2026-01-15 10:00:00,2026-02-10 12:00:00
1344,P01344,Gillette Mach3 presentacion familiar,Rastrillo para afeitar con tres hojas,198.48,51,1,2026-01-15 10:00:00,2026-02-10 12:00:00
1345,P01345,SanDisk Ultra microSD 128GB color blanco,Tarjeta microSD de 128 GB,271.89,123,1,2026-01-15 10:00:00,2026-02-10 12:00:00
1346,P01346,Logitech G502 Hero presentacion familiar,Mouse gamer de alto rendimiento,712.32,237,1,2026-01-15 10:00:00,2026-02-10 12:00:00
1347,P01347,Gillette Mach3 paquete con 2 piezas,Rastrillo para afeitar con tres hojas,240.83,142,1,2026-01-15 10:00:00,2026-02-10 12:00:00
1348,P01348,Cinsa Olla de presion 6L presentacion familiar,Olla de presion de aluminio de 6 litros,1012.69,215,1,2026-01-15 10:00:00,2026-02-10 12:00:00
1349,P01349,JBL Go 4 modelo 2026,Bocina portatil Bluetooth,1141.8,282,1,2026-01-15 10:00:00,2026-02-10 12:00:00
1350,P01350,Nike Revolution 7 edicion especial,Tenis deportivos para entrenamiento,2067.79,234,1,2026-01-15 10:00:00,2026-02-10 12:00:00
1351,P01351,Kingston NV2 1TB version estandar,Unidad SSD NVMe M.2 de 1 TB,1364.93,59,1,2026-01-15 10:00:00,2026-02-10 12:00:00
1352,P01352,Nike Revolution 7 color blanco,Tenis deportivos para entrenamiento,2058.31,252,1,2026-01-15 10:00:00,2026-02-10 12:00:00
1353,P01353,Cinsa Olla de presion 6L color negro,Olla de presion de aluminio de 6 litros,845.05,158,1,2026-01-15 10:00:00,2026-02-10 12:00:00
1354,P01354,Cinsa Olla de presion 6L modelo 2026,Olla de presion de aluminio de 6 litros,843.44,38,1,2026-01-15 10:00:00,2026-02-10 12:00:00
1355,P01355,JBL Go 4 paquete con 2 piezas,Bocina portatil Bluetooth,1272.94,177,1,2026-01-15 10:00:00,2026-02-10 12:00:00
1356,P01356,Cinsa Olla de presion 6L color blanco,Olla de presion de aluminio de 6 litros,908,227,1,2026-01-15 10:00:00,2026-02-10 12:00:00
1357,P01357,Gillette Mach3 modelo 2026,Rastrillo para afeitar con tres hojas,252.47,131,1,2026-01-15 10:00:00,2026-02-10 12:00:00
1358,P01358,JBL Go 4 version estandar,Bocina portatil Bluetooth,1022.11,278,1,2026-01-15 10:00:00,2026-02-10 12:00:00
1359,P01359,Gillette Mach3 version estandar,Rastrillo para afeitar con tres hojas,171.45,180,1,2026-01-15 10:00:00,2026-02-10 12:00:00
1360,P01360,JBL Go 4 color negro,Bocina portatil Bluetooth,1275.47,23,1,2026-01-15 10:00:00,2026-02-10 12:00:00
1361,P01361,SanDisk Ultra microSD 128GB color negro,Tarjeta microSD de 128 GB,302.6,120,1,2026-01-15 10:00:00,2026-02-10 12:00:00
1362,P01362,Nike Revolution 7 presentacion familiar,Tenis deportivos para entrenamiento,1890.5,247,1,2026-01-15 10:00:00,2026-02-10 12:00:00
1363,P01363,Tefal Plancha Ultragliss edicion especial,Plancha de vapor para ropa,985.16,208,1,2026-01-15 10:00:00,2026-02-10 12:00:00
1364,P01364,Tefal Plancha Ultragliss paquete con 2 piezas,Plancha de vapor para ropa,1054.05,87,1,2026-01-15 10:00:00,2026-02-10 12:00:00
1365,P01365,Gillette Mach3 color blanco,Rastrillo para afeitar con tres hojas,174.95,51,1,2026-01-15 10:00:00,2026-02-10 12:00:00
1366,P01366,Kingston NV2 1TB version estandar,Unidad SSD NVMe M.2 de 1 TB,1207.99,222,1,2026-01-15 10:00:00,2026-02-10 12:00:00
1367,P01367,JBL Go 4 paquete con 2 piezas,Bocina portatil Bluetooth,1090.99,238,1,2026-01-15 10:00:00,2026-02-10 12:00:00
1368,P01368,JBL Go 4 edicion especial,Bocina portatil Bluetooth,1190.3,194,1,2026-01-15 10:00:00,2026-02-10 12:00:00
1369,P01369,Kingston NV2 1TB color negro,Unidad SSD NVMe M.2 de 1 TB,1122.21,113,1,2026-01-15 10:00:00,2026-02-10 12:00:00
1370,P01370,Colgate Total 12 color blanco,Pasta dental de proteccion integral,92.83,8,0,2026-01-15 10:00:00,2026-02-10 12:00:00
1371,P01371,Nike Revolution 7 color blanco,Tenis deportivos para entrenamiento,2160.85,277,1,2026-01-15 10:00:00,2026-02-10 12:00:00
1372,P01372,Colgate Total 12 version estandar,Pasta dental de proteccion integral,91.41,220,1,2026-01-15 10:00:00,2026-02-10 12:00:00
1373,P01373,Nike Revolution 7 edicion especial,Tenis deportivos para entrenamiento,1798.22,200,1,2026-01-15 10:00:00,2026-02-10 12:00:00
1374,P01374,Sterilite Caja organizadora 40L color negro,Caja plastica con tapa para almacenamiento,446.58,105,1,2026-01-15 10:00:00,2026-02-10 12:00:00
1375,P01375,Colgate Total 12 color blanco,Pasta dental de proteccion integral,85.5,158,1,2026-01-15 10:00:00,2026-02-10 12:00:00
1376,P01376,Sterilite Caja organizadora 40L version estandar,Caja plastica con tapa para almacenamiento,207.84,226,1,2026-01-15 10:00:00,2026-02-10 12:00:00
1377,P01377,Nike Revolution 7 edicion especial,Tenis deportivos para entrenamiento,1971.18,294,1,2026-01-15 10:00:00,2026-02-10 12:00:00
1378,P01378,Kingston NV2 1TB modelo 2026,Unidad SSD NVMe M.2 de 1 TB,1094.71,35,1,2026-01-15 10:00:00,2026-02-10 12:00:00
1379,P01379,Cinsa Olla de presion 6L presentacion familiar,Olla de presion de aluminio de 6 litros,972.62,138,1,2026-01-15 10:00:00,2026-02-10 12:00:00
1380,P01380,JBL Go 4 color negro,Bocina portatil Bluetooth,1232.13,238,1,2026-01-15 10:00:00,2026-02-10 12:00:00
1381,P01381,Colgate Total 12 presentacion familiar,Pasta dental de proteccion integral,80.21,291,1,2026-01-15 10:00:00,2026-02-10 12:00:00
1382,P01382,Kingston NV2 1TB color blanco,Unidad SSD NVMe M.2 de 1 TB,1231.74,21,1,2026-01-15 10:00:00,2026-02-10 12:00:00
1383,P01383,Kingston NV2 1TB presentacion familiar,Unidad SSD NVMe M.2 de 1 TB,1006.98,274,1,2026-01-15 10:00:00,2026-02-10 12:00:00
1384,P01384,Cinsa Olla de presion 6L edicion especial,Olla de presion de aluminio de 6 litros,941.88,148,1,2026-01-15 10:00:00,2026-02-10 12:00:00
1385,P01385,Nike Revolution 7 paquete con 2 piezas,Tenis deportivos para entrenamiento,1571.87,44,1,2026-01-15 10:00:00,2026-02-10 12:00:00
1386,P01386,Sterilite Caja organizadora 40L color negro,Caja plastica con tapa para almacenamiento,318.32,55,1,2026-01-15 10:00:00,2026-02-10 12:00:00
1387,P01387,SanDisk Ultra microSD 128GB version estandar,Tarjeta microSD de 128 GB,329.06,216,1,2026-01-15 10:00:00,2026-02-10 12:00:00
1388,P01388,SanDisk Ultra microSD 128GB edicion especial,Tarjeta microSD de 128 GB,381.9,238,1,2026-01-15 10:00:00,2026-02-10 12:00:00
1389,P01389,Cinsa Olla de presion 6L color blanco,Olla de presion de aluminio de 6 litros,1151.21,212,1,2026-01-15 10:00:00,2026-02-10 12:00:00
1390,P01390,Sterilite Caja organizadora 40L presentacion familiar,Caja plastica con tapa para almacenamiento,313.19,252,1,2026-01-15 10:00:00,2026-02-10 12:00:00
1391,P01391,Logitech G502 Hero modelo 2026,Mouse gamer de alto rendimiento,987.51,69,1,2026-01-15 10:00:00,2026-02-10 12:00:00
1392,P01392,Colgate Total 12 paquete con 2 piezas,Pasta dental de proteccion integral,98.57,191,1,2026-01-15 10:00:00,2026-02-10 12:00:00
1393,P01393,Colgate Total 12 color blanco,Pasta dental de proteccion integral,79.58,84,1,2026-01-15 10:00:00,2026-02-10 12:00:00
1394,P01394,Sterilite Caja organizadora 40L modelo 2026,Caja plastica con tapa para almacenamiento,218.04,240,1,2026-01-15 10:00:00,2026-02-10 12:00:00
1395,P01395,Tefal Plancha Ultragliss version estandar,Plancha de vapor para ropa,1046.65,298,1,2026-01-15 10:00:00,2026-02-10 12:00:00
1396,P01396,JBL Go 4 color negro,Bocina portatil Bluetooth,1187.28,220,1,2026-01-15 10:00:00,2026-02-10 12:00:00
1397,P01397,Cinsa Olla de presion 6L paquete con 2 piezas,Olla de presion de aluminio de 6 litros,1114.55,69,1,2026-01-15 10:00:00,2026-02-10 12:00:00
1398,P01398,Colgate Total 12 modelo 2026,Pasta dental de proteccion integral,86.51,242,1,2026-01-15 10:00:00,2026-02-10 12:00:00
1399,P01399,Sterilite Caja organizadora 40L paquete con 2 piezas,Caja plastica con tapa para almacenamiento,237.32,36,1,2026-01-15 10:00:00,2026-02-10 12:00:00
1400,P01400,Cinsa Olla de presion 6L paquete con 2 piezas,Olla de presion de aluminio de 6 litros,1012.98,22,1,2026-01-15 10:00:00,2026-02-10 12:00:00
1401,P01401,SanDisk Ultra microSD 128GB color blanco,Tarjeta microSD de 128 GB,253.69,124,1,2026-01-15 10:00:00,2026-02-10 12:00:00
1402,P01402,Logitech G502 Hero modelo 2026,Mouse gamer de alto rendimiento,731.3,134,1,2026-01-15 10:00:00,2026-02-10 12:00:00
1403,P01403,Nike Revolution 7 presentacion familiar,Tenis deportivos para entrenamiento,1583.77,103,1,2026-01-15 10:00:00,2026-02-10 12:00:00
1404,P01404,JBL Go 4 edicion especial,Bocina portatil Bluetooth,1054.8,76,1,2026-01-15 10:00:00,2026-02-10 12:00:00
1405,P01405,Nike Revolution 7 color blanco,Tenis deportivos para entrenamiento,1560.1,130,1,2026-01-15 10:00:00,2026-02-10 12:00:00
1406,P01406,JBL Go 4 color negro,Bocina portatil Bluetooth,906.01,13,1,2026-01-15 10:00:00,2026-02-10 12:00:00
1407,P01407,Kingston NV2 1TB color negro,Unidad SSD NVMe M.2 de 1 TB,1270.73,135,1,2026-01-15 10:00:00,2026-02-10 12:00:00
1408,P01408,Tefal Plancha Ultragliss color blanco,Plancha de vapor para ropa,1066.07,104,1,2026-01-15 10:00:00,2026-02-10 12:00:00
1409,P01409,Nike Revolution 7 edicion especial,Tenis deportivos para entrenamiento,1958.55,169,1,2026-01-15 10:00:00,2026-02-10 12:00:00
1410,P01410,Sterilite Caja organizadora 40L version estandar,Caja plastica con tapa para almacenamiento,399.06,164,1,2026-01-15 10:00:00,2026-02-10 12:00:00
1411,P01411,Cinsa Olla de presion 6L version estandar,Olla de presion de aluminio de 6 litros,954.74,163,1,2026-01-15 10:00:00,2026-02-10 12:00:00
1412,P01412,Tefal Plancha Ultragliss version estandar,Plancha de vapor para ropa,942.77,83,1,2026-01-15 10:00:00,2026-02-10 12:00:00
1413,P01413,Nike Revolution 7 color blanco,Tenis deportivos para entrenamiento,1665.31,43,1,2026-01-15 10:00:00,2026-02-10 12:00:00
1414,P01414,Cinsa Olla de presion 6L presentacion familiar,Olla de presion de aluminio de 6 litros,1034.24,179,1,2026-01-15 10:00:00,2026-02-10 12:00:00
1415,P01415,Nike Revolution 7 color blanco,Tenis deportivos para entrenamiento,1644.61,44,1,2026-01-15 10:00:00,2026-02-10 12:00:00
1416,P01416,Gillette Mach3 modelo 2026,Rastrillo para afeitar con tres hojas,286.9,268,1,2026-01-15 10:00:00,2026-02-10 12:00:00
1417,P01417,JBL Go 4 color negro,Bocina portatil Bluetooth,1082.7,272,1,2026-01-15 10:00:00,2026-02-10 12:00:00
1418,P01418,Nike Revolution 7 color negro,Tenis deportivos para entrenamiento,1874.43,174,1,2026-01-15 10:00:00,2026-02-10 12:00:00
1419,P01419,Cinsa Olla de presion 6L edicion especial,Olla de presion de aluminio de 6 litros,915.98,44,1,2026-01-15 10:00:00,2026-02-10 12:00:00
1420,P01420,SanDisk Ultra microSD 128GB edicion especial,Tarjeta microSD de 128 GB,327.64,247,1,2026-01-15 10:00:00,2026-02-10 12:00:00
1421,P01421,JBL Go 4 paquete con 2 piezas,Bocina portatil Bluetooth,1130.1,192,1,2026-01-15 10:00:00,2026-02-10 12:00:00
1422,P01422,Sterilite Caja organizadora 40L edicion especial,Caja plastica con tapa para almacenamiento,247.66,236,1,2026-01-15 10:00:00,2026-02-10 12:00:00
1423,P01423,Logitech G502 Hero presentacion familiar,Mouse gamer de alto rendimiento,975.4,223,1,2026-01-15 10:00:00,2026-02-10 12:00:00
1424,P01424,Gillette Mach3 modelo 2026,Rastrillo para afeitar con tres hojas,223.48,155,1,2026-01-15 10:00:00,2026-02-10 12:00:00
1425,P01425,JBL Go 4 edicion especial,Bocina portatil Bluetooth,950.97,227,1,2026-01-15 10:00:00,2026-02-10 12:00:00
1426,P01426,Logitech G502 Hero edicion especial,Mouse gamer de alto rendimiento,888.71,15,1,2026-01-15 10:00:00,2026-02-10 12:00:00
1427,P01427,SanDisk Ultra microSD 128GB modelo 2026,Tarjeta microSD de 128 GB,393.12,185,1,2026-01-15 10:00:00,2026-02-10 12:00:00
1428,P01428,Nike Revolution 7 edicion especial,Tenis deportivos para entrenamiento,1669.36,120,1,2026-01-15 10:00:00,2026-02-10 12:00:00
1429,P01429,JBL Go 4 version estandar,Bocina portatil Bluetooth,1186.97,238,1,2026-01-15 10:00:00,2026-02-10 12:00:00
1430,P01430,Gillette Mach3 paquete con 2 piezas,Rastrillo para afeitar con tres hojas,176.3,269,1,2026-01-15 10:00:00,2026-02-10 12:00:00
1431,P01431,Tefal Plancha Ultragliss modelo 2026,Plancha de vapor para ropa,1179.88,224,1,2026-01-15 10:00:00,2026-02-10 12:00:00
1432,P01432,Cinsa Olla de presion 6L color negro,Olla de presion de aluminio de 6 litros,993.31,163,1,2026-01-15 10:00:00,2026-02-10 12:00:00
1433,P01433,Gillette Mach3 color negro,Rastrillo para afeitar con tres hojas,257.99,258,1,2026-01-15 10:00:00,2026-02-10 12:00:00
1434,P01434,SanDisk Ultra microSD 128GB color negro,Tarjeta microSD de 128 GB,383.79,294,1,2026-01-15 10:00:00,2026-02-10 12:00:00
1435,P01435,Sterilite Caja organizadora 40L edicion especial,Caja plastica con tapa para almacenamiento,269.59,18,1,2026-01-15 10:00:00,2026-02-10 12:00:00
1436,P01436,Tefal Plancha Ultragliss modelo 2026,Plancha de vapor para ropa,1190.41,156,1,2026-01-15 10:00:00,2026-02-10 12:00:00
1437,P01437,Nike Revolution 7 version estandar,Tenis deportivos para entrenamiento,1696.46,214,1,2026-01-15 10:00:00,2026-02-10 12:00:00
1438,P01438,Logitech G502 Hero modelo 2026,Mouse gamer de alto rendimiento,885.79,46,1,2026-01-15 10:00:00,2026-02-10 12:00:00
1439,P01439,SanDisk Ultra microSD 128GB paquete con 2 piezas,Tarjeta microSD de 128 GB,275.72,78,1,2026-01-15 10:00:00,2026-02-10 12:00:00
1440,P01440,Tefal Plancha Ultragliss color negro,Plancha de vapor para ropa,1166.65,170,1,2026-01-15 10:00:00,2026-02-10 12:00:00
1441,P01441,Cinsa Olla de presion 6L version estandar,Olla de presion de aluminio de 6 litros,1027.26,10,1,2026-01-15 10:00:00,2026-02-10 12:00:00
1442,P01442,SanDisk Ultra microSD 128GB presentacion familiar,Tarjeta microSD de 128 GB,354.69,148,1,2026-01-15 10:00:00,2026-02-10 12:00:00
1443,P01443,Sterilite Caja organizadora 40L presentacion familiar,Caja plastica con tapa para almacenamiento,332.06,299,1,2026-01-15 10:00:00,2026-02-10 12:00:00
1444,P01444,Cinsa Olla de presion 6L version estandar,Olla de presion de aluminio de 6 litros,803.72,208,1,2026-01-15 10:00:00,2026-02-10 12:00:00
1445,P01445,JBL Go 4 color blanco,Bocina portatil Bluetooth,1239.57,154,1,2026-01-15 10:00:00,2026-02-10 12:00:00
1446,P01446,Sterilite Caja organizadora 40L modelo 2026,Caja plastica con tapa para almacenamiento,288.12,93,1,2026-01-15 10:00:00,2026-02-10 12:00:00
1447,P01447,Tefal Plancha Ultragliss edicion especial,Plancha de vapor para ropa,845.14,178,1,2026-01-15 10:00:00,2026-02-10 12:00:00
1448,P01448,Colgate Total 12 edicion especial,Pasta dental de proteccion integral,53.35,182,1,2026-01-15 10:00:00,2026-02-10 12:00:00
1449,P01449,Sterilite Caja organizadora 40L color blanco,Caja plastica con tapa para almacenamiento,238.59,1,1,2026-01-15 10:00:00,2026-02-10 12:00:00
1450,P01450,Nike Revolution 7 edicion especial,Tenis deportivos para entrenamiento,1661.18,175,1,2026-01-15 10:00:00,2026-02-10 12:00:00
1451,P01451,Kingston NV2 1TB paquete con 2 piezas,Unidad SSD NVMe M.2 de 1 TB,1347.05,281,1,2026-01-15 10:00:00,2026-02-10 12:00:00
1452,P01452,Cinsa Olla de presion 6L paquete con 2 piezas,Olla de presion de aluminio de 6 litros,1161.21,48,1,2026-01-15 10:00:00,2026-02-10 12:00:00
1453,P01453,Tefal Plancha Ultragliss presentacion familiar,Plancha de vapor para ropa,1118.21,20,1,2026-01-15 10:00:00,2026-02-10 12:00:00
1454,P01454,Gillette Mach3 version estandar,Rastrillo para afeitar con tres hojas,269.97,64,1,2026-01-15 10:00:00,2026-02-10 12:00:00
1455,P01455,Sterilite Caja organizadora 40L paquete con 2 piezas,Caja plastica con tapa para almacenamiento,411.23,284,1,2026-01-15 10:00:00,2026-02-10 12:00:00
1456,P01456,Cinsa Olla de presion 6L color blanco,Olla de presion de aluminio de 6 litros,904.26,281,1,2026-01-15 10:00:00,2026-02-10 12:00:00
1457,P01457,Logitech G502 Hero paquete con 2 piezas,Mouse gamer de alto rendimiento,791.04,52,1,2026-01-15 10:00:00,2026-02-10 12:00:00
1458,P01458,Gillette Mach3 color negro,Rastrillo para afeitar con tres hojas,244.42,149,1,2026-01-15 10:00:00,2026-02-10 12:00:00
1459,P01459,Colgate Total 12 color blanco,Pasta dental de proteccion integral,77.62,126,1,2026-01-15 10:00:00,2026-02-10 12:00:00
1460,P01460,Colgate Total 12 version estandar,Pasta dental de proteccion integral,70.42,100,1,2026-01-15 10:00:00,2026-02-10 12:00:00
1461,P01461,Kingston NV2 1TB edicion especial,Unidad SSD NVMe M.2 de 1 TB,1033.54,122,1,2026-01-15 10:00:00,2026-02-10 12:00:00
1462,P01462,Kingston NV2 1TB edicion especial,Unidad SSD NVMe M.2 de 1 TB,1329.33,146,1,2026-01-15 10:00:00,2026-02-10 12:00:00
1463,P01463,SanDisk Ultra microSD 128GB color negro,Tarjeta microSD de 128 GB,282.01,195,1,2026-01-15 10:00:00,2026-02-10 12:00:00
1464,P01464,Tefal Plancha Ultragliss version estandar,Plancha de vapor para ropa,990.5,107,1,2026-01-15 10:00:00,2026-02-10 12:00:00
1465,P01465,Logitech G502 Hero color negro,Mouse gamer de alto rendimiento,705.71,262,1,2026-01-15 10:00:00,2026-02-10 12:00:00
1466,P01466,Logitech G502 Hero color negro,Mouse gamer de alto rendimiento,763.45,244,1,2026-01-15 10:00:00,2026-02-10 12:00:00
1467,P01467,JBL Go 4 version estandar,Bocina portatil Bluetooth,1079.62,37,1,2026-01-15 10:00:00,2026-02-10 12:00:00
1468,P01468,Nike Revolution 7 version estandar,Tenis deportivos para entrenamiento,1890.11,106,1,2026-01-15 10:00:00,2026-02-10 12:00:00
1469,P01469,Sterilite Caja organizadora 40L edicion especial,Caja plastica con tapa para almacenamiento,383.47,203,1,2026-01-15 10:00:00,2026-02-10 12:00:00
1470,P01470,Sterilite Caja organizadora 40L color negro,Caja plastica con tapa para almacenamiento,365.9,115,1,2026-01-15 10:00:00,2026-02-10 12:00:00
1471,P01471,Colgate Total 12 color negro,Pasta dental de proteccion integral,91.02,64,1,2026-01-15 10:00:00,2026-02-10 12:00:00
1472,P01472,Tefal Plancha Ultragliss color blanco,Plancha de vapor para ropa,1162.69,99,1,2026-01-15 10:00:00,2026-02-10 12:00:00
1473,P01473,JBL Go 4 paquete con 2 piezas,Bocina portatil Bluetooth,1094.71,270,1,2026-01-15 10:00:00,2026-02-10 12:00:00
1474,P01474,SanDisk Ultra microSD 128GB edicion especial,Tarjeta microSD de 128 GB,303.44,144,1,2026-01-15 10:00:00,2026-02-10 12:00:00
1475,P01475,Kingston NV2 1TB paquete con 2 piezas,Unidad SSD NVMe M.2 de 1 TB,1482.93,292,1,2026-01-15 10:00:00,2026-02-10 12:00:00
1476,P01476,Gillette Mach3 edicion especial,Rastrillo para afeitar con tres hojas,245.57,293,1,2026-01-15 10:00:00,2026-02-10 12:00:00
1477,P01477,Kingston NV2 1TB color blanco,Unidad SSD NVMe M.2 de 1 TB,1453.79,23,1,2026-01-15 10:00:00,2026-02-10 12:00:00
1478,P01478,Tefal Plancha Ultragliss color negro,Plancha de vapor para ropa,1025.89,23,1,2026-01-15 10:00:00,2026-02-10 12:00:00
1479,P01479,Gillette Mach3 modelo 2026,Rastrillo para afeitar con tres hojas,187.21,70,1,2026-01-15 10:00:00,2026-02-10 12:00:00
1480,P01480,Logitech G502 Hero color blanco,Mouse gamer de alto rendimiento,807.98,139,1,2026-01-15 10:00:00,2026-02-10 12:00:00
1481,P01481,SanDisk Ultra microSD 128GB presentacion familiar,Tarjeta microSD de 128 GB,350.45,197,1,2026-01-15 10:00:00,2026-02-10 12:00:00
1482,P01482,Nike Revolution 7 modelo 2026,Tenis deportivos para entrenamiento,2195.48,62,1,2026-01-15 10:00:00,2026-02-10 12:00:00
1483,P01483,Cinsa Olla de presion 6L paquete con 2 piezas,Olla de presion de aluminio de 6 litros,962.62,161,1,2026-01-15 10:00:00,2026-02-10 12:00:00
1484,P01484,Nike Revolution 7 modelo 2026,Tenis deportivos para entrenamiento,1705.7,27,1,2026-01-15 10:00:00,2026-02-10 12:00:00
1485,P01485,Cinsa Olla de presion 6L color negro,Olla de presion de aluminio de 6 litros,1192.23,204,1,2026-01-15 10:00:00,2026-02-10 12:00:00
1486,P01486,Gillette Mach3 color negro,Rastrillo para afeitar con tres hojas,266.91,197,1,2026-01-15 10:00:00,2026-02-10 12:00:00
1487,P01487,Colgate Total 12 version estandar,Pasta dental de proteccion integral,90.19,219,1,2026-01-15 10:00:00,2026-02-10 12:00:00
1488,P01488,Kingston NV2 1TB presentacion familiar,Unidad SSD NVMe M.2 de 1 TB,1286.98,97,1,2026-01-15 10:00:00,2026-02-10 12:00:00
1489,P01489,Logitech G502 Hero edicion especial,Mouse gamer de alto rendimiento,931.35,292,1,2026-01-15 10:00:00,2026-02-10 12:00:00
1490,P01490,Nike Revolution 7 color blanco,Tenis deportivos para entrenamiento,1555.65,173,1,2026-01-15 10:00:00,2026-02-10 12:00:00
1491,P01491,Nike Revolution 7 modelo 2026,Tenis deportivos para entrenamiento,2145.74,90,1,2026-01-15 10:00:00,2026-02-10 12:00:00
1492,P01492,SanDisk Ultra microSD 128GB presentacion familiar,Tarjeta microSD de 128 GB,278.6,121,1,2026-01-15 10:00:00,2026-02-10 12:00:00
1493,P01493,SanDisk Ultra microSD 128GB paquete con 2 piezas,Tarjeta microSD de 128 GB,269.74,18,1,2026-01-15 10:00:00,2026-02-10 12:00:00
1494,P01494,Logitech G502 Hero modelo 2026,Mouse gamer de alto rendimiento,856.13,169,1,2026-01-15 10:00:00,2026-02-10 12:00:00
1495,P01495,SanDisk Ultra microSD 128GB presentacion familiar,Tarjeta microSD de 128 GB,253.85,146,1,2026-01-15 10:00:00,2026-02-10 12:00:00
1496,P01496,Nike Revolution 7 paquete con 2 piezas,Tenis deportivos para entrenamiento,2144.52,10,1,2026-01-15 10:00:00,2026-02-10 12:00:00
1497,P01497,Gillette Mach3 edicion especial,Rastrillo para afeitar con tres hojas,207.58,34,1,2026-01-15 10:00:00,2026-02-10 12:00:00
1498,P01498,SanDisk Ultra microSD 128GB paquete con 2 piezas,Tarjeta microSD de 128 GB,268.32,230,1,2026-01-15 10:00:00,2026-02-10 12:00:00
1499,P01499,JBL Go 4 color negro,Bocina portatil Bluetooth,1048.69,272,1,2026-01-15 10:00:00,2026-02-10 12:00:00
1500,P01500,JBL Go 4 paquete con 2 piezas,Bocina portatil Bluetooth,1140.81,65,1,2026-01-15 10:00:00,2026-02-10 12:00:00
1501,P01501,JBL Go 4 version estandar,Bocina portatil Bluetooth,951.64,297,1,2026-01-15 10:00:00,2026-02-10 12:00:00
1502,P01502,Tefal Plancha Ultragliss version estandar,Plancha de vapor para ropa,958.66,34,1,2026-01-15 10:00:00,2026-02-10 12:00:00
1503,P01503,Gillette Mach3 modelo 2026,Rastrillo para afeitar con tres hojas,277.61,287,1,2026-01-15 10:00:00,2026-02-10 12:00:00
1504,P01504,Tefal Plancha Ultragliss color negro,Plancha de vapor para ropa,1040.76,234,1,2026-01-15 10:00:00,2026-02-10 12:00:00
1505,P01505,Nike Revolution 7 modelo 2026,Tenis deportivos para entrenamiento,1717.99,143,1,2026-01-15 10:00:00,2026-02-10 12:00:00
1506,P01506,Nike Revolution 7 version estandar,Tenis deportivos para entrenamiento,1511.04,280,1,2026-01-15 10:00:00,2026-02-10 12:00:00
1507,P01507,Gillette Mach3 version estandar,Rastrillo para afeitar con tres hojas,233.84,233,1,2026-01-15 10:00:00,2026-02-10 12:00:00
1508,P01508,Gillette Mach3 modelo 2026,Rastrillo para afeitar con tres hojas,278.79,226,1,2026-01-15 10:00:00,2026-02-10 12:00:00
1509,P01509,JBL Go 4 paquete con 2 piezas,Bocina portatil Bluetooth,1081.52,262,1,2026-01-15 10:00:00,2026-02-10 12:00:00
1510,P01510,Sterilite Caja organizadora 40L presentacion familiar,Caja plastica con tapa para almacenamiento,241.31,216,1,2026-01-15 10:00:00,2026-02-10 12:00:00
1511,P01511,Cinsa Olla de presion 6L paquete con 2 piezas,Olla de presion de aluminio de 6 litros,839.75,206,1,2026-01-15 10:00:00,2026-02-10 12:00:00
1512,P01512,SanDisk Ultra microSD 128GB paquete con 2 piezas,Tarjeta microSD de 128 GB,276.03,206,1,2026-01-15 10:00:00,2026-02-10 12:00:00
1513,P01513,Kingston NV2 1TB modelo 2026,Unidad SSD NVMe M.2 de 1 TB,1009.43,257,1,2026-01-15 10:00:00,2026-02-10 12:00:00
1514,P01514,Logitech G502 Hero presentacion familiar,Mouse gamer de alto rendimiento,864.38,33,1,2026-01-15 10:00:00,2026-02-10 12:00:00
1515,P01515,SanDisk Ultra microSD 128GB paquete con 2 piezas,Tarjeta microSD de 128 GB,396.91,65,1,2026-01-15 10:00:00,2026-02-10 12:00:00
1516,P01516,Nike Revolution 7 modelo 2026,Tenis deportivos para entrenamiento,1566.51,107,1,2026-01-15 10:00:00,2026-02-10 12:00:00
1517,P01517,Sterilite Caja organizadora 40L presentacion familiar,Caja plastica con tapa para almacenamiento,333.22,98,1,2026-01-15 10:00:00,2026-02-10 12:00:00
1518,P01518,Kingston NV2 1TB color negro,Unidad SSD NVMe M.2 de 1 TB,1493.75,253,1,2026-01-15 10:00:00,2026-02-10 12:00:00
1519,P01519,JBL Go 4 modelo 2026,Bocina portatil Bluetooth,1028.59,161,1,2026-01-15 10:00:00,2026-02-10 12:00:00
1520,P01520,Cinsa Olla de presion 6L version estandar,Olla de presion de aluminio de 6 litros,1023.75,253,1,2026-01-15 10:00:00,2026-02-10 12:00:00
1521,P01521,Cinsa Olla de presion 6L color blanco,Olla de presion de aluminio de 6 litros,1025.87,128,1,2026-01-15 10:00:00,2026-02-10 12:00:00
1522,P01522,Colgate Total 12 presentacion familiar,Pasta dental de proteccion integral,90.09,89,1,2026-01-15 10:00:00,2026-02-10 12:00:00
1523,P01523,Nike Revolution 7 version estandar,Tenis deportivos para entrenamiento,1848.67,179,1,2026-01-15 10:00:00,2026-02-10 12:00:00
1524,P01524,Gillette Mach3 color blanco,Rastrillo para afeitar con tres hojas,287.77,160,1,2026-01-15 10:00:00,2026-02-10 12:00:00
1525,P01525,Cinsa Olla de presion 6L color negro,Olla de presion de aluminio de 6 litros,1163.86,83,1,2026-01-15 10:00:00,2026-02-10 12:00:00
1526,P01526,Colgate Total 12 color negro,Pasta dental de proteccion integral,70.92,145,1,2026-01-15 10:00:00,2026-02-10 12:00:00
1527,P01527,Colgate Total 12 paquete con 2 piezas,Pasta dental de proteccion integral,69.98,108,1,2026-01-15 10:00:00,2026-02-10 12:00:00
1528,P01528,Nike Revolution 7 color blanco,Tenis deportivos para entrenamiento,2144.3,13,1,2026-01-15 10:00:00,2026-02-10 12:00:00
1529,P01529,Colgate Total 12 presentacion familiar,Pasta dental de proteccion integral,54.95,279,1,2026-01-15 10:00:00,2026-02-10 12:00:00
1530,P01530,Gillette Mach3 modelo 2026,Rastrillo para afeitar con tres hojas,257.78,233,1,2026-01-15 10:00:00,2026-02-10 12:00:00
1531,P01531,Kingston NV2 1TB paquete con 2 piezas,Unidad SSD NVMe M.2 de 1 TB,1234.24,278,1,2026-01-15 10:00:00,2026-02-10 12:00:00
1532,P01532,Kingston NV2 1TB version estandar,Unidad SSD NVMe M.2 de 1 TB,1387.77,153,1,2026-01-15 10:00:00,2026-02-10 12:00:00
1533,P01533,Colgate Total 12 color negro,Pasta dental de proteccion integral,68.06,134,1,2026-01-15 10:00:00,2026-02-10 12:00:00
1534,P01534,JBL Go 4 paquete con 2 piezas,Bocina portatil Bluetooth,984.45,81,1,2026-01-15 10:00:00,2026-02-10 12:00:00
1535,P01535,JBL Go 4 presentacion familiar,Bocina portatil Bluetooth,1228.38,138,1,2026-01-15 10:00:00,2026-02-10 12:00:00
1536,P01536,Colgate Total 12 edicion especial,Pasta dental de proteccion integral,74.66,295,1,2026-01-15 10:00:00,2026-02-10 12:00:00
1537,P01537,JBL Go 4 edicion especial,Bocina portatil Bluetooth,1283.74,280,1,2026-01-15 10:00:00,2026-02-10 12:00:00
1538,P01538,Nike Revolution 7 color blanco,Tenis deportivos para entrenamiento,1834.8,152,1,2026-01-15 10:00:00,2026-02-10 12:00:00
1539,P01539,Gillette Mach3 presentacion familiar,Rastrillo para afeitar con tres hojas,296.97,119,1,2026-01-15 10:00:00,2026-02-10 12:00:00
1540,P01540,SanDisk Ultra microSD 128GB edicion especial,Tarjeta microSD de 128 GB,287.98,64,1,2026-01-15 10:00:00,2026-02-10 12:00:00
1541,P01541,JBL Go 4 color blanco,Bocina portatil Bluetooth,1174.87,5,1,2026-01-15 10:00:00,2026-02-10 12:00:00
1542,P01542,JBL Go 4 modelo 2026,Bocina portatil Bluetooth,1041.19,278,1,2026-01-15 10:00:00,2026-02-10 12:00:00
1543,P01543,Nike Revolution 7 edicion especial,Tenis deportivos para entrenamiento,2182.1,255,1,2026-01-15 10:00:00,2026-02-10 12:00:00
1544,P01544,Kingston NV2 1TB paquete con 2 piezas,Unidad SSD NVMe M.2 de 1 TB,1426.98,223,1,2026-01-15 10:00:00,2026-02-10 12:00:00
1545,P01545,JBL Go 4 edicion especial,Bocina portatil Bluetooth,1211.2,130,1,2026-01-15 10:00:00,2026-02-10 12:00:00
1546,P01546,Nike Revolution 7 modelo 2026,Tenis deportivos para entrenamiento,1977.51,93,1,2026-01-15 10:00:00,2026-02-10 12:00:00
1547,P01547,Nike Revolution 7 version estandar,Tenis deportivos para entrenamiento,1699.42,91,1,2026-01-15 10:00:00,2026-02-10 12:00:00
1548,P01548,Nike Revolution 7 color blanco,Tenis deportivos para entrenamiento,2172.6,249,1,2026-01-15 10:00:00,2026-02-10 12:00:00
1549,P01549,Colgate Total 12 presentacion familiar,Pasta dental de proteccion integral,85.69,227,1,2026-01-15 10:00:00,2026-02-10 12:00:00
1550,P01550,JBL Go 4 edicion especial,Bocina portatil Bluetooth,1280.06,248,1,2026-01-15 10:00:00,2026-02-10 12:00:00
1551,P01551,Colgate Total 12 presentacion familiar,Pasta dental de proteccion integral,51.03,155,1,2026-01-15 10:00:00,2026-02-10 12:00:00
1552,P01552,Tefal Plancha Ultragliss modelo 2026,Plancha de vapor para ropa,1106.74,289,1,2026-01-15 10:00:00,2026-02-10 12:00:00
1553,P01553,Cinsa Olla de presion 6L modelo 2026,Olla de presion de aluminio de 6 litros,1157.44,299,1,2026-01-15 10:00:00,2026-02-10 12:00:00
1554,P01554,JBL Go 4 color negro,Bocina portatil Bluetooth,1122.67,67,1,2026-01-15 10:00:00,2026-02-10 12:00:00
1555,P01555,Gillette Mach3 modelo 2026,Rastrillo para afeitar con tres hojas,248.74,14,1,2026-01-15 10:00:00,2026-02-10 12:00:00
1556,P01556,SanDisk Ultra microSD 128GB presentacion familiar,Tarjeta microSD de 128 GB,266.62,281,1,2026-01-15 10:00:00,2026-02-10 12:00:00
1557,P01557,Tefal Plancha Ultragliss paquete con 2 piezas,Plancha de vapor para ropa,896.2,59,1,2026-01-15 10:00:00,2026-02-10 12:00:00
1558,P01558,JBL Go 4 presentacion familiar,Bocina portatil Bluetooth,1006.4,4,1,2026-01-15 10:00:00,2026-02-10 12:00:00
1559,P01559,Logitech G502 Hero color negro,Mouse gamer de alto rendimiento,1035.27,193,1,2026-01-15 10:00:00,2026-02-10 12:00:00
1560,P01560,Cinsa Olla de presion 6L color negro,Olla de presion de aluminio de 6 litros,878.71,197,1,2026-01-15 10:00:00,2026-02-10 12:00:00
1561,P01561,SanDisk Ultra microSD 128GB paquete con 2 piezas,Tarjeta microSD de 128 GB,273.73,300,1,2026-01-15 10:00:00,2026-02-10 12:00:00
1562,P01562,Logitech G502 Hero version estandar,Mouse gamer de alto rendimiento,1030.61,151,1,2026-01-15 10:00:00,2026-02-10 12:00:00
1563,P01563,JBL Go 4 color negro,Bocina portatil Bluetooth,1207.2,244,1,2026-01-15 10:00:00,2026-02-10 12:00:00
1564,P01564,Logitech G502 Hero edicion especial,Mouse gamer de alto rendimiento,922.84,269,1,2026-01-15 10:00:00,2026-02-10 12:00:00
1565,P01565,Gillette Mach3 presentacion familiar,Rastrillo para afeitar con tres hojas,203.64,125,1,2026-01-15 10:00:00,2026-02-10 12:00:00
1566,P01566,Tefal Plancha Ultragliss edicion especial,Plancha de vapor para ropa,810.74,117,1,2026-01-15 10:00:00,2026-02-10 12:00:00
1567,P01567,Nike Revolution 7 edicion especial,Tenis deportivos para entrenamiento,1866.31,287,1,2026-01-15 10:00:00,2026-02-10 12:00:00
1568,P01568,Sterilite Caja organizadora 40L modelo 2026,Caja plastica con tapa para almacenamiento,410.15,271,1,2026-01-15 10:00:00,2026-02-10 12:00:00
1569,P01569,JBL Go 4 version estandar,Bocina portatil Bluetooth,907.69,262,1,2026-01-15 10:00:00,2026-02-10 12:00:00
1570,P01570,Logitech G502 Hero color blanco,Mouse gamer de alto rendimiento,917.75,238,1,2026-01-15 10:00:00,2026-02-10 12:00:00
1571,P01571,JBL Go 4 modelo 2026,Bocina portatil Bluetooth,1287.77,105,1,2026-01-15 10:00:00,2026-02-10 12:00:00
1572,P01572,JBL Go 4 paquete con 2 piezas,Bocina portatil Bluetooth,1159.66,140,1,2026-01-15 10:00:00,2026-02-10 12:00:00
1573,P01573,Kingston NV2 1TB color blanco,Unidad SSD NVMe M.2 de 1 TB,1278.11,47,1,2026-01-15 10:00:00,2026-02-10 12:00:00
1574,P01574,JBL Go 4 color negro,Bocina portatil Bluetooth,934.85,246,1,2026-01-15 10:00:00,2026-02-10 12:00:00
1575,P01575,Cinsa Olla de presion 6L color negro,Olla de presion de aluminio de 6 litros,848.86,158,1,2026-01-15 10:00:00,2026-02-10 12:00:00
1576,P01576,Nike Revolution 7 color blanco,Tenis deportivos para entrenamiento,2049.58,273,1,2026-01-15 10:00:00,2026-02-10 12:00:00
1577,P01577,Logitech G502 Hero color blanco,Mouse gamer de alto rendimiento,839.85,153,1,2026-01-15 10:00:00,2026-02-10 12:00:00
1578,P01578,JBL Go 4 modelo 2026,Bocina portatil Bluetooth,1277.24,45,1,2026-01-15 10:00:00,2026-02-10 12:00:00
1579,P01579,JBL Go 4 edicion especial,Bocina portatil Bluetooth,901.48,264,1,2026-01-15 10:00:00,2026-02-10 12:00:00
1580,P01580,Tefal Plancha Ultragliss modelo 2026,Plancha de vapor para ropa,1156.59,202,1,2026-01-15 10:00:00,2026-02-10 12:00:00
1581,P01581,Sterilite Caja organizadora 40L presentacion familiar,Caja plastica con tapa para almacenamiento,371.54,233,1,2026-01-15 10:00:00,2026-02-10 12:00:00
1582,P01582,Gillette Mach3 modelo 2026,Rastrillo para afeitar con tres hojas,218.29,205,1,2026-01-15 10:00:00,2026-02-10 12:00:00
1583,P01583,SanDisk Ultra microSD 128GB paquete con 2 piezas,Tarjeta microSD de 128 GB,358.04,55,1,2026-01-15 10:00:00,2026-02-10 12:00:00
1584,P01584,Nike Revolution 7 presentacion familiar,Tenis deportivos para entrenamiento,2174.54,163,1,2026-01-15 10:00:00,2026-02-10 12:00:00
1585,P01585,Logitech G502 Hero presentacion familiar,Mouse gamer de alto rendimiento,875.83,190,1,2026-01-15 10:00:00,2026-02-10 12:00:00
1586,P01586,Nike Revolution 7 presentacion familiar,Tenis deportivos para entrenamiento,1500.83,175,1,2026-01-15 10:00:00,2026-02-10 12:00:00
1587,P01587,Logitech G502 Hero version estandar,Mouse gamer de alto rendimiento,978.76,265,1,2026-01-15 10:00:00,2026-02-10 12:00:00
1588,P01588,Sterilite Caja organizadora 40L paquete con 2 piezas,Caja plastica con tapa para almacenamiento,270.52,142,1,2026-01-15 10:00:00,2026-02-10 12:00:00
1589,P01589,Nike Revolution 7 edicion especial,Tenis deportivos para entrenamiento,2012.19,232,1,2026-01-15 10:00:00,2026-02-10 12:00:00
1590,P01590,Cinsa Olla de presion 6L presentacion familiar,Olla de presion de aluminio de 6 litros,1152.71,68,1,2026-01-15 10:00:00,2026-02-10 12:00:00
1591,P01591,JBL Go 4 modelo 2026,Bocina portatil Bluetooth,982.81,79,1,2026-01-15 10:00:00,2026-02-10 12:00:00
1592,P01592,Logitech G502 Hero color negro,Mouse gamer de alto rendimiento,836.17,133,1,2026-01-15 10:00:00,2026-02-10 12:00:00
1593,P01593,Colgate Total 12 edicion especial,Pasta dental de proteccion integral,98.46,142,1,2026-01-15 10:00:00,2026-02-10 12:00:00
1594,P01594,Kingston NV2 1TB paquete con 2 piezas,Unidad SSD NVMe M.2 de 1 TB,1408.09,197,1,2026-01-15 10:00:00,2026-02-10 12:00:00
1595,P01595,Gillette Mach3 presentacion familiar,Rastrillo para afeitar con tres hojas,266.5,187,1,2026-01-15 10:00:00,2026-02-10 12:00:00
1596,P01596,Logitech G502 Hero modelo 2026,Mouse gamer de alto rendimiento,1062.79,28,1,2026-01-15 10:00:00,2026-02-10 12:00:00
1597,P01597,Logitech G502 Hero paquete con 2 piezas,Mouse gamer de alto rendimiento,822.65,108,1,2026-01-15 10:00:00,2026-02-10 12:00:00
1598,P01598,Kingston NV2 1TB paquete con 2 piezas,Unidad SSD NVMe M.2 de 1 TB,1178.6,270,1,2026-01-15 10:00:00,2026-02-10 12:00:00
1599,P01599,Cinsa Olla de presion 6L paquete con 2 piezas,Olla de presion de aluminio de 6 litros,889.19,56,1,2026-01-15 10:00:00,2026-02-10 12:00:00
1600,P01600,Logitech G502 Hero color negro,Mouse gamer de alto rendimiento,947.08,72,1,2026-01-15 10:00:00,2026-02-10 12:00:00
1601,P01601,Gillette Mach3 paquete con 2 piezas,Rastrillo para afeitar con tres hojas,192.39,94,1,2026-01-15 10:00:00,2026-02-10 12:00:00
1602,P01602,Kingston NV2 1TB color negro,Unidad SSD NVMe M.2 de 1 TB,1117.45,186,1,2026-01-15 10:00:00,2026-02-10 12:00:00
1603,P01603,Colgate Total 12 presentacion familiar,Pasta dental de proteccion integral,85.91,24,1,2026-01-15 10:00:00,2026-02-10 12:00:00
1604,P01604,Kingston NV2 1TB paquete con 2 piezas,Unidad SSD NVMe M.2 de 1 TB,1121.03,252,1,2026-01-15 10:00:00,2026-02-10 12:00:00
1605,P01605,Sterilite Caja organizadora 40L presentacion familiar,Caja plastica con tapa para almacenamiento,285.98,216,1,2026-01-15 10:00:00,2026-02-10 12:00:00
1606,P01606,JBL Go 4 color blanco,Bocina portatil Bluetooth,961.79,123,1,2026-01-15 10:00:00,2026-02-10 12:00:00
1607,P01607,Cinsa Olla de presion 6L presentacion familiar,Olla de presion de aluminio de 6 litros,917.04,7,0,2026-01-15 10:00:00,2026-02-10 12:00:00
1608,P01608,Colgate Total 12 color negro,Pasta dental de proteccion integral,65.89,146,1,2026-01-15 10:00:00,2026-02-10 12:00:00
1609,P01609,Tefal Plancha Ultragliss edicion especial,Plancha de vapor para ropa,1092.2,87,1,2026-01-15 10:00:00,2026-02-10 12:00:00
1610,P01610,Tefal Plancha Ultragliss color negro,Plancha de vapor para ropa,844.31,3,1,2026-01-15 10:00:00,2026-02-10 12:00:00
1611,P01611,Sterilite Caja organizadora 40L paquete con 2 piezas,Caja plastica con tapa para almacenamiento,318.05,82,1,2026-01-15 10:00:00,2026-02-10 12:00:00
1612,P01612,Colgate Total 12 color blanco,Pasta dental de proteccion integral,98.51,115,1,2026-01-15 10:00:00,2026-02-10 12:00:00
1613,P01613,JBL Go 4 color negro,Bocina portatil Bluetooth,1057.38,270,1,2026-01-15 10:00:00,2026-02-10 12:00:00
1614,P01614,Sterilite Caja organizadora 40L presentacion familiar,Caja plastica con tapa para almacenamiento,225.06,262,1,2026-01-15 10:00:00,2026-02-10 12:00:00
1615,P01615,Kingston NV2 1TB paquete con 2 piezas,Unidad SSD NVMe M.2 de 1 TB,1258.24,62,1,2026-01-15 10:00:00,2026-02-10 12:00:00
1616,P01616,Tefal Plancha Ultragliss presentacion familiar,Plancha de vapor para ropa,941.17,120,1,2026-01-15 10:00:00,2026-02-10 12:00:00
1617,P01617,Tefal Plancha Ultragliss modelo 2026,Plancha de vapor para ropa,1080.5,153,1,2026-01-15 10:00:00,2026-02-10 12:00:00
1618,P01618,Tefal Plancha Ultragliss paquete con 2 piezas,Plancha de vapor para ropa,904.06,70,1,2026-01-15 10:00:00,2026-02-10 12:00:00
1619,P01619,Sterilite Caja organizadora 40L color negro,Caja plastica con tapa para almacenamiento,262.66,283,1,2026-01-15 10:00:00,2026-02-10 12:00:00
1620,P01620,Logitech G502 Hero color negro,Mouse gamer de alto rendimiento,861.56,112,1,2026-01-15 10:00:00,2026-02-10 12:00:00
1621,P01621,Gillette Mach3 modelo 2026,Rastrillo para afeitar con tres hojas,179.93,272,1,2026-01-15 10:00:00,2026-02-10 12:00:00
1622,P01622,Logitech G502 Hero modelo 2026,Mouse gamer de alto rendimiento,999.59,142,1,2026-01-15 10:00:00,2026-02-10 12:00:00
1623,P01623,Colgate Total 12 version estandar,Pasta dental de proteccion integral,69.13,205,1,2026-01-15 10:00:00,2026-02-10 12:00:00
1624,P01624,Tefal Plancha Ultragliss color negro,Plancha de vapor para ropa,842,217,1,2026-01-15 10:00:00,2026-02-10 12:00:00
1625,P01625,Nike Revolution 7 presentacion familiar,Tenis deportivos para entrenamiento,1974.58,292,1,2026-01-15 10:00:00,2026-02-10 12:00:00
1626,P01626,Kingston NV2 1TB edicion especial,Unidad SSD NVMe M.2 de 1 TB,1418.19,78,1,2026-01-15 10:00:00,2026-02-10 12:00:00
1627,P01627,Tefal Plancha Ultragliss paquete con 2 piezas,Plancha de vapor para ropa,877.28,6,1,2026-01-15 10:00:00,2026-02-10 12:00:00
1628,P01628,Cinsa Olla de presion 6L color blanco,Olla de presion de aluminio de 6 litros,952.43,230,1,2026-01-15 10:00:00,2026-02-10 12:00:00
1629,P01629,Cinsa Olla de presion 6L paquete con 2 piezas,Olla de presion de aluminio de 6 litros,1172.95,242,1,2026-01-15 10:00:00,2026-02-10 12:00:00
1630,P01630,JBL Go 4 edicion especial,Bocina portatil Bluetooth,904.38,285,1,2026-01-15 10:00:00,2026-02-10 12:00:00
1631,P01631,Kingston NV2 1TB color blanco,Unidad SSD NVMe M.2 de 1 TB,1065.78,236,1,2026-01-15 10:00:00,2026-02-10 12:00:00
1632,P01632,Tefal Plancha Ultragliss modelo 2026,Plancha de vapor para ropa,1161.15,198,1,2026-01-15 10:00:00,2026-02-10 12:00:00
1633,P01633,Tefal Plancha Ultragliss presentacion familiar,Plancha de vapor para ropa,1146.51,45,1,2026-01-15 10:00:00,2026-02-10 12:00:00
1634,P01634,JBL Go 4 paquete con 2 piezas,Bocina portatil Bluetooth,1138.82,245,1,2026-01-15 10:00:00,2026-02-10 12:00:00
1635,P01635,Logitech G502 Hero version estandar,Mouse gamer de alto rendimiento,1005.61,118,1,2026-01-15 10:00:00,2026-02-10 12:00:00
1636,P01636,Sterilite Caja organizadora 40L modelo 2026,Caja plastica con tapa para almacenamiento,318.36,145,1,2026-01-15 10:00:00,2026-02-10 12:00:00
1637,P01637,Gillette Mach3 color blanco,Rastrillo para afeitar con tres hojas,217.49,195,1,2026-01-15 10:00:00,2026-02-10 12:00:00
1638,P01638,Cinsa Olla de presion 6L color blanco,Olla de presion de aluminio de 6 litros,964.32,179,1,2026-01-15 10:00:00,2026-02-10 12:00:00
1639,P01639,Colgate Total 12 presentacion familiar,Pasta dental de proteccion integral,99.6,173,1,2026-01-15 10:00:00,2026-02-10 12:00:00
1640,P01640,Sterilite Caja organizadora 40L edicion especial,Caja plastica con tapa para almacenamiento,445.08,156,1,2026-01-15 10:00:00,2026-02-10 12:00:00
1641,P01641,Kingston NV2 1TB version estandar,Unidad SSD NVMe M.2 de 1 TB,1152.46,21,1,2026-01-15 10:00:00,2026-02-10 12:00:00
1642,P01642,Gillette Mach3 paquete con 2 piezas,Rastrillo para afeitar con tres hojas,199.99,298,1,2026-01-15 10:00:00,2026-02-10 12:00:00
1643,P01643,Tefal Plancha Ultragliss presentacion familiar,Plancha de vapor para ropa,1147.21,29,1,2026-01-15 10:00:00,2026-02-10 12:00:00
1644,P01644,Sterilite Caja organizadora 40L modelo 2026,Caja plastica con tapa para almacenamiento,255.24,176,1,2026-01-15 10:00:00,2026-02-10 12:00:00
1645,P01645,JBL Go 4 modelo 2026,Bocina portatil Bluetooth,1213.35,199,1,2026-01-15 10:00:00,2026-02-10 12:00:00
1646,P01646,Cinsa Olla de presion 6L paquete con 2 piezas,Olla de presion de aluminio de 6 litros,994.8,184,1,2026-01-15 10:00:00,2026-02-10 12:00:00
1647,P01647,Colgate Total 12 paquete con 2 piezas,Pasta dental de proteccion integral,74.21,123,1,2026-01-15 10:00:00,2026-02-10 12:00:00
1648,P01648,Cinsa Olla de presion 6L presentacion familiar,Olla de presion de aluminio de 6 litros,843.76,139,1,2026-01-15 10:00:00,2026-02-10 12:00:00
1649,P01649,SanDisk Ultra microSD 128GB paquete con 2 piezas,Tarjeta microSD de 128 GB,265.37,109,1,2026-01-15 10:00:00,2026-02-10 12:00:00
1650,P01650,SanDisk Ultra microSD 128GB version estandar,Tarjeta microSD de 128 GB,312.27,232,1,2026-01-15 10:00:00,2026-02-10 12:00:00
1651,P01651,Tefal Plancha Ultragliss edicion especial,Plancha de vapor para ropa,837.58,16,1,2026-01-15 10:00:00,2026-02-10 12:00:00
1652,P01652,Gillette Mach3 version estandar,Rastrillo para afeitar con tres hojas,282.58,14,1,2026-01-15 10:00:00,2026-02-10 12:00:00
1653,P01653,Nike Revolution 7 version estandar,Tenis deportivos para entrenamiento,1618.64,16,1,2026-01-15 10:00:00,2026-02-10 12:00:00
1654,P01654,Colgate Total 12 version estandar,Pasta dental de proteccion integral,66.63,11,1,2026-01-15 10:00:00,2026-02-10 12:00:00
1655,P01655,Nike Revolution 7 modelo 2026,Tenis deportivos para entrenamiento,1777.73,240,1,2026-01-15 10:00:00,2026-02-10 12:00:00
1656,P01656,Sterilite Caja organizadora 40L color blanco,Caja plastica con tapa para almacenamiento,407.63,161,1,2026-01-15 10:00:00,2026-02-10 12:00:00
1657,P01657,Gillette Mach3 version estandar,Rastrillo para afeitar con tres hojas,259.82,141,1,2026-01-15 10:00:00,2026-02-10 12:00:00
1658,P01658,Tefal Plancha Ultragliss color blanco,Plancha de vapor para ropa,900.93,1,0,2026-01-15 10:00:00,2026-02-10 12:00:00
1659,P01659,Gillette Mach3 presentacion familiar,Rastrillo para afeitar con tres hojas,259.57,47,1,2026-01-15 10:00:00,2026-02-10 12:00:00
1660,P01660,JBL Go 4 edicion especial,Bocina portatil Bluetooth,1045.34,116,1,2026-01-15 10:00:00,2026-02-10 12:00:00
1661,P01661,JBL Go 4 modelo 2026,Bocina portatil Bluetooth,1202.52,255,1,2026-01-15 10:00:00,2026-02-10 12:00:00
1662,P01662,Gillette Mach3 color negro,Rastrillo para afeitar con tres hojas,157.33,273,1,2026-01-15 10:00:00,2026-02-10 12:00:00
1663,P01663,Gillette Mach3 edicion especial,Rastrillo para afeitar con tres hojas,246.69,1,1,2026-01-15 10:00:00,2026-02-10 12:00:00
1664,P01664,Gillette Mach3 modelo 2026,Rastrillo para afeitar con tres hojas,244.19,167,1,2026-01-15 10:00:00,2026-02-10 12:00:00
1665,P01665,Gillette Mach3 modelo 2026,Rastrillo para afeitar con tres hojas,236.87,124,1,2026-01-15 10:00:00,2026-02-10 12:00:00
1666,P01666,Tefal Plancha Ultragliss color blanco,Plancha de vapor para ropa,860.92,49,1,2026-01-15 10:00:00,2026-02-10 12:00:00
1667,P01667,Nike Revolution 7 modelo 2026,Tenis deportivos para entrenamiento,1667.62,181,1,2026-01-15 10:00:00,2026-02-10 12:00:00
1668,P01668,Nike Revolution 7 edicion especial,Tenis deportivos para entrenamiento,1585.83,10,0,2026-01-15 10:00:00,2026-02-10 12:00:00
1669,P01669,SanDisk Ultra microSD 128GB version estandar,Tarjeta microSD de 128 GB,261.14,206,1,2026-01-15 10:00:00,2026-02-10 12:00:00
1670,P01670,Logitech G502 Hero modelo 2026,Mouse gamer de alto rendimiento,973.29,168,1,2026-01-15 10:00:00,2026-02-10 12:00:00
1671,P01671,JBL Go 4 version estandar,Bocina portatil Bluetooth,1143.1,0,1,2026-01-15 10:00:00,2026-02-10 12:00:00
1672,P01672,Logitech G502 Hero version estandar,Mouse gamer de alto rendimiento,741,180,1,2026-01-15 10:00:00,2026-02-10 12:00:00
1673,P01673,SanDisk Ultra microSD 128GB color blanco,Tarjeta microSD de 128 GB,367.63,292,1,2026-01-15 10:00:00,2026-02-10 12:00:00
1674,P01674,Logitech G502 Hero modelo 2026,Mouse gamer de alto rendimiento,941.59,206,1,2026-01-15 10:00:00,2026-02-10 12:00:00
1675,P01675,Kingston NV2 1TB presentacion familiar,Unidad SSD NVMe M.2 de 1 TB,1404.71,92,1,2026-01-15 10:00:00,2026-02-10 12:00:00
1676,P01676,Cinsa Olla de presion 6L presentacion familiar,Olla de presion de aluminio de 6 litros,1008.79,292,1,2026-01-15 10:00:00,2026-02-10 12:00:00
1677,P01677,Kingston NV2 1TB color negro,Unidad SSD NVMe M.2 de 1 TB,1171.52,166,1,2026-01-15 10:00:00,2026-02-10 12:00:00
1678,P01678,Nike Revolution 7 presentacion familiar,Tenis deportivos para entrenamiento,1504.78,269,1,2026-01-15 10:00:00,2026-02-10 12:00:00
1679,P01679,Nike Revolution 7 presentacion familiar,Tenis deportivos para entrenamiento,1900.59,163,1,2026-01-15 10:00:00,2026-02-10 12:00:00
1680,P01680,Cinsa Olla de presion 6L paquete con 2 piezas,Olla de presion de aluminio de 6 litros,1077.84,246,1,2026-01-15 10:00:00,2026-02-10 12:00:00
1681,P01681,JBL Go 4 paquete con 2 piezas,Bocina portatil Bluetooth,922.81,59,1,2026-01-15 10:00:00,2026-02-10 12:00:00
1682,P01682,Kingston NV2 1TB edicion especial,Unidad SSD NVMe M.2 de 1 TB,1204.19,196,1,2026-01-15 10:00:00,2026-02-10 12:00:00
1683,P01683,JBL Go 4 color blanco,Bocina portatil Bluetooth,1190.09,164,1,2026-01-15 10:00:00,2026-02-10 12:00:00
1684,P01684,Nike Revolution 7 paquete con 2 piezas,Tenis deportivos para entrenamiento,1685.33,99,1,2026-01-15 10:00:00,2026-02-10 12:00:00
1685,P01685,Gillette Mach3 presentacion familiar,Rastrillo para afeitar con tres hojas,211.36,81,1,2026-01-15 10:00:00,2026-02-10 12:00:00
1686,P01686,Gillette Mach3 edicion especial,Rastrillo para afeitar con tres hojas,259.51,89,1,2026-01-15 10:00:00,2026-02-10 12:00:00
1687,P01687,Logitech G502 Hero color blanco,Mouse gamer de alto rendimiento,746.69,246,1,2026-01-15 10:00:00,2026-02-10 12:00:00
1688,P01688,Gillette Mach3 presentacion familiar,Rastrillo para afeitar con tres hojas,228.49,7,0,2026-01-15 10:00:00,2026-02-10 12:00:00
1689,P01689,Logitech G502 Hero color negro,Mouse gamer de alto rendimiento,1063.45,296,1,2026-01-15 10:00:00,2026-02-10 12:00:00
1690,P01690,SanDisk Ultra microSD 128GB color negro,Tarjeta microSD de 128 GB,365.16,92,1,2026-01-15 10:00:00,2026-02-10 12:00:00
1691,P01691,Colgate Total 12 presentacion familiar,Pasta dental de proteccion integral,93.57,109,1,2026-01-15 10:00:00,2026-02-10 12:00:00
1692,P01692,JBL Go 4 presentacion familiar,Bocina portatil Bluetooth,1141.59,246,1,2026-01-15 10:00:00,2026-02-10 12:00:00
1693,P01693,Kingston NV2 1TB edicion especial,Unidad SSD NVMe M.2 de 1 TB,1067.33,240,1,2026-01-15 10:00:00,2026-02-10 12:00:00
1694,P01694,JBL Go 4 color negro,Bocina portatil Bluetooth,1280.3,164,1,2026-01-15 10:00:00,2026-02-10 12:00:00
1695,P01695,Sterilite Caja organizadora 40L paquete con 2 piezas,Caja plastica con tapa para almacenamiento,290.25,96,1,2026-01-15 10:00:00,2026-02-10 12:00:00
1696,P01696,Tefal Plancha Ultragliss edicion especial,Plancha de vapor para ropa,964.34,143,1,2026-01-15 10:00:00,2026-02-10 12:00:00
1697,P01697,Sterilite Caja organizadora 40L paquete con 2 piezas,Caja plastica con tapa para almacenamiento,421,133,1,2026-01-15 10:00:00,2026-02-10 12:00:00
1698,P01698,SanDisk Ultra microSD 128GB version estandar,Tarjeta microSD de 128 GB,364.02,92,1,2026-01-15 10:00:00,2026-02-10 12:00:00
1699,P01699,Colgate Total 12 color blanco,Pasta dental de proteccion integral,69.35,140,1,2026-01-15 10:00:00,2026-02-10 12:00:00
1700,P01700,Nike Revolution 7 color blanco,Tenis deportivos para entrenamiento,1820.33,260,1,2026-01-15 10:00:00,2026-02-10 12:00:00
1701,P01701,Tefal Plancha Ultragliss presentacion familiar,Plancha de vapor para ropa,1139.18,180,1,2026-01-15 10:00:00,2026-02-10 12:00:00
1702,P01702,SanDisk Ultra microSD 128GB paquete con 2 piezas,Tarjeta microSD de 128 GB,395.71,74,1,2026-01-15 10:00:00,2026-02-10 12:00:00
1703,P01703,Nike Revolution 7 version estandar,Tenis deportivos para entrenamiento,1657.54,14,1,2026-01-15 10:00:00,2026-02-10 12:00:00
1704,P01704,SanDisk Ultra microSD 128GB edicion especial,Tarjeta microSD de 128 GB,357.74,38,1,2026-01-15 10:00:00,2026-02-10 12:00:00
1705,P01705,Colgate Total 12 version estandar,Pasta dental de proteccion integral,83.15,93,1,2026-01-15 10:00:00,2026-02-10 12:00:00
1706,P01706,Cinsa Olla de presion 6L paquete con 2 piezas,Olla de presion de aluminio de 6 litros,984.55,270,1,2026-01-15 10:00:00,2026-02-10 12:00:00
1707,P01707,Colgate Total 12 color negro,Pasta dental de proteccion integral,57.83,138,1,2026-01-15 10:00:00,2026-02-10 12:00:00
1708,P01708,SanDisk Ultra microSD 128GB edicion especial,Tarjeta microSD de 128 GB,353.32,249,1,2026-01-15 10:00:00,2026-02-10 12:00:00
1709,P01709,Nike Revolution 7 edicion especial,Tenis deportivos para entrenamiento,2066.65,176,1,2026-01-15 10:00:00,2026-02-10 12:00:00
1710,P01710,Sterilite Caja organizadora 40L color negro,Caja plastica con tapa para almacenamiento,221.99,143,1,2026-01-15 10:00:00,2026-02-10 12:00:00
1711,P01711,Cinsa Olla de presion 6L modelo 2026,Olla de presion de aluminio de 6 litros,1034.05,299,1,2026-01-15 10:00:00,2026-02-10 12:00:00
1712,P01712,Cinsa Olla de presion 6L modelo 2026,Olla de presion de aluminio de 6 litros,1177.7,58,1,2026-01-15 10:00:00,2026-02-10 12:00:00
1713,P01713,Kingston NV2 1TB paquete con 2 piezas,Unidad SSD NVMe M.2 de 1 TB,1396.38,139,1,2026-01-15 10:00:00,2026-02-10 12:00:00
1714,P01714,Kingston NV2 1TB paquete con 2 piezas,Unidad SSD NVMe M.2 de 1 TB,1363.99,105,1,2026-01-15 10:00:00,2026-02-10 12:00:00
1715,P01715,Tefal Plancha Ultragliss color blanco,Plancha de vapor para ropa,1160.77,168,1,2026-01-15 10:00:00,2026-02-10 12:00:00
1716,P01716,Gillette Mach3 edicion especial,Rastrillo para afeitar con tres hojas,283.71,112,1,2026-01-15 10:00:00,2026-02-10 12:00:00
1717,P01717,Colgate Total 12 version estandar,Pasta dental de proteccion integral,61.48,260,1,2026-01-15 10:00:00,2026-02-10 12:00:00
1718,P01718,Colgate Total 12 presentacion familiar,Pasta dental de proteccion integral,70.62,259,1,2026-01-15 10:00:00,2026-02-10 12:00:00
1719,P01719,SanDisk Ultra microSD 128GB paquete con 2 piezas,Tarjeta microSD de 128 GB,270.04,150,1,2026-01-15 10:00:00,2026-02-10 12:00:00
1720,P01720,Tefal Plancha Ultragliss edicion especial,Plancha de vapor para ropa,1111.78,297,1,2026-01-15 10:00:00,2026-02-10 12:00:00
1721,P01721,Nike Revolution 7 color blanco,Tenis deportivos para entrenamiento,1649.61,28,1,2026-01-15 10:00:00,2026-02-10 12:00:00
1722,P01722,Colgate Total 12 paquete con 2 piezas,Pasta dental de proteccion integral,77.99,202,1,2026-01-15 10:00:00,2026-02-10 12:00:00
1723,P01723,Sterilite Caja organizadora 40L edicion especial,Caja plastica con tapa para almacenamiento,211.27,230,1,2026-01-15 10:00:00,2026-02-10 12:00:00
1724,P01724,Logitech G502 Hero edicion especial,Mouse gamer de alto rendimiento,863.12,200,1,2026-01-15 10:00:00,2026-02-10 12:00:00
1725,P01725,Sterilite Caja organizadora 40L paquete con 2 piezas,Caja plastica con tapa para almacenamiento,280.62,217,1,2026-01-15 10:00:00,2026-02-10 12:00:00
1726,P01726,JBL Go 4 presentacion familiar,Bocina portatil Bluetooth,1123.91,34,1,2026-01-15 10:00:00,2026-02-10 12:00:00
1727,P01727,Nike Revolution 7 color blanco,Tenis deportivos para entrenamiento,1609.72,24,1,2026-01-15 10:00:00,2026-02-10 12:00:00
1728,P01728,Gillette Mach3 paquete con 2 piezas,Rastrillo para afeitar con tres hojas,266.34,22,1,2026-01-15 10:00:00,2026-02-10 12:00:00
1729,P01729,Cinsa Olla de presion 6L color blanco,Olla de presion de aluminio de 6 litros,1070.12,32,1,2026-01-15 10:00:00,2026-02-10 12:00:00
1730,P01730,Kingston NV2 1TB color negro,Unidad SSD NVMe M.2 de 1 TB,1339.83,134,1,2026-01-15 10:00:00,2026-02-10 12:00:00
1731,P01731,Nike Revolution 7 edicion especial,Tenis deportivos para entrenamiento,1569.9,53,1,2026-01-15 10:00:00,2026-02-10 12:00:00
1732,P01732,Gillette Mach3 modelo 2026,Rastrillo para afeitar con tres hojas,293.11,234,1,2026-01-15 10:00:00,2026-02-10 12:00:00
1733,P01733,Sterilite Caja organizadora 40L edicion especial,Caja plastica con tapa para almacenamiento,388.91,109,1,2026-01-15 10:00:00,2026-02-10 12:00:00
1734,P01734,Cinsa Olla de presion 6L presentacion familiar,Olla de presion de aluminio de 6 litros,1002.3,242,1,2026-01-15 10:00:00,2026-02-10 12:00:00
1735,P01735,JBL Go 4 presentacion familiar,Bocina portatil Bluetooth,999.3,229,1,2026-01-15 10:00:00,2026-02-10 12:00:00
1736,P01736,Gillette Mach3 edicion especial,Rastrillo para afeitar con tres hojas,249.25,162,1,2026-01-15 10:00:00,2026-02-10 12:00:00
1737,P01737,Colgate Total 12 color blanco,Pasta dental de proteccion integral,79.77,299,1,2026-01-15 10:00:00,2026-02-10 12:00:00
1738,P01738,Nike Revolution 7 version estandar,Tenis deportivos para entrenamiento,1757.89,285,1,2026-01-15 10:00:00,2026-02-10 12:00:00
1739,P01739,Tefal Plancha Ultragliss color blanco,Plancha de vapor para ropa,1154.37,278,1,2026-01-15 10:00:00,2026-02-10 12:00:00
1740,P01740,Logitech G502 Hero version estandar,Mouse gamer de alto rendimiento,710.63,60,1,2026-01-15 10:00:00,2026-02-10 12:00:00
1741,P01741,Logitech G502 Hero version estandar,Mouse gamer de alto rendimiento,821.43,164,1,2026-01-15 10:00:00,2026-02-10 12:00:00
1742,P01742,JBL Go 4 version estandar,Bocina portatil Bluetooth,1272.26,34,1,2026-01-15 10:00:00,2026-02-10 12:00:00
1743,P01743,JBL Go 4 color blanco,Bocina portatil Bluetooth,1182.69,59,1,2026-01-15 10:00:00,2026-02-10 12:00:00
1744,P01744,Tefal Plancha Ultragliss color blanco,Plancha de vapor para ropa,951.61,108,1,2026-01-15 10:00:00,2026-02-10 12:00:00
1745,P01745,Nike Revolution 7 edicion especial,Tenis deportivos para entrenamiento,1847.05,35,1,2026-01-15 10:00:00,2026-02-10 12:00:00
1746,P01746,Gillette Mach3 color blanco,Rastrillo para afeitar con tres hojas,288.9,144,1,2026-01-15 10:00:00,2026-02-10 12:00:00
1747,P01747,Gillette Mach3 color negro,Rastrillo para afeitar con tres hojas,274.5,80,1,2026-01-15 10:00:00,2026-02-10 12:00:00
1748,P01748,Cinsa Olla de presion 6L modelo 2026,Olla de presion de aluminio de 6 litros,1131.77,5,0,2026-01-15 10:00:00,2026-02-10 12:00:00
1749,P01749,Gillette Mach3 color negro,Rastrillo para afeitar con tres hojas,253.57,52,1,2026-01-15 10:00:00,2026-02-10 12:00:00
1750,P01750,Cinsa Olla de presion 6L presentacion familiar,Olla de presion de aluminio de 6 litros,907.98,11,1,2026-01-15 10:00:00,2026-02-10 12:00:00
1751,P01751,JBL Go 4 modelo 2026,Bocina portatil Bluetooth,1293.83,178,1,2026-01-15 10:00:00,2026-02-10 12:00:00
1752,P01752,Cinsa Olla de presion 6L version estandar,Olla de presion de aluminio de 6 litros,1046.31,149,1,2026-01-15 10:00:00,2026-02-10 12:00:00
1753,P01753,Tefal Plancha Ultragliss presentacion familiar,Plancha de vapor para ropa,967.16,266,1,2026-01-15 10:00:00,2026-02-10 12:00:00
1754,P01754,Logitech G502 Hero paquete con 2 piezas,Mouse gamer de alto rendimiento,706.39,136,1,2026-01-15 10:00:00,2026-02-10 12:00:00
1755,P01755,Nike Revolution 7 edicion especial,Tenis deportivos para entrenamiento,1965.77,175,1,2026-01-15 10:00:00,2026-02-10 12:00:00
1756,P01756,Colgate Total 12 color blanco,Pasta dental de proteccion integral,91.44,11,1,2026-01-15 10:00:00,2026-02-10 12:00:00
1757,P01757,Colgate Total 12 presentacion familiar,Pasta dental de proteccion integral,74.98,39,1,2026-01-15 10:00:00,2026-02-10 12:00:00
1758,P01758,Colgate Total 12 paquete con 2 piezas,Pasta dental de proteccion integral,88.88,147,1,2026-01-15 10:00:00,2026-02-10 12:00:00
1759,P01759,Kingston NV2 1TB presentacion familiar,Unidad SSD NVMe M.2 de 1 TB,1284.76,112,1,2026-01-15 10:00:00,2026-02-10 12:00:00
1760,P01760,Logitech G502 Hero color blanco,Mouse gamer de alto rendimiento,1071.31,121,1,2026-01-15 10:00:00,2026-02-10 12:00:00
1761,P01761,Kingston NV2 1TB color negro,Unidad SSD NVMe M.2 de 1 TB,1322.08,165,1,2026-01-15 10:00:00,2026-02-10 12:00:00
1762,P01762,JBL Go 4 presentacion familiar,Bocina portatil Bluetooth,965.41,270,1,2026-01-15 10:00:00,2026-02-10 12:00:00
1763,P01763,Sterilite Caja organizadora 40L paquete con 2 piezas,Caja plastica con tapa para almacenamiento,287.27,201,1,2026-01-15 10:00:00,2026-02-10 12:00:00
1764,P01764,JBL Go 4 modelo 2026,Bocina portatil Bluetooth,1051.21,162,1,2026-01-15 10:00:00,2026-02-10 12:00:00
1765,P01765,Sterilite Caja organizadora 40L color blanco,Caja plastica con tapa para almacenamiento,426.49,13,1,2026-01-15 10:00:00,2026-02-10 12:00:00
1766,P01766,Logitech G502 Hero edicion especial,Mouse gamer de alto rendimiento,1023,102,1,2026-01-15 10:00:00,2026-02-10 12:00:00
1767,P01767,Kingston NV2 1TB color blanco,Unidad SSD NVMe M.2 de 1 TB,1330.03,250,1,2026-01-15 10:00:00,2026-02-10 12:00:00
1768,P01768,Tefal Plancha Ultragliss modelo 2026,Plancha de vapor para ropa,1004.17,282,1,2026-01-15 10:00:00,2026-02-10 12:00:00
1769,P01769,Tefal Plancha Ultragliss paquete con 2 piezas,Plancha de vapor para ropa,947.23,267,1,2026-01-15 10:00:00,2026-02-10 12:00:00
1770,P01770,Kingston NV2 1TB paquete con 2 piezas,Unidad SSD NVMe M.2 de 1 TB,1313.63,166,1,2026-01-15 10:00:00,2026-02-10 12:00:00
1771,P01771,Logitech G502 Hero modelo 2026,Mouse gamer de alto rendimiento,844.57,135,1,2026-01-15 10:00:00,2026-02-10 12:00:00
1772,P01772,Nike Revolution 7 presentacion familiar,Tenis deportivos para entrenamiento,1560.96,161,1,2026-01-15 10:00:00,2026-02-10 12:00:00
1773,P01773,Colgate Total 12 presentacion familiar,Pasta dental de proteccion integral,80.95,299,1,2026-01-15 10:00:00,2026-02-10 12:00:00
1774,P01774,Logitech G502 Hero color blanco,Mouse gamer de alto rendimiento,900.09,219,1,2026-01-15 10:00:00,2026-02-10 12:00:00
1775,P01775,Logitech G502 Hero version estandar,Mouse gamer de alto rendimiento,818,145,1,2026-01-15 10:00:00,2026-02-10 12:00:00
1776,P01776,JBL Go 4 version estandar,Bocina portatil Bluetooth,1028.14,38,1,2026-01-15 10:00:00,2026-02-10 12:00:00
1777,P01777,Sterilite Caja organizadora 40L version estandar,Caja plastica con tapa para almacenamiento,238.07,42,1,2026-01-15 10:00:00,2026-02-10 12:00:00
1778,P01778,SanDisk Ultra microSD 128GB edicion especial,Tarjeta microSD de 128 GB,286.33,143,1,2026-01-15 10:00:00,2026-02-10 12:00:00
1779,P01779,SanDisk Ultra microSD 128GB version estandar,Tarjeta microSD de 128 GB,262.7,91,1,2026-01-15 10:00:00,2026-02-10 12:00:00
1780,P01780,Cinsa Olla de presion 6L version estandar,Olla de presion de aluminio de 6 litros,1002.18,44,1,2026-01-15 10:00:00,2026-02-10 12:00:00
1781,P01781,Nike Revolution 7 presentacion familiar,Tenis deportivos para entrenamiento,1594.17,165,1,2026-01-15 10:00:00,2026-02-10 12:00:00
1782,P01782,Gillette Mach3 edicion especial,Rastrillo para afeitar con tres hojas,293.99,191,1,2026-01-15 10:00:00,2026-02-10 12:00:00
1783,P01783,Sterilite Caja organizadora 40L modelo 2026,Caja plastica con tapa para almacenamiento,430.99,299,1,2026-01-15 10:00:00,2026-02-10 12:00:00
1784,P01784,Logitech G502 Hero paquete con 2 piezas,Mouse gamer de alto rendimiento,732.11,189,1,2026-01-15 10:00:00,2026-02-10 12:00:00
1785,P01785,Kingston NV2 1TB paquete con 2 piezas,Unidad SSD NVMe M.2 de 1 TB,1360.94,128,1,2026-01-15 10:00:00,2026-02-10 12:00:00
1786,P01786,Logitech G502 Hero color blanco,Mouse gamer de alto rendimiento,787.46,63,1,2026-01-15 10:00:00,2026-02-10 12:00:00
1787,P01787,Sterilite Caja organizadora 40L presentacion familiar,Caja plastica con tapa para almacenamiento,369.29,188,1,2026-01-15 10:00:00,2026-02-10 12:00:00
1788,P01788,Sterilite Caja organizadora 40L paquete con 2 piezas,Caja plastica con tapa para almacenamiento,351.75,182,1,2026-01-15 10:00:00,2026-02-10 12:00:00
1789,P01789,Sterilite Caja organizadora 40L paquete con 2 piezas,Caja plastica con tapa para almacenamiento,361.06,105,1,2026-01-15 10:00:00,2026-02-10 12:00:00
1790,P01790,Cinsa Olla de presion 6L color negro,Olla de presion de aluminio de 6 litros,843.06,64,1,2026-01-15 10:00:00,2026-02-10 12:00:00
1791,P01791,JBL Go 4 edicion especial,Bocina portatil Bluetooth,1051.83,205,1,2026-01-15 10:00:00,2026-02-10 12:00:00
1792,P01792,Tefal Plancha Ultragliss paquete con 2 piezas,Plancha de vapor para ropa,996.52,52,1,2026-01-15 10:00:00,2026-02-10 12:00:00
1793,P01793,Kingston NV2 1TB edicion especial,Unidad SSD NVMe M.2 de 1 TB,1011.53,268,1,2026-01-15 10:00:00,2026-02-10 12:00:00
1794,P01794,Colgate Total 12 presentacion familiar,Pasta dental de proteccion integral,59.57,269,1,2026-01-15 10:00:00,2026-02-10 12:00:00
1795,P01795,Logitech G502 Hero color blanco,Mouse gamer de alto rendimiento,1004.98,264,1,2026-01-15 10:00:00,2026-02-10 12:00:00
1796,P01796,Nike Revolution 7 version estandar,Tenis deportivos para entrenamiento,2086.41,169,1,2026-01-15 10:00:00,2026-02-10 12:00:00
1797,P01797,Gillette Mach3 version estandar,Rastrillo para afeitar con tres hojas,179.73,251,1,2026-01-15 10:00:00,2026-02-10 12:00:00
1798,P01798,JBL Go 4 color negro,Bocina portatil Bluetooth,1074.02,153,1,2026-01-15 10:00:00,2026-02-10 12:00:00
1799,P01799,Cinsa Olla de presion 6L edicion especial,Olla de presion de aluminio de 6 litros,1190.65,131,1,2026-01-15 10:00:00,2026-02-10 12:00:00
1800,P01800,Tefal Plancha Ultragliss edicion especial,Plancha de vapor para ropa,1057.97,162,1,2026-01-15 10:00:00,2026-02-10 12:00:00
1801,P01801,Colgate Total 12 edicion especial,Pasta dental de proteccion integral,67.76,103,1,2026-01-15 10:00:00,2026-02-10 12:00:00
1802,P01802,Cinsa Olla de presion 6L color negro,Olla de presion de aluminio de 6 litros,1188.86,216,1,2026-01-15 10:00:00,2026-02-10 12:00:00
1803,P01803,Logitech G502 Hero color negro,Mouse gamer de alto rendimiento,879.36,81,1,2026-01-15 10:00:00,2026-02-10 12:00:00
1804,P01804,Gillette Mach3 paquete con 2 piezas,Rastrillo para afeitar con tres hojas,206.37,35,1,2026-01-15 10:00:00,2026-02-10 12:00:00
1805,P01805,Colgate Total 12 color negro,Pasta dental de proteccion integral,82.51,74,1,2026-01-15 10:00:00,2026-02-10 12:00:00
1806,P01806,Gillette Mach3 modelo 2026,Rastrillo para afeitar con tres hojas,251.54,163,1,2026-01-15 10:00:00,2026-02-10 12:00:00
1807,P01807,Gillette Mach3 edicion especial,Rastrillo para afeitar con tres hojas,264.95,38,1,2026-01-15 10:00:00,2026-02-10 12:00:00
1808,P01808,Cinsa Olla de presion 6L color negro,Olla de presion de aluminio de 6 litros,931.39,110,1,2026-01-15 10:00:00,2026-02-10 12:00:00
1809,P01809,Kingston NV2 1TB paquete con 2 piezas,Unidad SSD NVMe M.2 de 1 TB,1113.8,101,1,2026-01-15 10:00:00,2026-02-10 12:00:00
1810,P01810,Logitech G502 Hero edicion especial,Mouse gamer de alto rendimiento,856.09,94,1,2026-01-15 10:00:00,2026-02-10 12:00:00
1811,P01811,SanDisk Ultra microSD 128GB edicion especial,Tarjeta microSD de 128 GB,381.87,225,1,2026-01-15 10:00:00,2026-02-10 12:00:00
1812,P01812,Kingston NV2 1TB paquete con 2 piezas,Unidad SSD NVMe M.2 de 1 TB,1250.42,269,1,2026-01-15 10:00:00,2026-02-10 12:00:00
1813,P01813,Cinsa Olla de presion 6L color blanco,Olla de presion de aluminio de 6 litros,1103.72,226,1,2026-01-15 10:00:00,2026-02-10 12:00:00
1814,P01814,Nike Revolution 7 version estandar,Tenis deportivos para entrenamiento,1844.26,299,1,2026-01-15 10:00:00,2026-02-10 12:00:00
1815,P01815,Nike Revolution 7 color negro,Tenis deportivos para entrenamiento,1727.56,198,1,2026-01-15 10:00:00,2026-02-10 12:00:00
1816,P01816,Logitech G502 Hero color negro,Mouse gamer de alto rendimiento,946.28,61,1,2026-01-15 10:00:00,2026-02-10 12:00:00
1817,P01817,JBL Go 4 presentacion familiar,Bocina portatil Bluetooth,1296.52,236,1,2026-01-15 10:00:00,2026-02-10 12:00:00
1818,P01818,Gillette Mach3 presentacion familiar,Rastrillo para afeitar con tres hojas,170.96,55,1,2026-01-15 10:00:00,2026-02-10 12:00:00
1819,P01819,JBL Go 4 version estandar,Bocina portatil Bluetooth,1261.87,171,1,2026-01-15 10:00:00,2026-02-10 12:00:00
1820,P01820,Sterilite Caja organizadora 40L color blanco,Caja plastica con tapa para almacenamiento,265.76,257,1,2026-01-15 10:00:00,2026-02-10 12:00:00
1821,P01821,Gillette Mach3 color blanco,Rastrillo para afeitar con tres hojas,299.15,73,1,2026-01-15 10:00:00,2026-02-10 12:00:00
1822,P01822,Logitech G502 Hero modelo 2026,Mouse gamer de alto rendimiento,891.59,265,1,2026-01-15 10:00:00,2026-02-10 12:00:00
1823,P01823,Sterilite Caja organizadora 40L paquete con 2 piezas,Caja plastica con tapa para almacenamiento,327.85,49,1,2026-01-15 10:00:00,2026-02-10 12:00:00
1824,P01824,Cinsa Olla de presion 6L color negro,Olla de presion de aluminio de 6 litros,946.04,150,1,2026-01-15 10:00:00,2026-02-10 12:00:00
1825,P01825,Nike Revolution 7 modelo 2026,Tenis deportivos para entrenamiento,1729.37,59,1,2026-01-15 10:00:00,2026-02-10 12:00:00
1826,P01826,Cinsa Olla de presion 6L color negro,Olla de presion de aluminio de 6 litros,1157.9,27,1,2026-01-15 10:00:00,2026-02-10 12:00:00
1827,P01827,Sterilite Caja organizadora 40L modelo 2026,Caja plastica con tapa para almacenamiento,281.55,166,1,2026-01-15 10:00:00,2026-02-10 12:00:00
1828,P01828,JBL Go 4 color blanco,Bocina portatil Bluetooth,988.28,269,1,2026-01-15 10:00:00,2026-02-10 12:00:00
1829,P01829,Tefal Plancha Ultragliss edicion especial,Plancha de vapor para ropa,1058.89,23,1,2026-01-15 10:00:00,2026-02-10 12:00:00
1830,P01830,Nike Revolution 7 version estandar,Tenis deportivos para entrenamiento,1647.29,253,1,2026-01-15 10:00:00,2026-02-10 12:00:00
1831,P01831,Colgate Total 12 presentacion familiar,Pasta dental de proteccion integral,52.8,231,1,2026-01-15 10:00:00,2026-02-10 12:00:00
1832,P01832,Tefal Plancha Ultragliss color blanco,Plancha de vapor para ropa,806.59,209,1,2026-01-15 10:00:00,2026-02-10 12:00:00
1833,P01833,Logitech G502 Hero version estandar,Mouse gamer de alto rendimiento,981.62,30,1,2026-01-15 10:00:00,2026-02-10 12:00:00
1834,P01834,Colgate Total 12 presentacion familiar,Pasta dental de proteccion integral,84.11,89,1,2026-01-15 10:00:00,2026-02-10 12:00:00
1835,P01835,Logitech G502 Hero color blanco,Mouse gamer de alto rendimiento,909.26,126,1,2026-01-15 10:00:00,2026-02-10 12:00:00
1836,P01836,Kingston NV2 1TB color blanco,Unidad SSD NVMe M.2 de 1 TB,1196.02,242,1,2026-01-15 10:00:00,2026-02-10 12:00:00
1837,P01837,Gillette Mach3 modelo 2026,Rastrillo para afeitar con tres hojas,242.47,210,1,2026-01-15 10:00:00,2026-02-10 12:00:00
1838,P01838,Gillette Mach3 version estandar,Rastrillo para afeitar con tres hojas,247.24,147,1,2026-01-15 10:00:00,2026-02-10 12:00:00
1839,P01839,JBL Go 4 edicion especial,Bocina portatil Bluetooth,1137.75,19,1,2026-01-15 10:00:00,2026-02-10 12:00:00
1840,P01840,Colgate Total 12 presentacion familiar,Pasta dental de proteccion integral,78.23,224,1,2026-01-15 10:00:00,2026-02-10 12:00:00
1841,P01841,Tefal Plancha Ultragliss modelo 2026,Plancha de vapor para ropa,1032.58,25,1,2026-01-15 10:00:00,2026-02-10 12:00:00
1842,P01842,Kingston NV2 1TB presentacion familiar,Unidad SSD NVMe M.2 de 1 TB,1148.17,145,1,2026-01-15 10:00:00,2026-02-10 12:00:00
1843,P01843,Sterilite Caja organizadora 40L version estandar,Caja plastica con tapa para almacenamiento,225.88,285,1,2026-01-15 10:00:00,2026-02-10 12:00:00
1844,P01844,Nike Revolution 7 color negro,Tenis deportivos para entrenamiento,1914.76,203,1,2026-01-15 10:00:00,2026-02-10 12:00:00
1845,P01845,Sterilite Caja organizadora 40L paquete con 2 piezas,Caja plastica con tapa para almacenamiento,389.88,274,1,2026-01-15 10:00:00,2026-02-10 12:00:00
1846,P01846,SanDisk Ultra microSD 128GB version estandar,Tarjeta microSD de 128 GB,341.84,206,1,2026-01-15 10:00:00,2026-02-10 12:00:00
1847,P01847,Sterilite Caja organizadora 40L paquete con 2 piezas,Caja plastica con tapa para almacenamiento,359.08,35,1,2026-01-15 10:00:00,2026-02-10 12:00:00
1848,P01848,JBL Go 4 modelo 2026,Bocina portatil Bluetooth,1155.91,256,1,2026-01-15 10:00:00,2026-02-10 12:00:00
1849,P01849,SanDisk Ultra microSD 128GB color negro,Tarjeta microSD de 128 GB,379.31,186,1,2026-01-15 10:00:00,2026-02-10 12:00:00
1850,P01850,SanDisk Ultra microSD 128GB version estandar,Tarjeta microSD de 128 GB,338.14,268,1,2026-01-15 10:00:00,2026-02-10 12:00:00
1851,P01851,SanDisk Ultra microSD 128GB presentacion familiar,Tarjeta microSD de 128 GB,386.55,220,1,2026-01-15 10:00:00,2026-02-10 12:00:00
1852,P01852,Cinsa Olla de presion 6L modelo 2026,Olla de presion de aluminio de 6 litros,1056.81,202,1,2026-01-15 10:00:00,2026-02-10 12:00:00
1853,P01853,Nike Revolution 7 color blanco,Tenis deportivos para entrenamiento,1744.5,123,1,2026-01-15 10:00:00,2026-02-10 12:00:00
1854,P01854,SanDisk Ultra microSD 128GB modelo 2026,Tarjeta microSD de 128 GB,308.12,72,1,2026-01-15 10:00:00,2026-02-10 12:00:00
1855,P01855,Gillette Mach3 color blanco,Rastrillo para afeitar con tres hojas,199.26,2,0,2026-01-15 10:00:00,2026-02-10 12:00:00
1856,P01856,Cinsa Olla de presion 6L presentacion familiar,Olla de presion de aluminio de 6 litros,868.4,213,1,2026-01-15 10:00:00,2026-02-10 12:00:00
1857,P01857,Kingston NV2 1TB modelo 2026,Unidad SSD NVMe M.2 de 1 TB,1035.93,279,1,2026-01-15 10:00:00,2026-02-10 12:00:00
1858,P01858,Logitech G502 Hero version estandar,Mouse gamer de alto rendimiento,863.8,199,1,2026-01-15 10:00:00,2026-02-10 12:00:00
1859,P01859,Nike Revolution 7 modelo 2026,Tenis deportivos para entrenamiento,1657.65,122,1,2026-01-15 10:00:00,2026-02-10 12:00:00
1860,P01860,Nike Revolution 7 edicion especial,Tenis deportivos para entrenamiento,1540.98,171,1,2026-01-15 10:00:00,2026-02-10 12:00:00
1861,P01861,Logitech G502 Hero paquete con 2 piezas,Mouse gamer de alto rendimiento,921.03,80,1,2026-01-15 10:00:00,2026-02-10 12:00:00
1862,P01862,Kingston NV2 1TB edicion especial,Unidad SSD NVMe M.2 de 1 TB,1342.78,117,1,2026-01-15 10:00:00,2026-02-10 12:00:00
1863,P01863,Colgate Total 12 modelo 2026,Pasta dental de proteccion integral,72.44,294,1,2026-01-15 10:00:00,2026-02-10 12:00:00
1864,P01864,Tefal Plancha Ultragliss version estandar,Plancha de vapor para ropa,855.4,36,1,2026-01-15 10:00:00,2026-02-10 12:00:00
1865,P01865,Sterilite Caja organizadora 40L presentacion familiar,Caja plastica con tapa para almacenamiento,432.45,25,1,2026-01-15 10:00:00,2026-02-10 12:00:00
1866,P01866,Tefal Plancha Ultragliss color negro,Plancha de vapor para ropa,1167.55,176,1,2026-01-15 10:00:00,2026-02-10 12:00:00
1867,P01867,Logitech G502 Hero color negro,Mouse gamer de alto rendimiento,898.53,16,1,2026-01-15 10:00:00,2026-02-10 12:00:00
1868,P01868,Cinsa Olla de presion 6L color negro,Olla de presion de aluminio de 6 litros,856.26,118,1,2026-01-15 10:00:00,2026-02-10 12:00:00
1869,P01869,Kingston NV2 1TB edicion especial,Unidad SSD NVMe M.2 de 1 TB,1260.51,287,1,2026-01-15 10:00:00,2026-02-10 12:00:00
1870,P01870,JBL Go 4 color blanco,Bocina portatil Bluetooth,1091.55,230,1,2026-01-15 10:00:00,2026-02-10 12:00:00
1871,P01871,Logitech G502 Hero modelo 2026,Mouse gamer de alto rendimiento,822.51,111,1,2026-01-15 10:00:00,2026-02-10 12:00:00
1872,P01872,Nike Revolution 7 edicion especial,Tenis deportivos para entrenamiento,1556.47,139,1,2026-01-15 10:00:00,2026-02-10 12:00:00
1873,P01873,JBL Go 4 presentacion familiar,Bocina portatil Bluetooth,1167.35,256,1,2026-01-15 10:00:00,2026-02-10 12:00:00
1874,P01874,Tefal Plancha Ultragliss color blanco,Plancha de vapor para ropa,800.07,65,1,2026-01-15 10:00:00,2026-02-10 12:00:00
1875,P01875,SanDisk Ultra microSD 128GB color blanco,Tarjeta microSD de 128 GB,299.21,145,1,2026-01-15 10:00:00,2026-02-10 12:00:00
1876,P01876,Logitech G502 Hero modelo 2026,Mouse gamer de alto rendimiento,791.19,237,1,2026-01-15 10:00:00,2026-02-10 12:00:00
1877,P01877,JBL Go 4 presentacion familiar,Bocina portatil Bluetooth,1183.19,43,1,2026-01-15 10:00:00,2026-02-10 12:00:00
1878,P01878,Nike Revolution 7 paquete con 2 piezas,Tenis deportivos para entrenamiento,1961.58,251,1,2026-01-15 10:00:00,2026-02-10 12:00:00
1879,P01879,Tefal Plancha Ultragliss paquete con 2 piezas,Plancha de vapor para ropa,863.64,267,1,2026-01-15 10:00:00,2026-02-10 12:00:00
1880,P01880,JBL Go 4 edicion especial,Bocina portatil Bluetooth,1182.6,152,1,2026-01-15 10:00:00,2026-02-10 12:00:00
1881,P01881,Colgate Total 12 presentacion familiar,Pasta dental de proteccion integral,79.97,17,1,2026-01-15 10:00:00,2026-02-10 12:00:00
1882,P01882,Cinsa Olla de presion 6L version estandar,Olla de presion de aluminio de 6 litros,1129.05,89,1,2026-01-15 10:00:00,2026-02-10 12:00:00
1883,P01883,JBL Go 4 version estandar,Bocina portatil Bluetooth,1159.45,149,1,2026-01-15 10:00:00,2026-02-10 12:00:00
1884,P01884,Tefal Plancha Ultragliss color blanco,Plancha de vapor para ropa,1111.01,89,1,2026-01-15 10:00:00,2026-02-10 12:00:00
1885,P01885,JBL Go 4 edicion especial,Bocina portatil Bluetooth,1264.44,249,1,2026-01-15 10:00:00,2026-02-10 12:00:00
1886,P01886,Sterilite Caja organizadora 40L color blanco,Caja plastica con tapa para almacenamiento,344.01,82,1,2026-01-15 10:00:00,2026-02-10 12:00:00
1887,P01887,JBL Go 4 color negro,Bocina portatil Bluetooth,1022.95,123,1,2026-01-15 10:00:00,2026-02-10 12:00:00
1888,P01888,Nike Revolution 7 presentacion familiar,Tenis deportivos para entrenamiento,2045.08,228,1,2026-01-15 10:00:00,2026-02-10 12:00:00
1889,P01889,Kingston NV2 1TB color negro,Unidad SSD NVMe M.2 de 1 TB,1407.14,287,1,2026-01-15 10:00:00,2026-02-10 12:00:00
1890,P01890,Gillette Mach3 paquete con 2 piezas,Rastrillo para afeitar con tres hojas,244.04,52,1,2026-01-15 10:00:00,2026-02-10 12:00:00
1891,P01891,Kingston NV2 1TB version estandar,Unidad SSD NVMe M.2 de 1 TB,1353.94,175,1,2026-01-15 10:00:00,2026-02-10 12:00:00
1892,P01892,Tefal Plancha Ultragliss paquete con 2 piezas,Plancha de vapor para ropa,904.44,165,1,2026-01-15 10:00:00,2026-02-10 12:00:00
1893,P01893,SanDisk Ultra microSD 128GB color blanco,Tarjeta microSD de 128 GB,315.25,277,1,2026-01-15 10:00:00,2026-02-10 12:00:00
1894,P01894,Colgate Total 12 color blanco,Pasta dental de proteccion integral,89.22,220,1,2026-01-15 10:00:00,2026-02-10 12:00:00
1895,P01895,JBL Go 4 version estandar,Bocina portatil Bluetooth,1144.3,99,1,2026-01-15 10:00:00,2026-02-10 12:00:00
1896,P01896,Logitech G502 Hero version estandar,Mouse gamer de alto rendimiento,893.73,97,1,2026-01-15 10:00:00,2026-02-10 12:00:00
1897,P01897,Tefal Plancha Ultragliss color blanco,Plancha de vapor para ropa,895.05,227,1,2026-01-15 10:00:00,2026-02-10 12:00:00
1898,P01898,Cinsa Olla de presion 6L color negro,Olla de presion de aluminio de 6 litros,906.93,85,1,2026-01-15 10:00:00,2026-02-10 12:00:00
1899,P01899,Nike Revolution 7 color negro,Tenis deportivos para entrenamiento,1917.41,94,1,2026-01-15 10:00:00,2026-02-10 12:00:00
1900,P01900,Kingston NV2 1TB color blanco,Unidad SSD NVMe M.2 de 1 TB,1368.94,85,1,2026-01-15 10:00:00,2026-02-10 12:00:00
1901,P01901,Tefal Plancha Ultragliss color negro,Plancha de vapor para ropa,809.6,286,1,2026-01-15 10:00:00,2026-02-10 12:00:00
1902,P01902,Colgate Total 12 color negro,Pasta dental de proteccion integral,56.13,114,1,2026-01-15 10:00:00,2026-02-10 12:00:00
1903,P01903,Gillette Mach3 presentacion familiar,Rastrillo para afeitar con tres hojas,224.5,211,1,2026-01-15 10:00:00,2026-02-10 12:00:00
1904,P01904,Tefal Plancha Ultragliss version estandar,Plancha de vapor para ropa,877.34,246,1,2026-01-15 10:00:00,2026-02-10 12:00:00
1905,P01905,Logitech G502 Hero version estandar,Mouse gamer de alto rendimiento,723.01,194,1,2026-01-15 10:00:00,2026-02-10 12:00:00
1906,P01906,Logitech G502 Hero edicion especial,Mouse gamer de alto rendimiento,846.54,169,1,2026-01-15 10:00:00,2026-02-10 12:00:00
1907,P01907,Tefal Plancha Ultragliss paquete con 2 piezas,Plancha de vapor para ropa,813.68,270,1,2026-01-15 10:00:00,2026-02-10 12:00:00
1908,P01908,Kingston NV2 1TB edicion especial,Unidad SSD NVMe M.2 de 1 TB,1251.28,139,1,2026-01-15 10:00:00,2026-02-10 12:00:00
1909,P01909,Tefal Plancha Ultragliss version estandar,Plancha de vapor para ropa,1104.1,66,1,2026-01-15 10:00:00,2026-02-10 12:00:00
1910,P01910,SanDisk Ultra microSD 128GB edicion especial,Tarjeta microSD de 128 GB,347.23,201,1,2026-01-15 10:00:00,2026-02-10 12:00:00
1911,P01911,Sterilite Caja organizadora 40L color blanco,Caja plastica con tapa para almacenamiento,379.89,29,1,2026-01-15 10:00:00,2026-02-10 12:00:00
1912,P01912,SanDisk Ultra microSD 128GB edicion especial,Tarjeta microSD de 128 GB,358.31,178,1,2026-01-15 10:00:00,2026-02-10 12:00:00
1913,P01913,Tefal Plancha Ultragliss color negro,Plancha de vapor para ropa,954.84,254,1,2026-01-15 10:00:00,2026-02-10 12:00:00
1914,P01914,Logitech G502 Hero presentacion familiar,Mouse gamer de alto rendimiento,842.56,19,1,2026-01-15 10:00:00,2026-02-10 12:00:00
1915,P01915,SanDisk Ultra microSD 128GB edicion especial,Tarjeta microSD de 128 GB,303.61,157,1,2026-01-15 10:00:00,2026-02-10 12:00:00
1916,P01916,Nike Revolution 7 paquete con 2 piezas,Tenis deportivos para entrenamiento,1567.56,169,1,2026-01-15 10:00:00,2026-02-10 12:00:00
1917,P01917,Tefal Plancha Ultragliss presentacion familiar,Plancha de vapor para ropa,846.12,69,1,2026-01-15 10:00:00,2026-02-10 12:00:00
1918,P01918,Tefal Plancha Ultragliss color blanco,Plancha de vapor para ropa,971.52,118,1,2026-01-15 10:00:00,2026-02-10 12:00:00
1919,P01919,Sterilite Caja organizadora 40L version estandar,Caja plastica con tapa para almacenamiento,419.49,20,1,2026-01-15 10:00:00,2026-02-10 12:00:00
1920,P01920,Sterilite Caja organizadora 40L paquete con 2 piezas,Caja plastica con tapa para almacenamiento,259.26,9,0,2026-01-15 10:00:00,2026-02-10 12:00:00
1921,P01921,JBL Go 4 version estandar,Bocina portatil Bluetooth,1101.75,25,1,2026-01-15 10:00:00,2026-02-10 12:00:00
1922,P01922,Colgate Total 12 edicion especial,Pasta dental de proteccion integral,74.8,292,1,2026-01-15 10:00:00,2026-02-10 12:00:00
1923,P01923,Colgate Total 12 color negro,Pasta dental de proteccion integral,96.41,52,1,2026-01-15 10:00:00,2026-02-10 12:00:00
1924,P01924,Cinsa Olla de presion 6L color negro,Olla de presion de aluminio de 6 litros,1017.28,229,1,2026-01-15 10:00:00,2026-02-10 12:00:00
1925,P01925,Cinsa Olla de presion 6L edicion especial,Olla de presion de aluminio de 6 litros,917.53,134,1,2026-01-15 10:00:00,2026-02-10 12:00:00
1926,P01926,JBL Go 4 presentacion familiar,Bocina portatil Bluetooth,1129.09,105,1,2026-01-15 10:00:00,2026-02-10 12:00:00
1927,P01927,Logitech G502 Hero presentacion familiar,Mouse gamer de alto rendimiento,919.12,64,1,2026-01-15 10:00:00,2026-02-10 12:00:00
1928,P01928,Kingston NV2 1TB paquete con 2 piezas,Unidad SSD NVMe M.2 de 1 TB,1062.6,67,1,2026-01-15 10:00:00,2026-02-10 12:00:00
1929,P01929,SanDisk Ultra microSD 128GB presentacion familiar,Tarjeta microSD de 128 GB,307.07,261,1,2026-01-15 10:00:00,2026-02-10 12:00:00
1930,P01930,Tefal Plancha Ultragliss edicion especial,Plancha de vapor para ropa,1169.38,151,1,2026-01-15 10:00:00,2026-02-10 12:00:00
1931,P01931,Colgate Total 12 paquete con 2 piezas,Pasta dental de proteccion integral,92.01,42,1,2026-01-15 10:00:00,2026-02-10 12:00:00
1932,P01932,Tefal Plancha Ultragliss paquete con 2 piezas,Plancha de vapor para ropa,1044.32,162,1,2026-01-15 10:00:00,2026-02-10 12:00:00
1933,P01933,SanDisk Ultra microSD 128GB version estandar,Tarjeta microSD de 128 GB,344.69,225,1,2026-01-15 10:00:00,2026-02-10 12:00:00
1934,P01934,Logitech G502 Hero modelo 2026,Mouse gamer de alto rendimiento,1076.22,115,1,2026-01-15 10:00:00,2026-02-10 12:00:00
1935,P01935,Sterilite Caja organizadora 40L paquete con 2 piezas,Caja plastica con tapa para almacenamiento,222.61,164,1,2026-01-15 10:00:00,2026-02-10 12:00:00
1936,P01936,Logitech G502 Hero paquete con 2 piezas,Mouse gamer de alto rendimiento,973.24,125,1,2026-01-15 10:00:00,2026-02-10 12:00:00
1937,P01937,Sterilite Caja organizadora 40L modelo 2026,Caja plastica con tapa para almacenamiento,412.16,9,0,2026-01-15 10:00:00,2026-02-10 12:00:00
1938,P01938,Colgate Total 12 paquete con 2 piezas,Pasta dental de proteccion integral,83.74,179,1,2026-01-15 10:00:00,2026-02-10 12:00:00
1939,P01939,Sterilite Caja organizadora 40L color negro,Caja plastica con tapa para almacenamiento,257.46,65,1,2026-01-15 10:00:00,2026-02-10 12:00:00
1940,P01940,JBL Go 4 color negro,Bocina portatil Bluetooth,1210.18,150,1,2026-01-15 10:00:00,2026-02-10 12:00:00
1941,P01941,Gillette Mach3 color blanco,Rastrillo para afeitar con tres hojas,297.49,194,1,2026-01-15 10:00:00,2026-02-10 12:00:00
1942,P01942,SanDisk Ultra microSD 128GB paquete con 2 piezas,Tarjeta microSD de 128 GB,361.62,46,1,2026-01-15 10:00:00,2026-02-10 12:00:00
1943,P01943,Logitech G502 Hero presentacion familiar,Mouse gamer de alto rendimiento,874.89,117,1,2026-01-15 10:00:00,2026-02-10 12:00:00
1944,P01944,SanDisk Ultra microSD 128GB edicion especial,Tarjeta microSD de 128 GB,300.72,173,1,2026-01-15 10:00:00,2026-02-10 12:00:00
1945,P01945,JBL Go 4 edicion especial,Bocina portatil Bluetooth,1218.64,111,1,2026-01-15 10:00:00,2026-02-10 12:00:00
1946,P01946,Tefal Plancha Ultragliss presentacion familiar,Plancha de vapor para ropa,1064.73,40,1,2026-01-15 10:00:00,2026-02-10 12:00:00
1947,P01947,Logitech G502 Hero paquete con 2 piezas,Mouse gamer de alto rendimiento,761.13,226,1,2026-01-15 10:00:00,2026-02-10 12:00:00
1948,P01948,Sterilite Caja organizadora 40L paquete con 2 piezas,Caja plastica con tapa para almacenamiento,287.67,92,1,2026-01-15 10:00:00,2026-02-10 12:00:00
1949,P01949,SanDisk Ultra microSD 128GB presentacion familiar,Tarjeta microSD de 128 GB,396.03,120,1,2026-01-15 10:00:00,2026-02-10 12:00:00
1950,P01950,Colgate Total 12 color negro,Pasta dental de proteccion integral,66.35,127,1,2026-01-15 10:00:00,2026-02-10 12:00:00
1951,P01951,Cinsa Olla de presion 6L color blanco,Olla de presion de aluminio de 6 litros,987.97,175,1,2026-01-15 10:00:00,2026-02-10 12:00:00
1952,P01952,Sterilite Caja organizadora 40L paquete con 2 piezas,Caja plastica con tapa para almacenamiento,254.67,80,1,2026-01-15 10:00:00,2026-02-10 12:00:00
1953,P01953,JBL Go 4 modelo 2026,Bocina portatil Bluetooth,1217.57,298,1,2026-01-15 10:00:00,2026-02-10 12:00:00
1954,P01954,Gillette Mach3 version estandar,Rastrillo para afeitar con tres hojas,287.92,281,1,2026-01-15 10:00:00,2026-02-10 12:00:00
1955,P01955,Kingston NV2 1TB color negro,Unidad SSD NVMe M.2 de 1 TB,1345.53,67,1,2026-01-15 10:00:00,2026-02-10 12:00:00
1956,P01956,Cinsa Olla de presion 6L color blanco,Olla de presion de aluminio de 6 litros,976.91,250,1,2026-01-15 10:00:00,2026-02-10 12:00:00
1957,P01957,Sterilite Caja organizadora 40L presentacion familiar,Caja plastica con tapa para almacenamiento,218.71,99,1,2026-01-15 10:00:00,2026-02-10 12:00:00
1958,P01958,Tefal Plancha Ultragliss color blanco,Plancha de vapor para ropa,1150.86,197,1,2026-01-15 10:00:00,2026-02-10 12:00:00
1959,P01959,Cinsa Olla de presion 6L version estandar,Olla de presion de aluminio de 6 litros,906.03,211,1,2026-01-15 10:00:00,2026-02-10 12:00:00
1960,P01960,Colgate Total 12 presentacion familiar,Pasta dental de proteccion integral,70.16,202,1,2026-01-15 10:00:00,2026-02-10 12:00:00
1961,P01961,Logitech G502 Hero color blanco,Mouse gamer de alto rendimiento,805.19,17,1,2026-01-15 10:00:00,2026-02-10 12:00:00
1962,P01962,SanDisk Ultra microSD 128GB version estandar,Tarjeta microSD de 128 GB,288.08,273,1,2026-01-15 10:00:00,2026-02-10 12:00:00
1963,P01963,Cinsa Olla de presion 6L presentacion familiar,Olla de presion de aluminio de 6 litros,873.31,256,1,2026-01-15 10:00:00,2026-02-10 12:00:00
1964,P01964,Gillette Mach3 presentacion familiar,Rastrillo para afeitar con tres hojas,194.28,34,1,2026-01-15 10:00:00,2026-02-10 12:00:00
1965,P01965,JBL Go 4 modelo 2026,Bocina portatil Bluetooth,1238.11,181,1,2026-01-15 10:00:00,2026-02-10 12:00:00
1966,P01966,Kingston NV2 1TB color blanco,Unidad SSD NVMe M.2 de 1 TB,1359.34,166,1,2026-01-15 10:00:00,2026-02-10 12:00:00
1967,P01967,Sterilite Caja organizadora 40L presentacion familiar,Caja plastica con tapa para almacenamiento,420.34,204,1,2026-01-15 10:00:00,2026-02-10 12:00:00
1968,P01968,Cinsa Olla de presion 6L paquete con 2 piezas,Olla de presion de aluminio de 6 litros,932.2,42,1,2026-01-15 10:00:00,2026-02-10 12:00:00
1969,P01969,JBL Go 4 presentacion familiar,Bocina portatil Bluetooth,1016.6,73,1,2026-01-15 10:00:00,2026-02-10 12:00:00
1970,P01970,Sterilite Caja organizadora 40L version estandar,Caja plastica con tapa para almacenamiento,315.07,114,1,2026-01-15 10:00:00,2026-02-10 12:00:00
1971,P01971,Nike Revolution 7 paquete con 2 piezas,Tenis deportivos para entrenamiento,1641.72,153,1,2026-01-15 10:00:00,2026-02-10 12:00:00
1972,P01972,Sterilite Caja organizadora 40L presentacion familiar,Caja plastica con tapa para almacenamiento,344.16,2,0,2026-01-15 10:00:00,2026-02-10 12:00:00
1973,P01973,Cinsa Olla de presion 6L paquete con 2 piezas,Olla de presion de aluminio de 6 litros,1186.14,70,1,2026-01-15 10:00:00,2026-02-10 12:00:00
1974,P01974,Nike Revolution 7 edicion especial,Tenis deportivos para entrenamiento,1531.37,50,1,2026-01-15 10:00:00,2026-02-10 12:00:00
1975,P01975,Sterilite Caja organizadora 40L paquete con 2 piezas,Caja plastica con tapa para almacenamiento,258.08,143,1,2026-01-15 10:00:00,2026-02-10 12:00:00
1976,P01976,Tefal Plancha Ultragliss color negro,Plancha de vapor para ropa,1164.19,213,1,2026-01-15 10:00:00,2026-02-10 12:00:00
1977,P01977,Gillette Mach3 version estandar,Rastrillo para afeitar con tres hojas,158.74,243,1,2026-01-15 10:00:00,2026-02-10 12:00:00
1978,P01978,Gillette Mach3 version estandar,Rastrillo para afeitar con tres hojas,157.64,53,1,2026-01-15 10:00:00,2026-02-10 12:00:00
1979,P01979,JBL Go 4 color negro,Bocina portatil Bluetooth,917.79,206,1,2026-01-15 10:00:00,2026-02-10 12:00:00
1980,P01980,Kingston NV2 1TB color negro,Unidad SSD NVMe M.2 de 1 TB,1375.43,169,1,2026-01-15 10:00:00,2026-02-10 12:00:00
1981,P01981,Nike Revolution 7 modelo 2026,Tenis deportivos para entrenamiento,2192.86,285,1,2026-01-15 10:00:00,2026-02-10 12:00:00
1982,P01982,SanDisk Ultra microSD 128GB color blanco,Tarjeta microSD de 128 GB,346.4,168,1,2026-01-15 10:00:00,2026-02-10 12:00:00
1983,P01983,Kingston NV2 1TB presentacion familiar,Unidad SSD NVMe M.2 de 1 TB,1009.2,30,1,2026-01-15 10:00:00,2026-02-10 12:00:00
1984,P01984,Kingston NV2 1TB color blanco,Unidad SSD NVMe M.2 de 1 TB,1151.16,119,1,2026-01-15 10:00:00,2026-02-10 12:00:00
1985,P01985,Kingston NV2 1TB color negro,Unidad SSD NVMe M.2 de 1 TB,1355.12,185,1,2026-01-15 10:00:00,2026-02-10 12:00:00
1986,P01986,Tefal Plancha Ultragliss paquete con 2 piezas,Plancha de vapor para ropa,810.36,230,1,2026-01-15 10:00:00,2026-02-10 12:00:00
1987,P01987,Kingston NV2 1TB color negro,Unidad SSD NVMe M.2 de 1 TB,1383.88,23,1,2026-01-15 10:00:00,2026-02-10 12:00:00
1988,P01988,JBL Go 4 version estandar,Bocina portatil Bluetooth,1282.85,273,1,2026-01-15 10:00:00,2026-02-10 12:00:00
1989,P01989,Tefal Plancha Ultragliss modelo 2026,Plancha de vapor para ropa,1041.89,293,1,2026-01-15 10:00:00,2026-02-10 12:00:00
1990,P01990,Sterilite Caja organizadora 40L color blanco,Caja plastica con tapa para almacenamiento,286,40,1,2026-01-15 10:00:00,2026-02-10 12:00:00
1991,P01991,Sterilite Caja organizadora 40L edicion especial,Caja plastica con tapa para almacenamiento,340.9,293,1,2026-01-15 10:00:00,2026-02-10 12:00:00
1992,P01992,SanDisk Ultra microSD 128GB color blanco,Tarjeta microSD de 128 GB,392.47,169,1,2026-01-15 10:00:00,2026-02-10 12:00:00
1993,P01993,JBL Go 4 modelo 2026,Bocina portatil Bluetooth,1057.75,123,1,2026-01-15 10:00:00,2026-02-10 12:00:00
1994,P01994,Gillette Mach3 presentacion familiar,Rastrillo para afeitar con tres hojas,156.64,202,1,2026-01-15 10:00:00,2026-02-10 12:00:00
1995,P01995,Tefal Plancha Ultragliss paquete con 2 piezas,Plancha de vapor para ropa,1093.43,173,1,2026-01-15 10:00:00,2026-02-10 12:00:00
1996,P01996,Cinsa Olla de presion 6L edicion especial,Olla de presion de aluminio de 6 litros,856.82,267,1,2026-01-15 10:00:00,2026-02-10 12:00:00
1997,P01997,Cinsa Olla de presion 6L presentacion familiar,Olla de presion de aluminio de 6 litros,1028.41,168,1,2026-01-15 10:00:00,2026-02-10 12:00:00
1998,P01998,Kingston NV2 1TB version estandar,Unidad SSD NVMe M.2 de 1 TB,1309.49,99,1,2026-01-15 10:00:00,2026-02-10 12:00:00
1999,P01999,JBL Go 4 modelo 2026,Bocina portatil Bluetooth,1240.64,5,1,2026-01-15 10:00:00,2026-02-10 12:00:00
2000,P02000,Gillette Mach3 version estandar,Rastrillo para afeitar con tres hojas,190.14,252,1,2026-01-15 10:00:00,2026-02-10 12:00:00
2001,P02001,Kingston NV2 1TB modelo 2026,Unidad SSD NVMe M.2 de 1 TB,1384.79,290,1,2026-01-15 10:00:00,2026-02-10 12:00:00
2002,P02002,Tefal Plancha Ultragliss color negro,Plancha de vapor para ropa,958.92,188,1,2026-01-15 10:00:00,2026-02-10 12:00:00
2003,P02003,Logitech G502 Hero version estandar,Mouse gamer de alto rendimiento,921.26,68,1,2026-01-15 10:00:00,2026-02-10 12:00:00
2004,P02004,Sterilite Caja organizadora 40L color blanco,Caja plastica con tapa para almacenamiento,250.03,107,1,2026-01-15 10:00:00,2026-02-10 12:00:00
2005,P02005,Colgate Total 12 color negro,Pasta dental de proteccion integral,62.92,113,1,2026-01-15 10:00:00,2026-02-10 12:00:00
2006,P02006,SanDisk Ultra microSD 128GB paquete con 2 piezas,Tarjeta microSD de 128 GB,264.07,8,0,2026-01-15 10:00:00,2026-02-10 12:00:00
2007,P02007,Logitech G502 Hero edicion especial,Mouse gamer de alto rendimiento,812.96,7,0,2026-01-15 10:00:00,2026-02-10 12:00:00
2008,P02008,Tefal Plancha Ultragliss color negro,Plancha de vapor para ropa,986.41,222,1,2026-01-15 10:00:00,2026-02-10 12:00:00
2009,P02009,Logitech G502 Hero color blanco,Mouse gamer de alto rendimiento,848.99,278,1,2026-01-15 10:00:00,2026-02-10 12:00:00
2010,P02010,Tefal Plancha Ultragliss version estandar,Plancha de vapor para ropa,869.49,280,1,2026-01-15 10:00:00,2026-02-10 12:00:00
2011,P02011,SanDisk Ultra microSD 128GB color blanco,Tarjeta microSD de 128 GB,259.88,31,1,2026-01-15 10:00:00,2026-02-10 12:00:00
2012,P02012,Colgate Total 12 modelo 2026,Pasta dental de proteccion integral,82.57,199,1,2026-01-15 10:00:00,2026-02-10 12:00:00
2013,P02013,Logitech G502 Hero paquete con 2 piezas,Mouse gamer de alto rendimiento,755.16,267,1,2026-01-15 10:00:00,2026-02-10 12:00:00
2014,P02014,JBL Go 4 color blanco,Bocina portatil Bluetooth,1124.78,223,1,2026-01-15 10:00:00,2026-02-10 12:00:00
2015,P02015,Logitech G502 Hero modelo 2026,Mouse gamer de alto rendimiento,821,34,1,2026-01-15 10:00:00,2026-02-10 12:00:00
2016,P02016,Tefal Plancha Ultragliss color blanco,Plancha de vapor para ropa,1149.93,217,1,2026-01-15 10:00:00,2026-02-10 12:00:00
2017,P02017,Sterilite Caja organizadora 40L presentacion familiar,Caja plastica con tapa para almacenamiento,215.81,87,1,2026-01-15 10:00:00,2026-02-10 12:00:00
2018,P02018,Logitech G502 Hero color negro,Mouse gamer de alto rendimiento,813.98,291,1,2026-01-15 10:00:00,2026-02-10 12:00:00
2019,P02019,Kingston NV2 1TB edicion especial,Unidad SSD NVMe M.2 de 1 TB,1447.98,49,1,2026-01-15 10:00:00,2026-02-10 12:00:00
2020,P02020,Logitech G502 Hero color blanco,Mouse gamer de alto rendimiento,805.07,282,1,2026-01-15 10:00:00,2026-02-10 12:00:00
2021,P02021,Colgate Total 12 version estandar,Pasta dental de proteccion integral,53.9,99,1,2026-01-15 10:00:00,2026-02-10 12:00:00
2022,P02022,Colgate Total 12 modelo 2026,Pasta dental de proteccion integral,64.68,298,1,2026-01-15 10:00:00,2026-02-10 12:00:00
2023,P02023,SanDisk Ultra microSD 128GB modelo 2026,Tarjeta microSD de 128 GB,253.47,293,1,2026-01-15 10:00:00,2026-02-10 12:00:00
2024,P02024,Logitech G502 Hero presentacion familiar,Mouse gamer de alto rendimiento,833.23,142,1,2026-01-15 10:00:00,2026-02-10 12:00:00
2025,P02025,Gillette Mach3 version estandar,Rastrillo para afeitar con tres hojas,201.46,199,1,2026-01-15 10:00:00,2026-02-10 12:00:00
2026,P02026,Tefal Plancha Ultragliss version estandar,Plancha de vapor para ropa,1070.42,62,1,2026-01-15 10:00:00,2026-02-10 12:00:00
2027,P02027,Logitech G502 Hero paquete con 2 piezas,Mouse gamer de alto rendimiento,974.41,297,1,2026-01-15 10:00:00,2026-02-10 12:00:00
2028,P02028,Gillette Mach3 version estandar,Rastrillo para afeitar con tres hojas,266.9,283,1,2026-01-15 10:00:00,2026-02-10 12:00:00
2029,P02029,SanDisk Ultra microSD 128GB version estandar,Tarjeta microSD de 128 GB,322.59,70,1,2026-01-15 10:00:00,2026-02-10 12:00:00
2030,P02030,Nike Revolution 7 edicion especial,Tenis deportivos para entrenamiento,1523.11,55,1,2026-01-15 10:00:00,2026-02-10 12:00:00
2031,P02031,Sterilite Caja organizadora 40L presentacion familiar,Caja plastica con tapa para almacenamiento,435.8,106,1,2026-01-15 10:00:00,2026-02-10 12:00:00
2032,P02032,Sterilite Caja organizadora 40L version estandar,Caja plastica con tapa para almacenamiento,444.6,43,1,2026-01-15 10:00:00,2026-02-10 12:00:00
2033,P02033,Cinsa Olla de presion 6L version estandar,Olla de presion de aluminio de 6 litros,844.53,186,1,2026-01-15 10:00:00,2026-02-10 12:00:00
2034,P02034,Colgate Total 12 modelo 2026,Pasta dental de proteccion integral,71.21,81,1,2026-01-15 10:00:00,2026-02-10 12:00:00
2035,P02035,Colgate Total 12 color blanco,Pasta dental de proteccion integral,71.07,156,1,2026-01-15 10:00:00,2026-02-10 12:00:00
2036,P02036,Nike Revolution 7 version estandar,Tenis deportivos para entrenamiento,2160.31,286,1,2026-01-15 10:00:00,2026-02-10 12:00:00
2037,P02037,Nike Revolution 7 presentacion familiar,Tenis deportivos para entrenamiento,1949.99,188,1,2026-01-15 10:00:00,2026-02-10 12:00:00
2038,P02038,Tefal Plancha Ultragliss presentacion familiar,Plancha de vapor para ropa,1063.16,153,1,2026-01-15 10:00:00,2026-02-10 12:00:00
2039,P02039,SanDisk Ultra microSD 128GB paquete con 2 piezas,Tarjeta microSD de 128 GB,389.6,132,1,2026-01-15 10:00:00,2026-02-10 12:00:00
2040,P02040,JBL Go 4 version estandar,Bocina portatil Bluetooth,1092.19,180,1,2026-01-15 10:00:00,2026-02-10 12:00:00
2041,P02041,Cinsa Olla de presion 6L edicion especial,Olla de presion de aluminio de 6 litros,1144.84,188,1,2026-01-15 10:00:00,2026-02-10 12:00:00
2042,P02042,Kingston NV2 1TB paquete con 2 piezas,Unidad SSD NVMe M.2 de 1 TB,1163.14,220,1,2026-01-15 10:00:00,2026-02-10 12:00:00
2043,P02043,Logitech G502 Hero paquete con 2 piezas,Mouse gamer de alto rendimiento,918.84,284,1,2026-01-15 10:00:00,2026-02-10 12:00:00
2044,P02044,Cinsa Olla de presion 6L edicion especial,Olla de presion de aluminio de 6 litros,917.99,128,1,2026-01-15 10:00:00,2026-02-10 12:00:00
2045,P02045,Cinsa Olla de presion 6L color blanco,Olla de presion de aluminio de 6 litros,1001.02,194,1,2026-01-15 10:00:00,2026-02-10 12:00:00
2046,P02046,Colgate Total 12 version estandar,Pasta dental de proteccion integral,78.51,8,1,2026-01-15 10:00:00,2026-02-10 12:00:00
2047,P02047,Colgate Total 12 version estandar,Pasta dental de proteccion integral,72.89,201,1,2026-01-15 10:00:00,2026-02-10 12:00:00
2048,P02048,Logitech G502 Hero color negro,Mouse gamer de alto rendimiento,846.59,117,1,2026-01-15 10:00:00,2026-02-10 12:00:00
2049,P02049,Nike Revolution 7 version estandar,Tenis deportivos para entrenamiento,1744.36,133,1,2026-01-15 10:00:00,2026-02-10 12:00:00
2050,P02050,SanDisk Ultra microSD 128GB modelo 2026,Tarjeta microSD de 128 GB,353.92,227,1,2026-01-15 10:00:00,2026-02-10 12:00:00
2051,P02051,Logitech G502 Hero modelo 2026,Mouse gamer de alto rendimiento,844.44,165,1,2026-01-15 10:00:00,2026-02-10 12:00:00
2052,P02052,Sterilite Caja organizadora 40L version estandar,Caja plastica con tapa para almacenamiento,399.01,259,1,2026-01-15 10:00:00,2026-02-10 12:00:00
2053,P02053,Tefal Plancha Ultragliss version estandar,Plancha de vapor para ropa,970,246,1,2026-01-15 10:00:00,2026-02-10 12:00:00
2054,P02054,Nike Revolution 7 color blanco,Tenis deportivos para entrenamiento,2087.06,292,1,2026-01-15 10:00:00,2026-02-10 12:00:00
2055,P02055,Nike Revolution 7 color blanco,Tenis deportivos para entrenamiento,1978.62,254,1,2026-01-15 10:00:00,2026-02-10 12:00:00
2056,P02056,Nike Revolution 7 presentacion familiar,Tenis deportivos para entrenamiento,2170.02,108,1,2026-01-15 10:00:00,2026-02-10 12:00:00
2057,P02057,Cinsa Olla de presion 6L edicion especial,Olla de presion de aluminio de 6 litros,920.44,55,1,2026-01-15 10:00:00,2026-02-10 12:00:00
2058,P02058,Logitech G502 Hero color blanco,Mouse gamer de alto rendimiento,1024.36,98,1,2026-01-15 10:00:00,2026-02-10 12:00:00
2059,P02059,Nike Revolution 7 color blanco,Tenis deportivos para entrenamiento,2030.05,201,1,2026-01-15 10:00:00,2026-02-10 12:00:00
2060,P02060,Kingston NV2 1TB edicion especial,Unidad SSD NVMe M.2 de 1 TB,1026.43,64,1,2026-01-15 10:00:00,2026-02-10 12:00:00
2061,P02061,Tefal Plancha Ultragliss modelo 2026,Plancha de vapor para ropa,865.83,201,1,2026-01-15 10:00:00,2026-02-10 12:00:00
2062,P02062,JBL Go 4 edicion especial,Bocina portatil Bluetooth,1122.23,267,1,2026-01-15 10:00:00,2026-02-10 12:00:00
2063,P02063,JBL Go 4 version estandar,Bocina portatil Bluetooth,1143.88,138,1,2026-01-15 10:00:00,2026-02-10 12:00:00
2064,P02064,Logitech G502 Hero color negro,Mouse gamer de alto rendimiento,1054.46,254,1,2026-01-15 10:00:00,2026-02-10 12:00:00
2065,P02065,Sterilite Caja organizadora 40L presentacion familiar,Caja plastica con tapa para almacenamiento,292.48,46,1,2026-01-15 10:00:00,2026-02-10 12:00:00
2066,P02066,Gillette Mach3 modelo 2026,Rastrillo para afeitar con tres hojas,287.58,156,1,2026-01-15 10:00:00,2026-02-10 12:00:00
2067,P02067,Tefal Plancha Ultragliss presentacion familiar,Plancha de vapor para ropa,803.82,283,1,2026-01-15 10:00:00,2026-02-10 12:00:00
2068,P02068,Cinsa Olla de presion 6L paquete con 2 piezas,Olla de presion de aluminio de 6 litros,1104.65,107,1,2026-01-15 10:00:00,2026-02-10 12:00:00
2069,P02069,Nike Revolution 7 edicion especial,Tenis deportivos para entrenamiento,1731.86,82,1,2026-01-15 10:00:00,2026-02-10 12:00:00
2070,P02070,Logitech G502 Hero version estandar,Mouse gamer de alto rendimiento,1073.37,190,1,2026-01-15 10:00:00,2026-02-10 12:00:00
2071,P02071,Gillette Mach3 version estandar,Rastrillo para afeitar con tres hojas,254.29,170,1,2026-01-15 10:00:00,2026-02-10 12:00:00
2072,P02072,SanDisk Ultra microSD 128GB version estandar,Tarjeta microSD de 128 GB,301.88,290,1,2026-01-15 10:00:00,2026-02-10 12:00:00
2073,P02073,Gillette Mach3 color blanco,Rastrillo para afeitar con tres hojas,291.2,62,1,2026-01-15 10:00:00,2026-02-10 12:00:00
2074,P02074,Cinsa Olla de presion 6L color blanco,Olla de presion de aluminio de 6 litros,851.67,272,1,2026-01-15 10:00:00,2026-02-10 12:00:00
2075,P02075,Colgate Total 12 modelo 2026,Pasta dental de proteccion integral,58.5,99,1,2026-01-15 10:00:00,2026-02-10 12:00:00
2076,P02076,Tefal Plancha Ultragliss modelo 2026,Plancha de vapor para ropa,1084.77,96,1,2026-01-15 10:00:00,2026-02-10 12:00:00
2077,P02077,Colgate Total 12 paquete con 2 piezas,Pasta dental de proteccion integral,82.57,154,1,2026-01-15 10:00:00,2026-02-10 12:00:00
2078,P02078,Tefal Plancha Ultragliss modelo 2026,Plancha de vapor para ropa,1177.38,132,1,2026-01-15 10:00:00,2026-02-10 12:00:00
2079,P02079,Gillette Mach3 color negro,Rastrillo para afeitar con tres hojas,172.89,202,1,2026-01-15 10:00:00,2026-02-10 12:00:00
2080,P02080,Logitech G502 Hero version estandar,Mouse gamer de alto rendimiento,759.24,44,1,2026-01-15 10:00:00,2026-02-10 12:00:00
2081,P02081,Sterilite Caja organizadora 40L presentacion familiar,Caja plastica con tapa para almacenamiento,433.66,79,1,2026-01-15 10:00:00,2026-02-10 12:00:00
2082,P02082,Kingston NV2 1TB edicion especial,Unidad SSD NVMe M.2 de 1 TB,1124.75,273,1,2026-01-15 10:00:00,2026-02-10 12:00:00
2083,P02083,SanDisk Ultra microSD 128GB version estandar,Tarjeta microSD de 128 GB,339.48,77,1,2026-01-15 10:00:00,2026-02-10 12:00:00
2084,P02084,Cinsa Olla de presion 6L modelo 2026,Olla de presion de aluminio de 6 litros,838.33,116,1,2026-01-15 10:00:00,2026-02-10 12:00:00
2085,P02085,Sterilite Caja organizadora 40L version estandar,Caja plastica con tapa para almacenamiento,437.7,36,1,2026-01-15 10:00:00,2026-02-10 12:00:00
2086,P02086,Sterilite Caja organizadora 40L color negro,Caja plastica con tapa para almacenamiento,312.35,118,1,2026-01-15 10:00:00,2026-02-10 12:00:00
2087,P02087,Logitech G502 Hero edicion especial,Mouse gamer de alto rendimiento,757.01,111,1,2026-01-15 10:00:00,2026-02-10 12:00:00
2088,P02088,Sterilite Caja organizadora 40L edicion especial,Caja plastica con tapa para almacenamiento,447.06,98,1,2026-01-15 10:00:00,2026-02-10 12:00:00
2089,P02089,JBL Go 4 presentacion familiar,Bocina portatil Bluetooth,1131.29,148,1,2026-01-15 10:00:00,2026-02-10 12:00:00
2090,P02090,Colgate Total 12 edicion especial,Pasta dental de proteccion integral,54.56,19,1,2026-01-15 10:00:00,2026-02-10 12:00:00
2091,P02091,Gillette Mach3 color negro,Rastrillo para afeitar con tres hojas,175.95,26,1,2026-01-15 10:00:00,2026-02-10 12:00:00
2092,P02092,Gillette Mach3 modelo 2026,Rastrillo para afeitar con tres hojas,198.78,139,1,2026-01-15 10:00:00,2026-02-10 12:00:00
2093,P02093,Colgate Total 12 color negro,Pasta dental de proteccion integral,98.59,162,1,2026-01-15 10:00:00,2026-02-10 12:00:00
2094,P02094,SanDisk Ultra microSD 128GB presentacion familiar,Tarjeta microSD de 128 GB,317.17,276,1,2026-01-15 10:00:00,2026-02-10 12:00:00
2095,P02095,Tefal Plancha Ultragliss edicion especial,Plancha de vapor para ropa,917.35,219,1,2026-01-15 10:00:00,2026-02-10 12:00:00
2096,P02096,JBL Go 4 color blanco,Bocina portatil Bluetooth,965.09,265,1,2026-01-15 10:00:00,2026-02-10 12:00:00
2097,P02097,JBL Go 4 paquete con 2 piezas,Bocina portatil Bluetooth,1204.75,28,1,2026-01-15 10:00:00,2026-02-10 12:00:00
2098,P02098,Gillette Mach3 modelo 2026,Rastrillo para afeitar con tres hojas,256.05,75,1,2026-01-15 10:00:00,2026-02-10 12:00:00
2099,P02099,Kingston NV2 1TB color blanco,Unidad SSD NVMe M.2 de 1 TB,1058.48,288,1,2026-01-15 10:00:00,2026-02-10 12:00:00
2100,P02100,Colgate Total 12 version estandar,Pasta dental de proteccion integral,68.92,85,1,2026-01-15 10:00:00,2026-02-10 12:00:00
2101,P02101,Cinsa Olla de presion 6L modelo 2026,Olla de presion de aluminio de 6 litros,1092.1,295,1,2026-01-15 10:00:00,2026-02-10 12:00:00
2102,P02102,JBL Go 4 edicion especial,Bocina portatil Bluetooth,1271.51,140,1,2026-01-15 10:00:00,2026-02-10 12:00:00
2103,P02103,Tefal Plancha Ultragliss modelo 2026,Plancha de vapor para ropa,1158.34,41,1,2026-01-15 10:00:00,2026-02-10 12:00:00
2104,P02104,Cinsa Olla de presion 6L version estandar,Olla de presion de aluminio de 6 litros,1061.69,37,1,2026-01-15 10:00:00,2026-02-10 12:00:00
2105,P02105,Tefal Plancha Ultragliss version estandar,Plancha de vapor para ropa,1059.65,224,1,2026-01-15 10:00:00,2026-02-10 12:00:00
2106,P02106,Logitech G502 Hero paquete con 2 piezas,Mouse gamer de alto rendimiento,875.17,11,1,2026-01-15 10:00:00,2026-02-10 12:00:00
2107,P02107,Gillette Mach3 color negro,Rastrillo para afeitar con tres hojas,188.38,154,1,2026-01-15 10:00:00,2026-02-10 12:00:00
2108,P02108,Logitech G502 Hero edicion especial,Mouse gamer de alto rendimiento,803.32,70,1,2026-01-15 10:00:00,2026-02-10 12:00:00
2109,P02109,Cinsa Olla de presion 6L presentacion familiar,Olla de presion de aluminio de 6 litros,1021.5,219,1,2026-01-15 10:00:00,2026-02-10 12:00:00
2110,P02110,Cinsa Olla de presion 6L paquete con 2 piezas,Olla de presion de aluminio de 6 litros,959.5,298,1,2026-01-15 10:00:00,2026-02-10 12:00:00
2111,P02111,SanDisk Ultra microSD 128GB version estandar,Tarjeta microSD de 128 GB,328.18,110,1,2026-01-15 10:00:00,2026-02-10 12:00:00
2112,P02112,Sterilite Caja organizadora 40L edicion especial,Caja plastica con tapa para almacenamiento,224.17,277,1,2026-01-15 10:00:00,2026-02-10 12:00:00
2113,P02113,Kingston NV2 1TB color blanco,Unidad SSD NVMe M.2 de 1 TB,1188.99,111,1,2026-01-15 10:00:00,2026-02-10 12:00:00
2114,P02114,Sterilite Caja organizadora 40L modelo 2026,Caja plastica con tapa para almacenamiento,289.76,284,1,2026-01-15 10:00:00,2026-02-10 12:00:00
2115,P02115,Kingston NV2 1TB modelo 2026,Unidad SSD NVMe M.2 de 1 TB,1460.94,230,1,2026-01-15 10:00:00,2026-02-10 12:00:00
2116,P02116,Cinsa Olla de presion 6L version estandar,Olla de presion de aluminio de 6 litros,1022.65,25,1,2026-01-15 10:00:00,2026-02-10 12:00:00
2117,P02117,JBL Go 4 modelo 2026,Bocina portatil Bluetooth,1290.94,43,1,2026-01-15 10:00:00,2026-02-10 12:00:00
2118,P02118,Nike Revolution 7 color blanco,Tenis deportivos para entrenamiento,2183.48,119,1,2026-01-15 10:00:00,2026-02-10 12:00:00
2119,P02119,Nike Revolution 7 modelo 2026,Tenis deportivos para entrenamiento,1784.67,189,1,2026-01-15 10:00:00,2026-02-10 12:00:00
2120,P02120,Sterilite Caja organizadora 40L presentacion familiar,Caja plastica con tapa para almacenamiento,282.25,147,1,2026-01-15 10:00:00,2026-02-10 12:00:00
2121,P02121,Colgate Total 12 version estandar,Pasta dental de proteccion integral,64,276,1,2026-01-15 10:00:00,2026-02-10 12:00:00
2122,P02122,Cinsa Olla de presion 6L color blanco,Olla de presion de aluminio de 6 litros,1008.8,159,1,2026-01-15 10:00:00,2026-02-10 12:00:00
2123,P02123,Colgate Total 12 modelo 2026,Pasta dental de proteccion integral,74.46,136,1,2026-01-15 10:00:00,2026-02-10 12:00:00
2124,P02124,Kingston NV2 1TB modelo 2026,Unidad SSD NVMe M.2 de 1 TB,1399.43,278,1,2026-01-15 10:00:00,2026-02-10 12:00:00
2125,P02125,Sterilite Caja organizadora 40L edicion especial,Caja plastica con tapa para almacenamiento,441.05,14,1,2026-01-15 10:00:00,2026-02-10 12:00:00
2126,P02126,Tefal Plancha Ultragliss color blanco,Plancha de vapor para ropa,845.2,92,1,2026-01-15 10:00:00,2026-02-10 12:00:00
2127,P02127,Gillette Mach3 color blanco,Rastrillo para afeitar con tres hojas,221.93,16,1,2026-01-15 10:00:00,2026-02-10 12:00:00
2128,P02128,Kingston NV2 1TB color negro,Unidad SSD NVMe M.2 de 1 TB,1117.59,50,1,2026-01-15 10:00:00,2026-02-10 12:00:00
2129,P02129,SanDisk Ultra microSD 128GB edicion especial,Tarjeta microSD de 128 GB,271.27,258,1,2026-01-15 10:00:00,2026-02-10 12:00:00
2130,P02130,Cinsa Olla de presion 6L modelo 2026,Olla de presion de aluminio de 6 litros,1188.79,154,1,2026-01-15 10:00:00,2026-02-10 12:00:00
2131,P02131,Cinsa Olla de presion 6L edicion especial,Olla de presion de aluminio de 6 litros,997.85,60,1,2026-01-15 10:00:00,2026-02-10 12:00:00
2132,P02132,JBL Go 4 edicion especial,Bocina portatil Bluetooth,954.91,77,1,2026-01-15 10:00:00,2026-02-10 12:00:00
2133,P02133,Nike Revolution 7 edicion especial,Tenis deportivos para entrenamiento,2124.59,81,1,2026-01-15 10:00:00,2026-02-10 12:00:00
2134,P02134,Cinsa Olla de presion 6L paquete con 2 piezas,Olla de presion de aluminio de 6 litros,1160.36,202,1,2026-01-15 10:00:00,2026-02-10 12:00:00
2135,P02135,Kingston NV2 1TB color blanco,Unidad SSD NVMe M.2 de 1 TB,1451.4,39,1,2026-01-15 10:00:00,2026-02-10 12:00:00
2136,P02136,JBL Go 4 edicion especial,Bocina portatil Bluetooth,1022.23,277,1,2026-01-15 10:00:00,2026-02-10 12:00:00
2137,P02137,SanDisk Ultra microSD 128GB version estandar,Tarjeta microSD de 128 GB,263.6,249,1,2026-01-15 10:00:00,2026-02-10 12:00:00
2138,P02138,JBL Go 4 color blanco,Bocina portatil Bluetooth,1214.93,30,1,2026-01-15 10:00:00,2026-02-10 12:00:00
2139,P02139,JBL Go 4 edicion especial,Bocina portatil Bluetooth,1262.9,43,1,2026-01-15 10:00:00,2026-02-10 12:00:00
2140,P02140,JBL Go 4 color blanco,Bocina portatil Bluetooth,1249.69,148,1,2026-01-15 10:00:00,2026-02-10 12:00:00
2141,P02141,Nike Revolution 7 paquete con 2 piezas,Tenis deportivos para entrenamiento,1636.3,223,1,2026-01-15 10:00:00,2026-02-10 12:00:00
2142,P02142,Nike Revolution 7 color blanco,Tenis deportivos para entrenamiento,1542.64,24,1,2026-01-15 10:00:00,2026-02-10 12:00:00
2143,P02143,Tefal Plancha Ultragliss edicion especial,Plancha de vapor para ropa,1054.76,49,1,2026-01-15 10:00:00,2026-02-10 12:00:00
2144,P02144,Sterilite Caja organizadora 40L color negro,Caja plastica con tapa para almacenamiento,226.33,202,1,2026-01-15 10:00:00,2026-02-10 12:00:00
2145,P02145,Cinsa Olla de presion 6L modelo 2026,Olla de presion de aluminio de 6 litros,1130.13,34,1,2026-01-15 10:00:00,2026-02-10 12:00:00
2146,P02146,JBL Go 4 version estandar,Bocina portatil Bluetooth,1205.99,276,1,2026-01-15 10:00:00,2026-02-10 12:00:00
2147,P02147,Colgate Total 12 color negro,Pasta dental de proteccion integral,90.32,197,1,2026-01-15 10:00:00,2026-02-10 12:00:00
2148,P02148,SanDisk Ultra microSD 128GB color negro,Tarjeta microSD de 128 GB,282.3,92,1,2026-01-15 10:00:00,2026-02-10 12:00:00
2149,P02149,Gillette Mach3 version estandar,Rastrillo para afeitar con tres hojas,193.29,55,1,2026-01-15 10:00:00,2026-02-10 12:00:00
2150,P02150,Kingston NV2 1TB edicion especial,Unidad SSD NVMe M.2 de 1 TB,1042.59,123,1,2026-01-15 10:00:00,2026-02-10 12:00:00
2151,P02151,Kingston NV2 1TB presentacion familiar,Unidad SSD NVMe M.2 de 1 TB,1149.84,6,0,2026-01-15 10:00:00,2026-02-10 12:00:00
2152,P02152,Colgate Total 12 version estandar,Pasta dental de proteccion integral,81.25,103,1,2026-01-15 10:00:00,2026-02-10 12:00:00
2153,P02153,Kingston NV2 1TB presentacion familiar,Unidad SSD NVMe M.2 de 1 TB,1441.9,26,1,2026-01-15 10:00:00,2026-02-10 12:00:00
2154,P02154,Sterilite Caja organizadora 40L presentacion familiar,Caja plastica con tapa para almacenamiento,333.83,137,1,2026-01-15 10:00:00,2026-02-10 12:00:00
2155,P02155,Kingston NV2 1TB presentacion familiar,Unidad SSD NVMe M.2 de 1 TB,1022.11,47,1,2026-01-15 10:00:00,2026-02-10 12:00:00
2156,P02156,JBL Go 4 modelo 2026,Bocina portatil Bluetooth,1208.96,76,1,2026-01-15 10:00:00,2026-02-10 12:00:00
2157,P02157,SanDisk Ultra microSD 128GB presentacion familiar,Tarjeta microSD de 128 GB,299.03,166,1,2026-01-15 10:00:00,2026-02-10 12:00:00
2158,P02158,Logitech G502 Hero version estandar,Mouse gamer de alto rendimiento,931.04,146,1,2026-01-15 10:00:00,2026-02-10 12:00:00
2159,P02159,JBL Go 4 color negro,Bocina portatil Bluetooth,1068.83,2,1,2026-01-15 10:00:00,2026-02-10 12:00:00
2160,P02160,Colgate Total 12 presentacion familiar,Pasta dental de proteccion integral,71.4,54,1,2026-01-15 10:00:00,2026-02-10 12:00:00
2161,P02161,SanDisk Ultra microSD 128GB presentacion familiar,Tarjeta microSD de 128 GB,363.32,99,1,2026-01-15 10:00:00,2026-02-10 12:00:00
2162,P02162,Kingston NV2 1TB version estandar,Unidad SSD NVMe M.2 de 1 TB,1172.37,226,1,2026-01-15 10:00:00,2026-02-10 12:00:00
2163,P02163,Sterilite Caja organizadora 40L color blanco,Caja plastica con tapa para almacenamiento,329.33,12,1,2026-01-15 10:00:00,2026-02-10 12:00:00
2164,P02164,Kingston NV2 1TB color negro,Unidad SSD NVMe M.2 de 1 TB,1150.95,158,1,2026-01-15 10:00:00,2026-02-10 12:00:00
2165,P02165,Sterilite Caja organizadora 40L color blanco,Caja plastica con tapa para almacenamiento,338.58,11,1,2026-01-15 10:00:00,2026-02-10 12:00:00
2166,P02166,Gillette Mach3 version estandar,Rastrillo para afeitar con tres hojas,275.59,127,1,2026-01-15 10:00:00,2026-02-10 12:00:00
2167,P02167,SanDisk Ultra microSD 128GB modelo 2026,Tarjeta microSD de 128 GB,385.67,193,1,2026-01-15 10:00:00,2026-02-10 12:00:00
2168,P02168,Tefal Plancha Ultragliss color negro,Plancha de vapor para ropa,1064.66,292,1,2026-01-15 10:00:00,2026-02-10 12:00:00
2169,P02169,Colgate Total 12 color blanco,Pasta dental de proteccion integral,54.55,170,1,2026-01-15 10:00:00,2026-02-10 12:00:00
2170,P02170,Gillette Mach3 color blanco,Rastrillo para afeitar con tres hojas,166.5,219,1,2026-01-15 10:00:00,2026-02-10 12:00:00
2171,P02171,Logitech G502 Hero color negro,Mouse gamer de alto rendimiento,776.53,120,1,2026-01-15 10:00:00,2026-02-10 12:00:00
2172,P02172,Gillette Mach3 edicion especial,Rastrillo para afeitar con tres hojas,174.11,300,1,2026-01-15 10:00:00,2026-02-10 12:00:00
2173,P02173,Cinsa Olla de presion 6L edicion especial,Olla de presion de aluminio de 6 litros,1190.11,192,1,2026-01-15 10:00:00,2026-02-10 12:00:00
2174,P02174,Tefal Plancha Ultragliss version estandar,Plancha de vapor para ropa,843.25,266,1,2026-01-15 10:00:00,2026-02-10 12:00:00
2175,P02175,SanDisk Ultra microSD 128GB version estandar,Tarjeta microSD de 128 GB,390.3,164,1,2026-01-15 10:00:00,2026-02-10 12:00:00
2176,P02176,JBL Go 4 modelo 2026,Bocina portatil Bluetooth,990.37,4,0,2026-01-15 10:00:00,2026-02-10 12:00:00
2177,P02177,Tefal Plancha Ultragliss version estandar,Plancha de vapor para ropa,911.25,230,1,2026-01-15 10:00:00,2026-02-10 12:00:00
2178,P02178,Sterilite Caja organizadora 40L edicion especial,Caja plastica con tapa para almacenamiento,411.13,260,1,2026-01-15 10:00:00,2026-02-10 12:00:00
2179,P02179,Nike Revolution 7 presentacion familiar,Tenis deportivos para entrenamiento,1692.31,70,1,2026-01-15 10:00:00,2026-02-10 12:00:00
2180,P02180,JBL Go 4 version estandar,Bocina portatil Bluetooth,1279.87,154,1,2026-01-15 10:00:00,2026-02-10 12:00:00
2181,P02181,Logitech G502 Hero edicion especial,Mouse gamer de alto rendimiento,718.67,222,1,2026-01-15 10:00:00,2026-02-10 12:00:00
2182,P02182,Gillette Mach3 edicion especial,Rastrillo para afeitar con tres hojas,183.9,261,1,2026-01-15 10:00:00,2026-02-10 12:00:00
2183,P02183,Kingston NV2 1TB paquete con 2 piezas,Unidad SSD NVMe M.2 de 1 TB,1343,297,1,2026-01-15 10:00:00,2026-02-10 12:00:00
2184,P02184,Tefal Plancha Ultragliss version estandar,Plancha de vapor para ropa,911.57,172,1,2026-01-15 10:00:00,2026-02-10 12:00:00
2185,P02185,Cinsa Olla de presion 6L presentacion familiar,Olla de presion de aluminio de 6 litros,1006.37,6,1,2026-01-15 10:00:00,2026-02-10 12:00:00
2186,P02186,Kingston NV2 1TB version estandar,Unidad SSD NVMe M.2 de 1 TB,1485.17,39,1,2026-01-15 10:00:00,2026-02-10 12:00:00
2187,P02187,Sterilite Caja organizadora 40L modelo 2026,Caja plastica con tapa para almacenamiento,283.66,250,1,2026-01-15 10:00:00,2026-02-10 12:00:00
2188,P02188,Colgate Total 12 color blanco,Pasta dental de proteccion integral,98.34,296,1,2026-01-15 10:00:00,2026-02-10 12:00:00
2189,P02189,Gillette Mach3 edicion especial,Rastrillo para afeitar con tres hojas,177.27,53,1,2026-01-15 10:00:00,2026-02-10 12:00:00
2190,P02190,Kingston NV2 1TB version estandar,Unidad SSD NVMe M.2 de 1 TB,1045.28,59,1,2026-01-15 10:00:00,2026-02-10 12:00:00
2191,P02191,JBL Go 4 edicion especial,Bocina portatil Bluetooth,1087.74,248,1,2026-01-15 10:00:00,2026-02-10 12:00:00
2192,P02192,Nike Revolution 7 version estandar,Tenis deportivos para entrenamiento,1868.08,233,1,2026-01-15 10:00:00,2026-02-10 12:00:00
2193,P02193,Sterilite Caja organizadora 40L presentacion familiar,Caja plastica con tapa para almacenamiento,292.37,255,1,2026-01-15 10:00:00,2026-02-10 12:00:00
2194,P02194,Logitech G502 Hero modelo 2026,Mouse gamer de alto rendimiento,968.03,40,1,2026-01-15 10:00:00,2026-02-10 12:00:00
2195,P02195,Gillette Mach3 modelo 2026,Rastrillo para afeitar con tres hojas,186.98,228,1,2026-01-15 10:00:00,2026-02-10 12:00:00
2196,P02196,Nike Revolution 7 presentacion familiar,Tenis deportivos para entrenamiento,1886.63,120,1,2026-01-15 10:00:00,2026-02-10 12:00:00
2197,P02197,Sterilite Caja organizadora 40L presentacion familiar,Caja plastica con tapa para almacenamiento,332.86,231,1,2026-01-15 10:00:00,2026-02-10 12:00:00
2198,P02198,Gillette Mach3 version estandar,Rastrillo para afeitar con tres hojas,285.55,226,1,2026-01-15 10:00:00,2026-02-10 12:00:00
2199,P02199,JBL Go 4 color negro,Bocina portatil Bluetooth,1088.8,203,1,2026-01-15 10:00:00,2026-02-10 12:00:00
2200,P02200,Logitech G502 Hero paquete con 2 piezas,Mouse gamer de alto rendimiento,809.6,142,1,2026-01-15 10:00:00,2026-02-10 12:00:00
2201,P02201,Cinsa Olla de presion 6L edicion especial,Olla de presion de aluminio de 6 litros,852.5,179,1,2026-01-15 10:00:00,2026-02-10 12:00:00
2202,P02202,JBL Go 4 presentacion familiar,Bocina portatil Bluetooth,923.12,121,1,2026-01-15 10:00:00,2026-02-10 12:00:00
2203,P02203,Nike Revolution 7 presentacion familiar,Tenis deportivos para entrenamiento,1572.04,200,1,2026-01-15 10:00:00,2026-02-10 12:00:00
2204,P02204,Gillette Mach3 version estandar,Rastrillo para afeitar con tres hojas,196.11,113,1,2026-01-15 10:00:00,2026-02-10 12:00:00
2205,P02205,Gillette Mach3 presentacion familiar,Rastrillo para afeitar con tres hojas,165.76,257,1,2026-01-15 10:00:00,2026-02-10 12:00:00
2206,P02206,Sterilite Caja organizadora 40L color negro,Caja plastica con tapa para almacenamiento,369.89,92,1,2026-01-15 10:00:00,2026-02-10 12:00:00
2207,P02207,Cinsa Olla de presion 6L modelo 2026,Olla de presion de aluminio de 6 litros,969.16,31,1,2026-01-15 10:00:00,2026-02-10 12:00:00
2208,P02208,Cinsa Olla de presion 6L color blanco,Olla de presion de aluminio de 6 litros,887.78,280,1,2026-01-15 10:00:00,2026-02-10 12:00:00
2209,P02209,SanDisk Ultra microSD 128GB color negro,Tarjeta microSD de 128 GB,338.31,100,1,2026-01-15 10:00:00,2026-02-10 12:00:00
2210,P02210,Logitech G502 Hero color blanco,Mouse gamer de alto rendimiento,1060.72,180,1,2026-01-15 10:00:00,2026-02-10 12:00:00
2211,P02211,Logitech G502 Hero presentacion familiar,Mouse gamer de alto rendimiento,1064.82,15,1,2026-01-15 10:00:00,2026-02-10 12:00:00
2212,P02212,Kingston NV2 1TB paquete con 2 piezas,Unidad SSD NVMe M.2 de 1 TB,1342.9,28,1,2026-01-15 10:00:00,2026-02-10 12:00:00
2213,P02213,Tefal Plancha Ultragliss presentacion familiar,Plancha de vapor para ropa,1066.72,254,1,2026-01-15 10:00:00,2026-02-10 12:00:00
2214,P02214,Gillette Mach3 version estandar,Rastrillo para afeitar con tres hojas,255.9,124,1,2026-01-15 10:00:00,2026-02-10 12:00:00
2215,P02215,Nike Revolution 7 color negro,Tenis deportivos para entrenamiento,1809.9,264,1,2026-01-15 10:00:00,2026-02-10 12:00:00
2216,P02216,Colgate Total 12 color blanco,Pasta dental de proteccion integral,62.21,259,1,2026-01-15 10:00:00,2026-02-10 12:00:00
2217,P02217,Nike Revolution 7 paquete con 2 piezas,Tenis deportivos para entrenamiento,1731.59,88,1,2026-01-15 10:00:00,2026-02-10 12:00:00
2218,P02218,Sterilite Caja organizadora 40L color blanco,Caja plastica con tapa para almacenamiento,318.38,15,1,2026-01-15 10:00:00,2026-02-10 12:00:00
2219,P02219,Cinsa Olla de presion 6L edicion especial,Olla de presion de aluminio de 6 litros,1164.14,192,1,2026-01-15 10:00:00,2026-02-10 12:00:00
2220,P02220,Nike Revolution 7 modelo 2026,Tenis deportivos para entrenamiento,1512.88,275,1,2026-01-15 10:00:00,2026-02-10 12:00:00
2221,P02221,Logitech G502 Hero version estandar,Mouse gamer de alto rendimiento,935.57,18,1,2026-01-15 10:00:00,2026-02-10 12:00:00
2222,P02222,SanDisk Ultra microSD 128GB version estandar,Tarjeta microSD de 128 GB,383.42,275,1,2026-01-15 10:00:00,2026-02-10 12:00:00
2223,P02223,Gillette Mach3 paquete con 2 piezas,Rastrillo para afeitar con tres hojas,218.24,24,1,2026-01-15 10:00:00,2026-02-10 12:00:00
2224,P02224,Tefal Plancha Ultragliss presentacion familiar,Plancha de vapor para ropa,1162.07,298,1,2026-01-15 10:00:00,2026-02-10 12:00:00
2225,P02225,Nike Revolution 7 presentacion familiar,Tenis deportivos para entrenamiento,1657.12,35,1,2026-01-15 10:00:00,2026-02-10 12:00:00
2226,P02226,Logitech G502 Hero version estandar,Mouse gamer de alto rendimiento,839.91,163,1,2026-01-15 10:00:00,2026-02-10 12:00:00
2227,P02227,Colgate Total 12 modelo 2026,Pasta dental de proteccion integral,83.85,161,1,2026-01-15 10:00:00,2026-02-10 12:00:00
2228,P02228,Tefal Plancha Ultragliss presentacion familiar,Plancha de vapor para ropa,1027.92,75,1,2026-01-15 10:00:00,2026-02-10 12:00:00
2229,P02229,Nike Revolution 7 edicion especial,Tenis deportivos para entrenamiento,2164.56,110,1,2026-01-15 10:00:00,2026-02-10 12:00:00
2230,P02230,SanDisk Ultra microSD 128GB paquete con 2 piezas,Tarjeta microSD de 128 GB,330.07,136,1,2026-01-15 10:00:00,2026-02-10 12:00:00
2231,P02231,Kingston NV2 1TB version estandar,Unidad SSD NVMe M.2 de 1 TB,1114.89,171,1,2026-01-15 10:00:00,2026-02-10 12:00:00
2232,P02232,Tefal Plancha Ultragliss version estandar,Plancha de vapor para ropa,1014.84,44,1,2026-01-15 10:00:00,2026-02-10 12:00:00
2233,P02233,Tefal Plancha Ultragliss color blanco,Plancha de vapor para ropa,1102.11,239,1,2026-01-15 10:00:00,2026-02-10 12:00:00
2234,P02234,JBL Go 4 color blanco,Bocina portatil Bluetooth,902.92,162,1,2026-01-15 10:00:00,2026-02-10 12:00:00
2235,P02235,Logitech G502 Hero presentacion familiar,Mouse gamer de alto rendimiento,876.29,214,1,2026-01-15 10:00:00,2026-02-10 12:00:00
2236,P02236,Colgate Total 12 version estandar,Pasta dental de proteccion integral,70.31,300,1,2026-01-15 10:00:00,2026-02-10 12:00:00
2237,P02237,Colgate Total 12 paquete con 2 piezas,Pasta dental de proteccion integral,63.82,296,1,2026-01-15 10:00:00,2026-02-10 12:00:00
2238,P02238,Gillette Mach3 edicion especial,Rastrillo para afeitar con tres hojas,244.06,211,1,2026-01-15 10:00:00,2026-02-10 12:00:00
2239,P02239,Tefal Plancha Ultragliss color negro,Plancha de vapor para ropa,1133.89,148,1,2026-01-15 10:00:00,2026-02-10 12:00:00
2240,P02240,Cinsa Olla de presion 6L color negro,Olla de presion de aluminio de 6 litros,809.04,68,1,2026-01-15 10:00:00,2026-02-10 12:00:00
2241,P02241,Gillette Mach3 edicion especial,Rastrillo para afeitar con tres hojas,290.61,177,1,2026-01-15 10:00:00,2026-02-10 12:00:00
2242,P02242,SanDisk Ultra microSD 128GB color negro,Tarjeta microSD de 128 GB,376.89,271,1,2026-01-15 10:00:00,2026-02-10 12:00:00
2243,P02243,Tefal Plancha Ultragliss version estandar,Plancha de vapor para ropa,954.38,95,1,2026-01-15 10:00:00,2026-02-10 12:00:00
2244,P02244,Sterilite Caja organizadora 40L color negro,Caja plastica con tapa para almacenamiento,389,279,1,2026-01-15 10:00:00,2026-02-10 12:00:00
2245,P02245,Gillette Mach3 paquete con 2 piezas,Rastrillo para afeitar con tres hojas,294.45,94,1,2026-01-15 10:00:00,2026-02-10 12:00:00
2246,P02246,Cinsa Olla de presion 6L edicion especial,Olla de presion de aluminio de 6 litros,830.03,18,1,2026-01-15 10:00:00,2026-02-10 12:00:00
2247,P02247,Kingston NV2 1TB presentacion familiar,Unidad SSD NVMe M.2 de 1 TB,1139.21,190,1,2026-01-15 10:00:00,2026-02-10 12:00:00
2248,P02248,Gillette Mach3 edicion especial,Rastrillo para afeitar con tres hojas,206.97,59,1,2026-01-15 10:00:00,2026-02-10 12:00:00
2249,P02249,Gillette Mach3 paquete con 2 piezas,Rastrillo para afeitar con tres hojas,245.16,50,1,2026-01-15 10:00:00,2026-02-10 12:00:00
2250,P02250,JBL Go 4 color negro,Bocina portatil Bluetooth,1175.52,249,1,2026-01-15 10:00:00,2026-02-10 12:00:00
2251,P02251,SanDisk Ultra microSD 128GB version estandar,Tarjeta microSD de 128 GB,319.79,199,1,2026-01-15 10:00:00,2026-02-10 12:00:00
2252,P02252,Cinsa Olla de presion 6L version estandar,Olla de presion de aluminio de 6 litros,1184.99,209,1,2026-01-15 10:00:00,2026-02-10 12:00:00
2253,P02253,Gillette Mach3 color blanco,Rastrillo para afeitar con tres hojas,222.38,280,1,2026-01-15 10:00:00,2026-02-10 12:00:00
2254,P02254,Nike Revolution 7 modelo 2026,Tenis deportivos para entrenamiento,1578.58,158,1,2026-01-15 10:00:00,2026-02-10 12:00:00
2255,P02255,JBL Go 4 color blanco,Bocina portatil Bluetooth,1019.12,77,1,2026-01-15 10:00:00,2026-02-10 12:00:00
2256,P02256,JBL Go 4 paquete con 2 piezas,Bocina portatil Bluetooth,1235.06,1,0,2026-01-15 10:00:00,2026-02-10 12:00:00
2257,P02257,Cinsa Olla de presion 6L version estandar,Olla de presion de aluminio de 6 litros,1011.59,56,1,2026-01-15 10:00:00,2026-02-10 12:00:00
2258,P02258,Tefal Plancha Ultragliss edicion especial,Plancha de vapor para ropa,877.15,162,1,2026-01-15 10:00:00,2026-02-10 12:00:00
2259,P02259,Cinsa Olla de presion 6L color blanco,Olla de presion de aluminio de 6 litros,1097.5,25,1,2026-01-15 10:00:00,2026-02-10 12:00:00
2260,P02260,JBL Go 4 color blanco,Bocina portatil Bluetooth,1292.8,26,1,2026-01-15 10:00:00,2026-02-10 12:00:00
2261,P02261,Tefal Plancha Ultragliss modelo 2026,Plancha de vapor para ropa,864.53,9,0,2026-01-15 10:00:00,2026-02-10 12:00:00
2262,P02262,SanDisk Ultra microSD 128GB version estandar,Tarjeta microSD de 128 GB,264.93,32,1,2026-01-15 10:00:00,2026-02-10 12:00:00
2263,P02263,Sterilite Caja organizadora 40L edicion especial,Caja plastica con tapa para almacenamiento,329.65,129,1,2026-01-15 10:00:00,2026-02-10 12:00:00
2264,P02264,SanDisk Ultra microSD 128GB paquete con 2 piezas,Tarjeta microSD de 128 GB,330.29,138,1,2026-01-15 10:00:00,2026-02-10 12:00:00
2265,P02265,Colgate Total 12 color blanco,Pasta dental de proteccion integral,50.89,130,1,2026-01-15 10:00:00,2026-02-10 12:00:00
2266,P02266,Tefal Plancha Ultragliss version estandar,Plancha de vapor para ropa,955.93,87,1,2026-01-15 10:00:00,2026-02-10 12:00:00
2267,P02267,SanDisk Ultra microSD 128GB modelo 2026,Tarjeta microSD de 128 GB,363,110,1,2026-01-15 10:00:00,2026-02-10 12:00:00
2268,P02268,JBL Go 4 presentacion familiar,Bocina portatil Bluetooth,1288.39,95,1,2026-01-15 10:00:00,2026-02-10 12:00:00
2269,P02269,Cinsa Olla de presion 6L color blanco,Olla de presion de aluminio de 6 litros,1038.7,203,1,2026-01-15 10:00:00,2026-02-10 12:00:00
2270,P02270,Logitech G502 Hero modelo 2026,Mouse gamer de alto rendimiento,1022.97,293,1,2026-01-15 10:00:00,2026-02-10 12:00:00
2271,P02271,JBL Go 4 presentacion familiar,Bocina portatil Bluetooth,1250.49,293,1,2026-01-15 10:00:00,2026-02-10 12:00:00
2272,P02272,Colgate Total 12 presentacion familiar,Pasta dental de proteccion integral,90.03,243,1,2026-01-15 10:00:00,2026-02-10 12:00:00
2273,P02273,Kingston NV2 1TB modelo 2026,Unidad SSD NVMe M.2 de 1 TB,1388.84,283,1,2026-01-15 10:00:00,2026-02-10 12:00:00
2274,P02274,Logitech G502 Hero modelo 2026,Mouse gamer de alto rendimiento,729.95,57,1,2026-01-15 10:00:00,2026-02-10 12:00:00
2275,P02275,Sterilite Caja organizadora 40L color negro,Caja plastica con tapa para almacenamiento,215.09,209,1,2026-01-15 10:00:00,2026-02-10 12:00:00
2276,P02276,Tefal Plancha Ultragliss color negro,Plancha de vapor para ropa,1066.12,201,1,2026-01-15 10:00:00,2026-02-10 12:00:00
2277,P02277,Tefal Plancha Ultragliss paquete con 2 piezas,Plancha de vapor para ropa,904.4,126,1,2026-01-15 10:00:00,2026-02-10 12:00:00
2278,P02278,Tefal Plancha Ultragliss color blanco,Plancha de vapor para ropa,995.04,16,1,2026-01-15 10:00:00,2026-02-10 12:00:00
2279,P02279,Cinsa Olla de presion 6L presentacion familiar,Olla de presion de aluminio de 6 litros,801.61,129,1,2026-01-15 10:00:00,2026-02-10 12:00:00
2280,P02280,Tefal Plancha Ultragliss version estandar,Plancha de vapor para ropa,1046.16,83,1,2026-01-15 10:00:00,2026-02-10 12:00:00
2281,P02281,Nike Revolution 7 color blanco,Tenis deportivos para entrenamiento,1612.01,245,1,2026-01-15 10:00:00,2026-02-10 12:00:00
2282,P02282,Kingston NV2 1TB presentacion familiar,Unidad SSD NVMe M.2 de 1 TB,1175.8,154,1,2026-01-15 10:00:00,2026-02-10 12:00:00
2283,P02283,Nike Revolution 7 version estandar,Tenis deportivos para entrenamiento,2133.39,68,1,2026-01-15 10:00:00,2026-02-10 12:00:00
2284,P02284,Tefal Plancha Ultragliss presentacion familiar,Plancha de vapor para ropa,965.28,210,1,2026-01-15 10:00:00,2026-02-10 12:00:00
2285,P02285,JBL Go 4 paquete con 2 piezas,Bocina portatil Bluetooth,1063.87,141,1,2026-01-15 10:00:00,2026-02-10 12:00:00
2286,P02286,Nike Revolution 7 version estandar,Tenis deportivos para entrenamiento,1682.6,105,1,2026-01-15 10:00:00,2026-02-10 12:00:00
2287,P02287,Cinsa Olla de presion 6L color negro,Olla de presion de aluminio de 6 litros,1112.91,277,1,2026-01-15 10:00:00,2026-02-10 12:00:00
2288,P02288,Colgate Total 12 modelo 2026,Pasta dental de proteccion integral,81.97,107,1,2026-01-15 10:00:00,2026-02-10 12:00:00
2289,P02289,Cinsa Olla de presion 6L color negro,Olla de presion de aluminio de 6 litros,1124.12,186,1,2026-01-15 10:00:00,2026-02-10 12:00:00
2290,P02290,Tefal Plancha Ultragliss color negro,Plancha de vapor para ropa,961.91,161,1,2026-01-15 10:00:00,2026-02-10 12:00:00
2291,P02291,Nike Revolution 7 color negro,Tenis deportivos para entrenamiento,1906.11,42,1,2026-01-15 10:00:00,2026-02-10 12:00:00
2292,P02292,Logitech G502 Hero paquete con 2 piezas,Mouse gamer de alto rendimiento,914.01,13,1,2026-01-15 10:00:00,2026-02-10 12:00:00
2293,P02293,Colgate Total 12 version estandar,Pasta dental de proteccion integral,50.73,103,1,2026-01-15 10:00:00,2026-02-10 12:00:00
2294,P02294,Gillette Mach3 paquete con 2 piezas,Rastrillo para afeitar con tres hojas,214.1,151,1,2026-01-15 10:00:00,2026-02-10 12:00:00
2295,P02295,Colgate Total 12 color negro,Pasta dental de proteccion integral,83.87,163,1,2026-01-15 10:00:00,2026-02-10 12:00:00
2296,P02296,Kingston NV2 1TB edicion especial,Unidad SSD NVMe M.2 de 1 TB,1430.45,58,1,2026-01-15 10:00:00,2026-02-10 12:00:00
2297,P02297,Sterilite Caja organizadora 40L edicion especial,Caja plastica con tapa para almacenamiento,225.32,221,1,2026-01-15 10:00:00,2026-02-10 12:00:00
2298,P02298,SanDisk Ultra microSD 128GB color negro,Tarjeta microSD de 128 GB,269.12,169,1,2026-01-15 10:00:00,2026-02-10 12:00:00
2299,P02299,Nike Revolution 7 color blanco,Tenis deportivos para entrenamiento,1934.21,30,1,2026-01-15 10:00:00,2026-02-10 12:00:00
2300,P02300,Nike Revolution 7 presentacion familiar,Tenis deportivos para entrenamiento,1776.84,264,1,2026-01-15 10:00:00,2026-02-10 12:00:00
2301,P02301,Cinsa Olla de presion 6L color negro,Olla de presion de aluminio de 6 litros,917.62,104,1,2026-01-15 10:00:00,2026-02-10 12:00:00
2302,P02302,Colgate Total 12 version estandar,Pasta dental de proteccion integral,67.75,296,1,2026-01-15 10:00:00,2026-02-10 12:00:00
2303,P02303,SanDisk Ultra microSD 128GB version estandar,Tarjeta microSD de 128 GB,390.45,228,1,2026-01-15 10:00:00,2026-02-10 12:00:00
2304,P02304,Cinsa Olla de presion 6L color blanco,Olla de presion de aluminio de 6 litros,915.49,127,1,2026-01-15 10:00:00,2026-02-10 12:00:00
2305,P02305,Nike Revolution 7 version estandar,Tenis deportivos para entrenamiento,1762.19,122,1,2026-01-15 10:00:00,2026-02-10 12:00:00
2306,P02306,Cinsa Olla de presion 6L color negro,Olla de presion de aluminio de 6 litros,1097.44,251,1,2026-01-15 10:00:00,2026-02-10 12:00:00
2307,P02307,Cinsa Olla de presion 6L edicion especial,Olla de presion de aluminio de 6 litros,1017.04,39,1,2026-01-15 10:00:00,2026-02-10 12:00:00
2308,P02308,Tefal Plancha Ultragliss version estandar,Plancha de vapor para ropa,1080.59,169,1,2026-01-15 10:00:00,2026-02-10 12:00:00
2309,P02309,JBL Go 4 color negro,Bocina portatil Bluetooth,1041.42,153,1,2026-01-15 10:00:00,2026-02-10 12:00:00
2310,P02310,Cinsa Olla de presion 6L edicion especial,Olla de presion de aluminio de 6 litros,1024.66,142,1,2026-01-15 10:00:00,2026-02-10 12:00:00
2311,P02311,Cinsa Olla de presion 6L presentacion familiar,Olla de presion de aluminio de 6 litros,952.53,299,1,2026-01-15 10:00:00,2026-02-10 12:00:00
2312,P02312,Nike Revolution 7 version estandar,Tenis deportivos para entrenamiento,1774.73,282,1,2026-01-15 10:00:00,2026-02-10 12:00:00
2313,P02313,Tefal Plancha Ultragliss paquete con 2 piezas,Plancha de vapor para ropa,886.09,124,1,2026-01-15 10:00:00,2026-02-10 12:00:00
2314,P02314,Sterilite Caja organizadora 40L color blanco,Caja plastica con tapa para almacenamiento,380.67,117,1,2026-01-15 10:00:00,2026-02-10 12:00:00
2315,P02315,Logitech G502 Hero edicion especial,Mouse gamer de alto rendimiento,767.35,54,1,2026-01-15 10:00:00,2026-02-10 12:00:00
2316,P02316,Sterilite Caja organizadora 40L paquete con 2 piezas,Caja plastica con tapa para almacenamiento,315.09,9,1,2026-01-15 10:00:00,2026-02-10 12:00:00
2317,P02317,SanDisk Ultra microSD 128GB version estandar,Tarjeta microSD de 128 GB,306.2,153,1,2026-01-15 10:00:00,2026-02-10 12:00:00
2318,P02318,Sterilite Caja organizadora 40L version estandar,Caja plastica con tapa para almacenamiento,293.17,248,1,2026-01-15 10:00:00,2026-02-10 12:00:00
2319,P02319,Logitech G502 Hero paquete con 2 piezas,Mouse gamer de alto rendimiento,715.95,125,1,2026-01-15 10:00:00,2026-02-10 12:00:00
2320,P02320,Sterilite Caja organizadora 40L color blanco,Caja plastica con tapa para almacenamiento,402.81,17,1,2026-01-15 10:00:00,2026-02-10 12:00:00
2321,P02321,Colgate Total 12 edicion especial,Pasta dental de proteccion integral,66.27,33,1,2026-01-15 10:00:00,2026-02-10 12:00:00
2322,P02322,Kingston NV2 1TB color negro,Unidad SSD NVMe M.2 de 1 TB,1213.54,22,1,2026-01-15 10:00:00,2026-02-10 12:00:00
2323,P02323,Logitech G502 Hero edicion especial,Mouse gamer de alto rendimiento,970.19,104,1,2026-01-15 10:00:00,2026-02-10 12:00:00
2324,P02324,SanDisk Ultra microSD 128GB color negro,Tarjeta microSD de 128 GB,395.06,197,1,2026-01-15 10:00:00,2026-02-10 12:00:00
2325,P02325,SanDisk Ultra microSD 128GB version estandar,Tarjeta microSD de 128 GB,322.79,6,0,2026-01-15 10:00:00,2026-02-10 12:00:00
2326,P02326,JBL Go 4 color negro,Bocina portatil Bluetooth,1264.45,253,1,2026-01-15 10:00:00,2026-02-10 12:00:00
2327,P02327,Tefal Plancha Ultragliss color negro,Plancha de vapor para ropa,1108.71,205,1,2026-01-15 10:00:00,2026-02-10 12:00:00
2328,P02328,Logitech G502 Hero paquete con 2 piezas,Mouse gamer de alto rendimiento,893.09,107,1,2026-01-15 10:00:00,2026-02-10 12:00:00
2329,P02329,Cinsa Olla de presion 6L paquete con 2 piezas,Olla de presion de aluminio de 6 litros,1071.29,40,1,2026-01-15 10:00:00,2026-02-10 12:00:00
2330,P02330,Logitech G502 Hero version estandar,Mouse gamer de alto rendimiento,921.1,276,1,2026-01-15 10:00:00,2026-02-10 12:00:00
2331,P02331,Kingston NV2 1TB edicion especial,Unidad SSD NVMe M.2 de 1 TB,1129.15,184,1,2026-01-15 10:00:00,2026-02-10 12:00:00
2332,P02332,Gillette Mach3 edicion especial,Rastrillo para afeitar con tres hojas,177.4,74,1,2026-01-15 10:00:00,2026-02-10 12:00:00
2333,P02333,SanDisk Ultra microSD 128GB presentacion familiar,Tarjeta microSD de 128 GB,303.95,147,1,2026-01-15 10:00:00,2026-02-10 12:00:00
2334,P02334,Sterilite Caja organizadora 40L presentacion familiar,Caja plastica con tapa para almacenamiento,243.69,222,1,2026-01-15 10:00:00,2026-02-10 12:00:00
2335,P02335,JBL Go 4 paquete con 2 piezas,Bocina portatil Bluetooth,1179.46,294,1,2026-01-15 10:00:00,2026-02-10 12:00:00
2336,P02336,Colgate Total 12 version estandar,Pasta dental de proteccion integral,99.54,82,1,2026-01-15 10:00:00,2026-02-10 12:00:00
2337,P02337,Cinsa Olla de presion 6L color blanco,Olla de presion de aluminio de 6 litros,902.67,171,1,2026-01-15 10:00:00,2026-02-10 12:00:00
2338,P02338,Kingston NV2 1TB edicion especial,Unidad SSD NVMe M.2 de 1 TB,1215.24,21,1,2026-01-15 10:00:00,2026-02-10 12:00:00
2339,P02339,Logitech G502 Hero presentacion familiar,Mouse gamer de alto rendimiento,987.18,265,1,2026-01-15 10:00:00,2026-02-10 12:00:00
2340,P02340,Tefal Plancha Ultragliss version estandar,Plancha de vapor para ropa,1126.34,43,1,2026-01-15 10:00:00,2026-02-10 12:00:00
2341,P02341,Colgate Total 12 edicion especial,Pasta dental de proteccion integral,64.99,272,1,2026-01-15 10:00:00,2026-02-10 12:00:00
2342,P02342,Nike Revolution 7 color blanco,Tenis deportivos para entrenamiento,1897.04,25,1,2026-01-15 10:00:00,2026-02-10 12:00:00
2343,P02343,Logitech G502 Hero color blanco,Mouse gamer de alto rendimiento,988.26,196,1,2026-01-15 10:00:00,2026-02-10 12:00:00
2344,P02344,Colgate Total 12 modelo 2026,Pasta dental de proteccion integral,63.16,273,1,2026-01-15 10:00:00,2026-02-10 12:00:00
2345,P02345,Tefal Plancha Ultragliss color blanco,Plancha de vapor para ropa,967.54,11,1,2026-01-15 10:00:00,2026-02-10 12:00:00
2346,P02346,Cinsa Olla de presion 6L modelo 2026,Olla de presion de aluminio de 6 litros,1184.09,259,1,2026-01-15 10:00:00,2026-02-10 12:00:00
2347,P02347,Colgate Total 12 version estandar,Pasta dental de proteccion integral,77.96,206,1,2026-01-15 10:00:00,2026-02-10 12:00:00
2348,P02348,SanDisk Ultra microSD 128GB version estandar,Tarjeta microSD de 128 GB,278.55,34,1,2026-01-15 10:00:00,2026-02-10 12:00:00
2349,P02349,JBL Go 4 edicion especial,Bocina portatil Bluetooth,1027.31,39,1,2026-01-15 10:00:00,2026-02-10 12:00:00
2350,P02350,Gillette Mach3 presentacion familiar,Rastrillo para afeitar con tres hojas,208.54,60,1,2026-01-15 10:00:00,2026-02-10 12:00:00
2351,P02351,JBL Go 4 paquete con 2 piezas,Bocina portatil Bluetooth,1138.87,105,1,2026-01-15 10:00:00,2026-02-10 12:00:00
2352,P02352,Nike Revolution 7 color negro,Tenis deportivos para entrenamiento,1815.3,107,1,2026-01-15 10:00:00,2026-02-10 12:00:00
2353,P02353,Nike Revolution 7 color negro,Tenis deportivos para entrenamiento,1729.96,170,1,2026-01-15 10:00:00,2026-02-10 12:00:00
2354,P02354,Nike Revolution 7 color negro,Tenis deportivos para entrenamiento,2168.4,14,1,2026-01-15 10:00:00,2026-02-10 12:00:00
2355,P02355,Tefal Plancha Ultragliss edicion especial,Plancha de vapor para ropa,908.47,179,1,2026-01-15 10:00:00,2026-02-10 12:00:00
2356,P02356,JBL Go 4 color blanco,Bocina portatil Bluetooth,1204.88,205,1,2026-01-15 10:00:00,2026-02-10 12:00:00
2357,P02357,Sterilite Caja organizadora 40L modelo 2026,Caja plastica con tapa para almacenamiento,250.45,19,1,2026-01-15 10:00:00,2026-02-10 12:00:00
2358,P02358,Kingston NV2 1TB presentacion familiar,Unidad SSD NVMe M.2 de 1 TB,1407.79,141,1,2026-01-15 10:00:00,2026-02-10 12:00:00
2359,P02359,Tefal Plancha Ultragliss paquete con 2 piezas,Plancha de vapor para ropa,1046.44,4,0,2026-01-15 10:00:00,2026-02-10 12:00:00
2360,P02360,Colgate Total 12 presentacion familiar,Pasta dental de proteccion integral,92.92,252,1,2026-01-15 10:00:00,2026-02-10 12:00:00
2361,P02361,Kingston NV2 1TB color negro,Unidad SSD NVMe M.2 de 1 TB,1255.8,289,1,2026-01-15 10:00:00,2026-02-10 12:00:00
2362,P02362,Colgate Total 12 paquete con 2 piezas,Pasta dental de proteccion integral,83.67,180,1,2026-01-15 10:00:00,2026-02-10 12:00:00
2363,P02363,Kingston NV2 1TB edicion especial,Unidad SSD NVMe M.2 de 1 TB,1326.59,244,1,2026-01-15 10:00:00,2026-02-10 12:00:00
2364,P02364,Sterilite Caja organizadora 40L color negro,Caja plastica con tapa para almacenamiento,335.4,123,1,2026-01-15 10:00:00,2026-02-10 12:00:00
2365,P02365,Logitech G502 Hero modelo 2026,Mouse gamer de alto rendimiento,778.19,173,1,2026-01-15 10:00:00,2026-02-10 12:00:00
2366,P02366,SanDisk Ultra microSD 128GB presentacion familiar,Tarjeta microSD de 128 GB,356.34,299,1,2026-01-15 10:00:00,2026-02-10 12:00:00
2367,P02367,Nike Revolution 7 color blanco,Tenis deportivos para entrenamiento,1964.44,48,1,2026-01-15 10:00:00,2026-02-10 12:00:00
2368,P02368,Logitech G502 Hero presentacion familiar,Mouse gamer de alto rendimiento,1080.8,114,1,2026-01-15 10:00:00,2026-02-10 12:00:00
2369,P02369,JBL Go 4 color negro,Bocina portatil Bluetooth,992.09,9,0,2026-01-15 10:00:00,2026-02-10 12:00:00
2370,P02370,Sterilite Caja organizadora 40L presentacion familiar,Caja plastica con tapa para almacenamiento,292.95,159,1,2026-01-15 10:00:00,2026-02-10 12:00:00
2371,P02371,JBL Go 4 color blanco,Bocina portatil Bluetooth,1124.23,48,1,2026-01-15 10:00:00,2026-02-10 12:00:00
2372,P02372,Colgate Total 12 color negro,Pasta dental de proteccion integral,72.38,22,1,2026-01-15 10:00:00,2026-02-10 12:00:00
2373,P02373,Colgate Total 12 presentacion familiar,Pasta dental de proteccion integral,50.48,260,1,2026-01-15 10:00:00,2026-02-10 12:00:00
2374,P02374,Kingston NV2 1TB edicion especial,Unidad SSD NVMe M.2 de 1 TB,1050.64,41,1,2026-01-15 10:00:00,2026-02-10 12:00:00
2375,P02375,Tefal Plancha Ultragliss presentacion familiar,Plancha de vapor para ropa,1061.3,171,1,2026-01-15 10:00:00,2026-02-10 12:00:00
2376,P02376,Tefal Plancha Ultragliss modelo 2026,Plancha de vapor para ropa,894.89,186,1,2026-01-15 10:00:00,2026-02-10 12:00:00
2377,P02377,Kingston NV2 1TB version estandar,Unidad SSD NVMe M.2 de 1 TB,1019.38,162,1,2026-01-15 10:00:00,2026-02-10 12:00:00
2378,P02378,Tefal Plancha Ultragliss paquete con 2 piezas,Plancha de vapor para ropa,877.95,143,1,2026-01-15 10:00:00,2026-02-10 12:00:00
2379,P02379,Nike Revolution 7 presentacion familiar,Tenis deportivos para entrenamiento,2144.98,34,1,2026-01-15 10:00:00,2026-02-10 12:00:00
2380,P02380,Cinsa Olla de presion 6L color negro,Olla de presion de aluminio de 6 litros,879.88,52,1,2026-01-15 10:00:00,2026-02-10 12:00:00
2381,P02381,Kingston NV2 1TB presentacion familiar,Unidad SSD NVMe M.2 de 1 TB,1166.84,280,1,2026-01-15 10:00:00,2026-02-10 12:00:00
2382,P02382,Logitech G502 Hero edicion especial,Mouse gamer de alto rendimiento,751.98,91,1,2026-01-15 10:00:00,2026-02-10 12:00:00
2383,P02383,Cinsa Olla de presion 6L color blanco,Olla de presion de aluminio de 6 litros,1093.44,184,1,2026-01-15 10:00:00,2026-02-10 12:00:00
2384,P02384,JBL Go 4 color negro,Bocina portatil Bluetooth,906.84,241,1,2026-01-15 10:00:00,2026-02-10 12:00:00
2385,P02385,Sterilite Caja organizadora 40L color blanco,Caja plastica con tapa para almacenamiento,422.18,77,1,2026-01-15 10:00:00,2026-02-10 12:00:00
2386,P02386,Sterilite Caja organizadora 40L color blanco,Caja plastica con tapa para almacenamiento,341.35,134,1,2026-01-15 10:00:00,2026-02-10 12:00:00
2387,P02387,Logitech G502 Hero edicion especial,Mouse gamer de alto rendimiento,716.14,71,1,2026-01-15 10:00:00,2026-02-10 12:00:00
2388,P02388,Tefal Plancha Ultragliss color blanco,Plancha de vapor para ropa,1196.08,206,1,2026-01-15 10:00:00,2026-02-10 12:00:00
2389,P02389,Logitech G502 Hero edicion especial,Mouse gamer de alto rendimiento,841.87,127,1,2026-01-15 10:00:00,2026-02-10 12:00:00
2390,P02390,SanDisk Ultra microSD 128GB version estandar,Tarjeta microSD de 128 GB,351.34,228,1,2026-01-15 10:00:00,2026-02-10 12:00:00
2391,P02391,Kingston NV2 1TB color negro,Unidad SSD NVMe M.2 de 1 TB,1205.24,185,1,2026-01-15 10:00:00,2026-02-10 12:00:00
2392,P02392,JBL Go 4 modelo 2026,Bocina portatil Bluetooth,902.75,6,0,2026-01-15 10:00:00,2026-02-10 12:00:00
2393,P02393,Cinsa Olla de presion 6L version estandar,Olla de presion de aluminio de 6 litros,882.35,283,1,2026-01-15 10:00:00,2026-02-10 12:00:00
2394,P02394,Logitech G502 Hero version estandar,Mouse gamer de alto rendimiento,823.1,157,1,2026-01-15 10:00:00,2026-02-10 12:00:00
2395,P02395,Nike Revolution 7 presentacion familiar,Tenis deportivos para entrenamiento,1787.16,143,1,2026-01-15 10:00:00,2026-02-10 12:00:00
2396,P02396,Nike Revolution 7 color negro,Tenis deportivos para entrenamiento,1599.28,272,1,2026-01-15 10:00:00,2026-02-10 12:00:00
2397,P02397,Gillette Mach3 modelo 2026,Rastrillo para afeitar con tres hojas,298.61,134,1,2026-01-15 10:00:00,2026-02-10 12:00:00
2398,P02398,Tefal Plancha Ultragliss edicion especial,Plancha de vapor para ropa,978.14,80,1,2026-01-15 10:00:00,2026-02-10 12:00:00
2399,P02399,Cinsa Olla de presion 6L color blanco,Olla de presion de aluminio de 6 litros,809.57,149,1,2026-01-15 10:00:00,2026-02-10 12:00:00
2400,P02400,Logitech G502 Hero presentacion familiar,Mouse gamer de alto rendimiento,829.87,158,1,2026-01-15 10:00:00,2026-02-10 12:00:00
2401,P02401,Gillette Mach3 paquete con 2 piezas,Rastrillo para afeitar con tres hojas,211.99,187,1,2026-01-15 10:00:00,2026-02-10 12:00:00
2402,P02402,Sterilite Caja organizadora 40L color negro,Caja plastica con tapa para almacenamiento,440.91,19,1,2026-01-15 10:00:00,2026-02-10 12:00:00
2403,P02403,Gillette Mach3 color blanco,Rastrillo para afeitar con tres hojas,215.92,82,1,2026-01-15 10:00:00,2026-02-10 12:00:00
2404,P02404,Kingston NV2 1TB paquete con 2 piezas,Unidad SSD NVMe M.2 de 1 TB,1188.04,290,1,2026-01-15 10:00:00,2026-02-10 12:00:00
2405,P02405,Kingston NV2 1TB modelo 2026,Unidad SSD NVMe M.2 de 1 TB,1188.72,262,1,2026-01-15 10:00:00,2026-02-10 12:00:00
2406,P02406,Gillette Mach3 modelo 2026,Rastrillo para afeitar con tres hojas,215.49,193,1,2026-01-15 10:00:00,2026-02-10 12:00:00
2407,P02407,Logitech G502 Hero color blanco,Mouse gamer de alto rendimiento,1025.2,287,1,2026-01-15 10:00:00,2026-02-10 12:00:00
2408,P02408,SanDisk Ultra microSD 128GB color negro,Tarjeta microSD de 128 GB,335.78,261,1,2026-01-15 10:00:00,2026-02-10 12:00:00
2409,P02409,Sterilite Caja organizadora 40L color blanco,Caja plastica con tapa para almacenamiento,314.3,207,1,2026-01-15 10:00:00,2026-02-10 12:00:00
2410,P02410,SanDisk Ultra microSD 128GB edicion especial,Tarjeta microSD de 128 GB,267.91,92,1,2026-01-15 10:00:00,2026-02-10 12:00:00
2411,P02411,Sterilite Caja organizadora 40L color blanco,Caja plastica con tapa para almacenamiento,299.91,208,1,2026-01-15 10:00:00,2026-02-10 12:00:00
2412,P02412,Gillette Mach3 paquete con 2 piezas,Rastrillo para afeitar con tres hojas,150.23,255,1,2026-01-15 10:00:00,2026-02-10 12:00:00
2413,P02413,Colgate Total 12 presentacion familiar,Pasta dental de proteccion integral,61.45,71,1,2026-01-15 10:00:00,2026-02-10 12:00:00
2414,P02414,Colgate Total 12 edicion especial,Pasta dental de proteccion integral,75.46,133,1,2026-01-15 10:00:00,2026-02-10 12:00:00
2415,P02415,Sterilite Caja organizadora 40L color negro,Caja plastica con tapa para almacenamiento,375.57,254,1,2026-01-15 10:00:00,2026-02-10 12:00:00
2416,P02416,Logitech G502 Hero presentacion familiar,Mouse gamer de alto rendimiento,970.19,71,1,2026-01-15 10:00:00,2026-02-10 12:00:00
2417,P02417,SanDisk Ultra microSD 128GB edicion especial,Tarjeta microSD de 128 GB,335.7,114,1,2026-01-15 10:00:00,2026-02-10 12:00:00
2418,P02418,Nike Revolution 7 modelo 2026,Tenis deportivos para entrenamiento,1924.21,225,1,2026-01-15 10:00:00,2026-02-10 12:00:00
2419,P02419,Tefal Plancha Ultragliss presentacion familiar,Plancha de vapor para ropa,850.24,27,1,2026-01-15 10:00:00,2026-02-10 12:00:00
2420,P02420,Cinsa Olla de presion 6L color negro,Olla de presion de aluminio de 6 litros,1042.96,225,1,2026-01-15 10:00:00,2026-02-10 12:00:00
2421,P02421,Logitech G502 Hero color blanco,Mouse gamer de alto rendimiento,836.91,99,1,2026-01-15 10:00:00,2026-02-10 12:00:00
2422,P02422,Tefal Plancha Ultragliss version estandar,Plancha de vapor para ropa,890.95,75,1,2026-01-15 10:00:00,2026-02-10 12:00:00
2423,P02423,SanDisk Ultra microSD 128GB presentacion familiar,Tarjeta microSD de 128 GB,387.78,177,1,2026-01-15 10:00:00,2026-02-10 12:00:00
2424,P02424,Nike Revolution 7 paquete con 2 piezas,Tenis deportivos para entrenamiento,1765.56,221,1,2026-01-15 10:00:00,2026-02-10 12:00:00
2425,P02425,Kingston NV2 1TB paquete con 2 piezas,Unidad SSD NVMe M.2 de 1 TB,1180.81,140,1,2026-01-15 10:00:00,2026-02-10 12:00:00
2426,P02426,Tefal Plancha Ultragliss modelo 2026,Plancha de vapor para ropa,808.62,278,1,2026-01-15 10:00:00,2026-02-10 12:00:00
2427,P02427,JBL Go 4 edicion especial,Bocina portatil Bluetooth,1158.76,172,1,2026-01-15 10:00:00,2026-02-10 12:00:00
2428,P02428,SanDisk Ultra microSD 128GB version estandar,Tarjeta microSD de 128 GB,289.86,7,0,2026-01-15 10:00:00,2026-02-10 12:00:00
2429,P02429,Logitech G502 Hero color blanco,Mouse gamer de alto rendimiento,1085.06,200,1,2026-01-15 10:00:00,2026-02-10 12:00:00
2430,P02430,SanDisk Ultra microSD 128GB modelo 2026,Tarjeta microSD de 128 GB,399.54,103,1,2026-01-15 10:00:00,2026-02-10 12:00:00
2431,P02431,SanDisk Ultra microSD 128GB presentacion familiar,Tarjeta microSD de 128 GB,371.6,231,1,2026-01-15 10:00:00,2026-02-10 12:00:00
2432,P02432,Gillette Mach3 color blanco,Rastrillo para afeitar con tres hojas,197.68,207,1,2026-01-15 10:00:00,2026-02-10 12:00:00
2433,P02433,SanDisk Ultra microSD 128GB color negro,Tarjeta microSD de 128 GB,252.02,115,1,2026-01-15 10:00:00,2026-02-10 12:00:00
2434,P02434,Cinsa Olla de presion 6L paquete con 2 piezas,Olla de presion de aluminio de 6 litros,926.57,284,1,2026-01-15 10:00:00,2026-02-10 12:00:00
2435,P02435,JBL Go 4 color blanco,Bocina portatil Bluetooth,940.37,206,1,2026-01-15 10:00:00,2026-02-10 12:00:00
2436,P02436,Colgate Total 12 color blanco,Pasta dental de proteccion integral,97.87,225,1,2026-01-15 10:00:00,2026-02-10 12:00:00
2437,P02437,Nike Revolution 7 version estandar,Tenis deportivos para entrenamiento,2105.34,110,1,2026-01-15 10:00:00,2026-02-10 12:00:00
2438,P02438,JBL Go 4 presentacion familiar,Bocina portatil Bluetooth,1261.82,152,1,2026-01-15 10:00:00,2026-02-10 12:00:00
2439,P02439,SanDisk Ultra microSD 128GB presentacion familiar,Tarjeta microSD de 128 GB,291.68,185,1,2026-01-15 10:00:00,2026-02-10 12:00:00
2440,P02440,Kingston NV2 1TB paquete con 2 piezas,Unidad SSD NVMe M.2 de 1 TB,1217.89,165,1,2026-01-15 10:00:00,2026-02-10 12:00:00
2441,P02441,SanDisk Ultra microSD 128GB color blanco,Tarjeta microSD de 128 GB,390.73,173,1,2026-01-15 10:00:00,2026-02-10 12:00:00
2442,P02442,Kingston NV2 1TB modelo 2026,Unidad SSD NVMe M.2 de 1 TB,1010.35,241,1,2026-01-15 10:00:00,2026-02-10 12:00:00
2443,P02443,Tefal Plancha Ultragliss presentacion familiar,Plancha de vapor para ropa,899.48,141,1,2026-01-15 10:00:00,2026-02-10 12:00:00
2444,P02444,Tefal Plancha Ultragliss version estandar,Plancha de vapor para ropa,1075.01,119,1,2026-01-15 10:00:00,2026-02-10 12:00:00
2445,P02445,Gillette Mach3 presentacion familiar,Rastrillo para afeitar con tres hojas,281.31,178,1,2026-01-15 10:00:00,2026-02-10 12:00:00
2446,P02446,Gillette Mach3 color blanco,Rastrillo para afeitar con tres hojas,191.06,96,1,2026-01-15 10:00:00,2026-02-10 12:00:00
2447,P02447,Logitech G502 Hero edicion especial,Mouse gamer de alto rendimiento,707.5,5,1,2026-01-15 10:00:00,2026-02-10 12:00:00
2448,P02448,Sterilite Caja organizadora 40L color negro,Caja plastica con tapa para almacenamiento,266.16,132,1,2026-01-15 10:00:00,2026-02-10 12:00:00
2449,P02449,Tefal Plancha Ultragliss version estandar,Plancha de vapor para ropa,1109.64,296,1,2026-01-15 10:00:00,2026-02-10 12:00:00
2450,P02450,SanDisk Ultra microSD 128GB edicion especial,Tarjeta microSD de 128 GB,287.99,121,1,2026-01-15 10:00:00,2026-02-10 12:00:00
2451,P02451,Gillette Mach3 color negro,Rastrillo para afeitar con tres hojas,209.72,246,1,2026-01-15 10:00:00,2026-02-10 12:00:00
2452,P02452,JBL Go 4 color blanco,Bocina portatil Bluetooth,921.55,130,1,2026-01-15 10:00:00,2026-02-10 12:00:00
2453,P02453,Nike Revolution 7 edicion especial,Tenis deportivos para entrenamiento,1604.7,83,1,2026-01-15 10:00:00,2026-02-10 12:00:00
2454,P02454,Nike Revolution 7 edicion especial,Tenis deportivos para entrenamiento,1764.16,182,1,2026-01-15 10:00:00,2026-02-10 12:00:00
2455,P02455,Colgate Total 12 modelo 2026,Pasta dental de proteccion integral,87.3,187,1,2026-01-15 10:00:00,2026-02-10 12:00:00
2456,P02456,Gillette Mach3 color blanco,Rastrillo para afeitar con tres hojas,283.67,85,1,2026-01-15 10:00:00,2026-02-10 12:00:00
2457,P02457,Logitech G502 Hero presentacion familiar,Mouse gamer de alto rendimiento,701.09,287,1,2026-01-15 10:00:00,2026-02-10 12:00:00
2458,P02458,Logitech G502 Hero version estandar,Mouse gamer de alto rendimiento,966.78,169,1,2026-01-15 10:00:00,2026-02-10 12:00:00
2459,P02459,Colgate Total 12 paquete con 2 piezas,Pasta dental de proteccion integral,50.19,53,1,2026-01-15 10:00:00,2026-02-10 12:00:00
2460,P02460,Nike Revolution 7 edicion especial,Tenis deportivos para entrenamiento,1850.54,166,1,2026-01-15 10:00:00,2026-02-10 12:00:00
2461,P02461,Logitech G502 Hero modelo 2026,Mouse gamer de alto rendimiento,1097.46,39,1,2026-01-15 10:00:00,2026-02-10 12:00:00
2462,P02462,Tefal Plancha Ultragliss color blanco,Plancha de vapor para ropa,1039.08,21,1,2026-01-15 10:00:00,2026-02-10 12:00:00
2463,P02463,Logitech G502 Hero paquete con 2 piezas,Mouse gamer de alto rendimiento,846.88,222,1,2026-01-15 10:00:00,2026-02-10 12:00:00
2464,P02464,Sterilite Caja organizadora 40L modelo 2026,Caja plastica con tapa para almacenamiento,300.88,40,1,2026-01-15 10:00:00,2026-02-10 12:00:00
2465,P02465,Nike Revolution 7 presentacion familiar,Tenis deportivos para entrenamiento,2085.03,122,1,2026-01-15 10:00:00,2026-02-10 12:00:00
2466,P02466,Logitech G502 Hero presentacion familiar,Mouse gamer de alto rendimiento,908.59,139,1,2026-01-15 10:00:00,2026-02-10 12:00:00
2467,P02467,Logitech G502 Hero modelo 2026,Mouse gamer de alto rendimiento,962.58,197,1,2026-01-15 10:00:00,2026-02-10 12:00:00
2468,P02468,JBL Go 4 paquete con 2 piezas,Bocina portatil Bluetooth,1192.81,34,1,2026-01-15 10:00:00,2026-02-10 12:00:00
2469,P02469,Cinsa Olla de presion 6L paquete con 2 piezas,Olla de presion de aluminio de 6 litros,1062.9,125,1,2026-01-15 10:00:00,2026-02-10 12:00:00
2470,P02470,Logitech G502 Hero color negro,Mouse gamer de alto rendimiento,980.72,300,1,2026-01-15 10:00:00,2026-02-10 12:00:00
2471,P02471,JBL Go 4 color blanco,Bocina portatil Bluetooth,1289.65,224,1,2026-01-15 10:00:00,2026-02-10 12:00:00
2472,P02472,Gillette Mach3 color blanco,Rastrillo para afeitar con tres hojas,271.95,298,1,2026-01-15 10:00:00,2026-02-10 12:00:00
2473,P02473,Sterilite Caja organizadora 40L color blanco,Caja plastica con tapa para almacenamiento,273.32,229,1,2026-01-15 10:00:00,2026-02-10 12:00:00
2474,P02474,Colgate Total 12 presentacion familiar,Pasta dental de proteccion integral,80.23,260,1,2026-01-15 10:00:00,2026-02-10 12:00:00
2475,P02475,Gillette Mach3 edicion especial,Rastrillo para afeitar con tres hojas,184.51,300,1,2026-01-15 10:00:00,2026-02-10 12:00:00
2476,P02476,SanDisk Ultra microSD 128GB color blanco,Tarjeta microSD de 128 GB,338.7,234,1,2026-01-15 10:00:00,2026-02-10 12:00:00
2477,P02477,JBL Go 4 paquete con 2 piezas,Bocina portatil Bluetooth,1140.49,168,1,2026-01-15 10:00:00,2026-02-10 12:00:00
2478,P02478,Logitech G502 Hero color blanco,Mouse gamer de alto rendimiento,779.26,37,1,2026-01-15 10:00:00,2026-02-10 12:00:00
2479,P02479,JBL Go 4 color negro,Bocina portatil Bluetooth,1291.36,5,0,2026-01-15 10:00:00,2026-02-10 12:00:00
2480,P02480,Sterilite Caja organizadora 40L version estandar,Caja plastica con tapa para almacenamiento,443.8,232,1,2026-01-15 10:00:00,2026-02-10 12:00:00
2481,P02481,Colgate Total 12 color blanco,Pasta dental de proteccion integral,80.41,273,1,2026-01-15 10:00:00,2026-02-10 12:00:00
2482,P02482,Logitech G502 Hero edicion especial,Mouse gamer de alto rendimiento,718.75,176,1,2026-01-15 10:00:00,2026-02-10 12:00:00
2483,P02483,Sterilite Caja organizadora 40L version estandar,Caja plastica con tapa para almacenamiento,301.66,159,1,2026-01-15 10:00:00,2026-02-10 12:00:00
2484,P02484,Sterilite Caja organizadora 40L modelo 2026,Caja plastica con tapa para almacenamiento,321.87,102,1,2026-01-15 10:00:00,2026-02-10 12:00:00
2485,P02485,Cinsa Olla de presion 6L version estandar,Olla de presion de aluminio de 6 litros,1118.24,97,1,2026-01-15 10:00:00,2026-02-10 12:00:00
2486,P02486,Kingston NV2 1TB presentacion familiar,Unidad SSD NVMe M.2 de 1 TB,1398.69,202,1,2026-01-15 10:00:00,2026-02-10 12:00:00
2487,P02487,Cinsa Olla de presion 6L version estandar,Olla de presion de aluminio de 6 litros,1131.16,34,1,2026-01-15 10:00:00,2026-02-10 12:00:00
2488,P02488,Tefal Plancha Ultragliss color negro,Plancha de vapor para ropa,915.48,33,1,2026-01-15 10:00:00,2026-02-10 12:00:00
2489,P02489,Kingston NV2 1TB paquete con 2 piezas,Unidad SSD NVMe M.2 de 1 TB,1332.07,21,1,2026-01-15 10:00:00,2026-02-10 12:00:00
2490,P02490,Logitech G502 Hero color blanco,Mouse gamer de alto rendimiento,886.13,241,1,2026-01-15 10:00:00,2026-02-10 12:00:00
2491,P02491,Tefal Plancha Ultragliss color blanco,Plancha de vapor para ropa,872.57,190,1,2026-01-15 10:00:00,2026-02-10 12:00:00
2492,P02492,Sterilite Caja organizadora 40L modelo 2026,Caja plastica con tapa para almacenamiento,376.84,50,1,2026-01-15 10:00:00,2026-02-10 12:00:00
2493,P02493,JBL Go 4 modelo 2026,Bocina portatil Bluetooth,1272.4,139,1,2026-01-15 10:00:00,2026-02-10 12:00:00
2494,P02494,Colgate Total 12 modelo 2026,Pasta dental de proteccion integral,75.94,195,1,2026-01-15 10:00:00,2026-02-10 12:00:00
2495,P02495,Gillette Mach3 color blanco,Rastrillo para afeitar con tres hojas,260.71,185,1,2026-01-15 10:00:00,2026-02-10 12:00:00
2496,P02496,Colgate Total 12 color blanco,Pasta dental de proteccion integral,99.96,16,1,2026-01-15 10:00:00,2026-02-10 12:00:00
2497,P02497,Gillette Mach3 version estandar,Rastrillo para afeitar con tres hojas,191.17,143,1,2026-01-15 10:00:00,2026-02-10 12:00:00
2498,P02498,Gillette Mach3 version estandar,Rastrillo para afeitar con tres hojas,203.77,97,1,2026-01-15 10:00:00,2026-02-10 12:00:00
2499,P02499,Nike Revolution 7 color blanco,Tenis deportivos para entrenamiento,2039.6,84,1,2026-01-15 10:00:00,2026-02-10 12:00:00
2500,P02500,Nike Revolution 7 paquete con 2 piezas,Tenis deportivos para entrenamiento,2116.36,172,1,2026-01-15 10:00:00,2026-02-10 12:00:00
2501,P02501,Colgate Total 12 modelo 2026,Pasta dental de proteccion integral,81.15,274,1,2026-01-15 10:00:00,2026-02-10 12:00:00
2502,P02502,Nike Revolution 7 color negro,Tenis deportivos para entrenamiento,1842.48,182,1,2026-01-15 10:00:00,2026-02-10 12:00:00
2503,P02503,Sterilite Caja organizadora 40L presentacion familiar,Caja plastica con tapa para almacenamiento,449.61,14,1,2026-01-15 10:00:00,2026-02-10 12:00:00
2504,P02504,Cinsa Olla de presion 6L color negro,Olla de presion de aluminio de 6 litros,871.85,187,1,2026-01-15 10:00:00,2026-02-10 12:00:00
2505,P02505,Logitech G502 Hero presentacion familiar,Mouse gamer de alto rendimiento,927.69,149,1,2026-01-15 10:00:00,2026-02-10 12:00:00
2506,P02506,SanDisk Ultra microSD 128GB paquete con 2 piezas,Tarjeta microSD de 128 GB,274.76,22,1,2026-01-15 10:00:00,2026-02-10 12:00:00
2507,P02507,SanDisk Ultra microSD 128GB modelo 2026,Tarjeta microSD de 128 GB,342.21,189,1,2026-01-15 10:00:00,2026-02-10 12:00:00
2508,P02508,Nike Revolution 7 paquete con 2 piezas,Tenis deportivos para entrenamiento,2068.87,273,1,2026-01-15 10:00:00,2026-02-10 12:00:00
2509,P02509,Gillette Mach3 paquete con 2 piezas,Rastrillo para afeitar con tres hojas,295.87,290,1,2026-01-15 10:00:00,2026-02-10 12:00:00
2510,P02510,SanDisk Ultra microSD 128GB presentacion familiar,Tarjeta microSD de 128 GB,286.86,71,1,2026-01-15 10:00:00,2026-02-10 12:00:00
2511,P02511,Nike Revolution 7 modelo 2026,Tenis deportivos para entrenamiento,2039.51,297,1,2026-01-15 10:00:00,2026-02-10 12:00:00
2512,P02512,JBL Go 4 version estandar,Bocina portatil Bluetooth,975.59,300,1,2026-01-15 10:00:00,2026-02-10 12:00:00
2513,P02513,Nike Revolution 7 paquete con 2 piezas,Tenis deportivos para entrenamiento,1715.76,213,1,2026-01-15 10:00:00,2026-02-10 12:00:00
2514,P02514,Tefal Plancha Ultragliss version estandar,Plancha de vapor para ropa,901.59,124,1,2026-01-15 10:00:00,2026-02-10 12:00:00
2515,P02515,JBL Go 4 edicion especial,Bocina portatil Bluetooth,1138.5,60,1,2026-01-15 10:00:00,2026-02-10 12:00:00
2516,P02516,Kingston NV2 1TB color blanco,Unidad SSD NVMe M.2 de 1 TB,1362.89,141,1,2026-01-15 10:00:00,2026-02-10 12:00:00
2517,P02517,Kingston NV2 1TB presentacion familiar,Unidad SSD NVMe M.2 de 1 TB,1495.54,292,1,2026-01-15 10:00:00,2026-02-10 12:00:00
2518,P02518,Nike Revolution 7 paquete con 2 piezas,Tenis deportivos para entrenamiento,1718.13,266,1,2026-01-15 10:00:00,2026-02-10 12:00:00
2519,P02519,Nike Revolution 7 version estandar,Tenis deportivos para entrenamiento,1982.98,195,1,2026-01-15 10:00:00,2026-02-10 12:00:00
2520,P02520,JBL Go 4 paquete con 2 piezas,Bocina portatil Bluetooth,1163.21,1,0,2026-01-15 10:00:00,2026-02-10 12:00:00
2521,P02521,Colgate Total 12 color negro,Pasta dental de proteccion integral,86.49,279,1,2026-01-15 10:00:00,2026-02-10 12:00:00
2522,P02522,Cinsa Olla de presion 6L version estandar,Olla de presion de aluminio de 6 litros,1068.53,273,1,2026-01-15 10:00:00,2026-02-10 12:00:00
2523,P02523,Tefal Plancha Ultragliss edicion especial,Plancha de vapor para ropa,1104.84,147,1,2026-01-15 10:00:00,2026-02-10 12:00:00
2524,P02524,Gillette Mach3 presentacion familiar,Rastrillo para afeitar con tres hojas,291.74,284,1,2026-01-15 10:00:00,2026-02-10 12:00:00
2525,P02525,SanDisk Ultra microSD 128GB color negro,Tarjeta microSD de 128 GB,299.29,96,1,2026-01-15 10:00:00,2026-02-10 12:00:00
2526,P02526,Kingston NV2 1TB presentacion familiar,Unidad SSD NVMe M.2 de 1 TB,1299.06,252,1,2026-01-15 10:00:00,2026-02-10 12:00:00
2527,P02527,JBL Go 4 color negro,Bocina portatil Bluetooth,1005.19,209,1,2026-01-15 10:00:00,2026-02-10 12:00:00
2528,P02528,Colgate Total 12 color blanco,Pasta dental de proteccion integral,65.84,267,1,2026-01-15 10:00:00,2026-02-10 12:00:00
2529,P02529,Tefal Plancha Ultragliss color negro,Plancha de vapor para ropa,1038.55,14,1,2026-01-15 10:00:00,2026-02-10 12:00:00
2530,P02530,Logitech G502 Hero edicion especial,Mouse gamer de alto rendimiento,739.33,232,1,2026-01-15 10:00:00,2026-02-10 12:00:00
2531,P02531,SanDisk Ultra microSD 128GB presentacion familiar,Tarjeta microSD de 128 GB,297.74,224,1,2026-01-15 10:00:00,2026-02-10 12:00:00
2532,P02532,Tefal Plancha Ultragliss version estandar,Plancha de vapor para ropa,1134.43,91,1,2026-01-15 10:00:00,2026-02-10 12:00:00
2533,P02533,Sterilite Caja organizadora 40L modelo 2026,Caja plastica con tapa para almacenamiento,239.42,117,1,2026-01-15 10:00:00,2026-02-10 12:00:00
2534,P02534,SanDisk Ultra microSD 128GB modelo 2026,Tarjeta microSD de 128 GB,280.05,148,1,2026-01-15 10:00:00,2026-02-10 12:00:00
2535,P02535,Kingston NV2 1TB color blanco,Unidad SSD NVMe M.2 de 1 TB,1253.92,83,1,2026-01-15 10:00:00,2026-02-10 12:00:00
2536,P02536,Gillette Mach3 color blanco,Rastrillo para afeitar con tres hojas,195.98,181,1,2026-01-15 10:00:00,2026-02-10 12:00:00
2537,P02537,Cinsa Olla de presion 6L color blanco,Olla de presion de aluminio de 6 litros,1159.51,79,1,2026-01-15 10:00:00,2026-02-10 12:00:00
2538,P02538,JBL Go 4 color blanco,Bocina portatil Bluetooth,1279.1,229,1,2026-01-15 10:00:00,2026-02-10 12:00:00
2539,P02539,Colgate Total 12 edicion especial,Pasta dental de proteccion integral,50.04,47,1,2026-01-15 10:00:00,2026-02-10 12:00:00
2540,P02540,Nike Revolution 7 color negro,Tenis deportivos para entrenamiento,1701.79,7,1,2026-01-15 10:00:00,2026-02-10 12:00:00
2541,P02541,Logitech G502 Hero color blanco,Mouse gamer de alto rendimiento,1058.54,240,1,2026-01-15 10:00:00,2026-02-10 12:00:00
2542,P02542,Logitech G502 Hero edicion especial,Mouse gamer de alto rendimiento,1062.74,174,1,2026-01-15 10:00:00,2026-02-10 12:00:00
2543,P02543,Cinsa Olla de presion 6L color negro,Olla de presion de aluminio de 6 litros,841.64,9,1,2026-01-15 10:00:00,2026-02-10 12:00:00
2544,P02544,Sterilite Caja organizadora 40L version estandar,Caja plastica con tapa para almacenamiento,388.46,215,1,2026-01-15 10:00:00,2026-02-10 12:00:00
2545,P02545,Tefal Plancha Ultragliss modelo 2026,Plancha de vapor para ropa,999.2,171,1,2026-01-15 10:00:00,2026-02-10 12:00:00
2546,P02546,Nike Revolution 7 color negro,Tenis deportivos para entrenamiento,2031.4,119,1,2026-01-15 10:00:00,2026-02-10 12:00:00
2547,P02547,Sterilite Caja organizadora 40L color negro,Caja plastica con tapa para almacenamiento,370.9,12,1,2026-01-15 10:00:00,2026-02-10 12:00:00
2548,P02548,Colgate Total 12 version estandar,Pasta dental de proteccion integral,80.18,145,1,2026-01-15 10:00:00,2026-02-10 12:00:00
2549,P02549,Kingston NV2 1TB presentacion familiar,Unidad SSD NVMe M.2 de 1 TB,1013.76,123,1,2026-01-15 10:00:00,2026-02-10 12:00:00
2550,P02550,Nike Revolution 7 paquete con 2 piezas,Tenis deportivos para entrenamiento,1718.45,298,1,2026-01-15 10:00:00,2026-02-10 12:00:00
2551,P02551,Colgate Total 12 version estandar,Pasta dental de proteccion integral,53.28,253,1,2026-01-15 10:00:00,2026-02-10 12:00:00
2552,P02552,Sterilite Caja organizadora 40L color blanco,Caja plastica con tapa para almacenamiento,408.62,198,1,2026-01-15 10:00:00,2026-02-10 12:00:00
2553,P02553,JBL Go 4 presentacion familiar,Bocina portatil Bluetooth,1003.52,183,1,2026-01-15 10:00:00,2026-02-10 12:00:00
2554,P02554,Tefal Plancha Ultragliss version estandar,Plancha de vapor para ropa,832.5,30,1,2026-01-15 10:00:00,2026-02-10 12:00:00
2555,P02555,Cinsa Olla de presion 6L version estandar,Olla de presion de aluminio de 6 litros,888.5,236,1,2026-01-15 10:00:00,2026-02-10 12:00:00
2556,P02556,Kingston NV2 1TB edicion especial,Unidad SSD NVMe M.2 de 1 TB,1208.36,140,1,2026-01-15 10:00:00,2026-02-10 12:00:00
2557,P02557,Tefal Plancha Ultragliss edicion especial,Plancha de vapor para ropa,1011.94,188,1,2026-01-15 10:00:00,2026-02-10 12:00:00
2558,P02558,SanDisk Ultra microSD 128GB version estandar,Tarjeta microSD de 128 GB,387.08,110,1,2026-01-15 10:00:00,2026-02-10 12:00:00
2559,P02559,SanDisk Ultra microSD 128GB edicion especial,Tarjeta microSD de 128 GB,382.86,165,1,2026-01-15 10:00:00,2026-02-10 12:00:00
2560,P02560,Sterilite Caja organizadora 40L color blanco,Caja plastica con tapa para almacenamiento,366.99,251,1,2026-01-15 10:00:00,2026-02-10 12:00:00
2561,P02561,Logitech G502 Hero presentacion familiar,Mouse gamer de alto rendimiento,954.94,180,1,2026-01-15 10:00:00,2026-02-10 12:00:00
2562,P02562,Cinsa Olla de presion 6L color blanco,Olla de presion de aluminio de 6 litros,1182.61,262,1,2026-01-15 10:00:00,2026-02-10 12:00:00
2563,P02563,Gillette Mach3 color blanco,Rastrillo para afeitar con tres hojas,190.95,120,1,2026-01-15 10:00:00,2026-02-10 12:00:00
2564,P02564,Gillette Mach3 edicion especial,Rastrillo para afeitar con tres hojas,265.3,44,1,2026-01-15 10:00:00,2026-02-10 12:00:00
2565,P02565,Logitech G502 Hero modelo 2026,Mouse gamer de alto rendimiento,837.29,54,1,2026-01-15 10:00:00,2026-02-10 12:00:00
2566,P02566,SanDisk Ultra microSD 128GB paquete con 2 piezas,Tarjeta microSD de 128 GB,301.4,18,1,2026-01-15 10:00:00,2026-02-10 12:00:00
2567,P02567,Cinsa Olla de presion 6L color blanco,Olla de presion de aluminio de 6 litros,898.43,6,1,2026-01-15 10:00:00,2026-02-10 12:00:00
2568,P02568,Tefal Plancha Ultragliss version estandar,Plancha de vapor para ropa,888.68,220,1,2026-01-15 10:00:00,2026-02-10 12:00:00
2569,P02569,SanDisk Ultra microSD 128GB color negro,Tarjeta microSD de 128 GB,279.65,271,1,2026-01-15 10:00:00,2026-02-10 12:00:00
2570,P02570,Nike Revolution 7 version estandar,Tenis deportivos para entrenamiento,1855.51,178,1,2026-01-15 10:00:00,2026-02-10 12:00:00
2571,P02571,Colgate Total 12 modelo 2026,Pasta dental de proteccion integral,69.48,21,1,2026-01-15 10:00:00,2026-02-10 12:00:00
2572,P02572,Tefal Plancha Ultragliss version estandar,Plancha de vapor para ropa,1135.68,221,1,2026-01-15 10:00:00,2026-02-10 12:00:00
2573,P02573,Sterilite Caja organizadora 40L modelo 2026,Caja plastica con tapa para almacenamiento,246.1,172,1,2026-01-15 10:00:00,2026-02-10 12:00:00
2574,P02574,JBL Go 4 edicion especial,Bocina portatil Bluetooth,1192.39,205,1,2026-01-15 10:00:00,2026-02-10 12:00:00
2575,P02575,Tefal Plancha Ultragliss version estandar,Plancha de vapor para ropa,884.68,224,1,2026-01-15 10:00:00,2026-02-10 12:00:00
2576,P02576,Logitech G502 Hero version estandar,Mouse gamer de alto rendimiento,893.28,182,1,2026-01-15 10:00:00,2026-02-10 12:00:00
2577,P02577,Gillette Mach3 modelo 2026,Rastrillo para afeitar con tres hojas,243.24,204,1,2026-01-15 10:00:00,2026-02-10 12:00:00
2578,P02578,Tefal Plancha Ultragliss paquete con 2 piezas,Plancha de vapor para ropa,836.41,70,1,2026-01-15 10:00:00,2026-02-10 12:00:00
2579,P02579,Nike Revolution 7 modelo 2026,Tenis deportivos para entrenamiento,1974.94,179,1,2026-01-15 10:00:00,2026-02-10 12:00:00
2580,P02580,Logitech G502 Hero color blanco,Mouse gamer de alto rendimiento,964.67,160,1,2026-01-15 10:00:00,2026-02-10 12:00:00
2581,P02581,JBL Go 4 paquete con 2 piezas,Bocina portatil Bluetooth,1217.6,267,1,2026-01-15 10:00:00,2026-02-10 12:00:00
2582,P02582,Cinsa Olla de presion 6L modelo 2026,Olla de presion de aluminio de 6 litros,898.13,266,1,2026-01-15 10:00:00,2026-02-10 12:00:00
2583,P02583,Cinsa Olla de presion 6L edicion especial,Olla de presion de aluminio de 6 litros,929.86,118,1,2026-01-15 10:00:00,2026-02-10 12:00:00
2584,P02584,Cinsa Olla de presion 6L color negro,Olla de presion de aluminio de 6 litros,1062.71,96,1,2026-01-15 10:00:00,2026-02-10 12:00:00
2585,P02585,Cinsa Olla de presion 6L color negro,Olla de presion de aluminio de 6 litros,807.78,254,1,2026-01-15 10:00:00,2026-02-10 12:00:00
2586,P02586,Sterilite Caja organizadora 40L paquete con 2 piezas,Caja plastica con tapa para almacenamiento,241.58,148,1,2026-01-15 10:00:00,2026-02-10 12:00:00
2587,P02587,Tefal Plancha Ultragliss color blanco,Plancha de vapor para ropa,1094.76,271,1,2026-01-15 10:00:00,2026-02-10 12:00:00
2588,P02588,Nike Revolution 7 presentacion familiar,Tenis deportivos para entrenamiento,2010.96,176,1,2026-01-15 10:00:00,2026-02-10 12:00:00
2589,P02589,Sterilite Caja organizadora 40L modelo 2026,Caja plastica con tapa para almacenamiento,284.9,196,1,2026-01-15 10:00:00,2026-02-10 12:00:00
2590,P02590,Tefal Plancha Ultragliss modelo 2026,Plancha de vapor para ropa,988.09,120,1,2026-01-15 10:00:00,2026-02-10 12:00:00
2591,P02591,JBL Go 4 color negro,Bocina portatil Bluetooth,1125.49,16,1,2026-01-15 10:00:00,2026-02-10 12:00:00
2592,P02592,Logitech G502 Hero modelo 2026,Mouse gamer de alto rendimiento,733.12,22,1,2026-01-15 10:00:00,2026-02-10 12:00:00
2593,P02593,Logitech G502 Hero version estandar,Mouse gamer de alto rendimiento,887.1,50,1,2026-01-15 10:00:00,2026-02-10 12:00:00
2594,P02594,Logitech G502 Hero color negro,Mouse gamer de alto rendimiento,1018.47,74,1,2026-01-15 10:00:00,2026-02-10 12:00:00
2595,P02595,Cinsa Olla de presion 6L version estandar,Olla de presion de aluminio de 6 litros,935.02,55,1,2026-01-15 10:00:00,2026-02-10 12:00:00
2596,P02596,Logitech G502 Hero version estandar,Mouse gamer de alto rendimiento,726.29,295,1,2026-01-15 10:00:00,2026-02-10 12:00:00
2597,P02597,Sterilite Caja organizadora 40L color negro,Caja plastica con tapa para almacenamiento,357.5,142,1,2026-01-15 10:00:00,2026-02-10 12:00:00
2598,P02598,JBL Go 4 presentacion familiar,Bocina portatil Bluetooth,1211.53,160,1,2026-01-15 10:00:00,2026-02-10 12:00:00
2599,P02599,SanDisk Ultra microSD 128GB modelo 2026,Tarjeta microSD de 128 GB,313.49,0,1,2026-01-15 10:00:00,2026-02-10 12:00:00
2600,P02600,Cinsa Olla de presion 6L modelo 2026,Olla de presion de aluminio de 6 litros,1141.19,261,1,2026-01-15 10:00:00,2026-02-10 12:00:00
2601,P02601,Colgate Total 12 color blanco,Pasta dental de proteccion integral,73.19,200,1,2026-01-15 10:00:00,2026-02-10 12:00:00
2602,P02602,Tefal Plancha Ultragliss modelo 2026,Plancha de vapor para ropa,1178.67,265,1,2026-01-15 10:00:00,2026-02-10 12:00:00
2603,P02603,Gillette Mach3 edicion especial,Rastrillo para afeitar con tres hojas,186.45,77,1,2026-01-15 10:00:00,2026-02-10 12:00:00
2604,P02604,Kingston NV2 1TB edicion especial,Unidad SSD NVMe M.2 de 1 TB,1039.22,201,1,2026-01-15 10:00:00,2026-02-10 12:00:00
2605,P02605,Tefal Plancha Ultragliss paquete con 2 piezas,Plancha de vapor para ropa,872.97,20,1,2026-01-15 10:00:00,2026-02-10 12:00:00
2606,P02606,Colgate Total 12 modelo 2026,Pasta dental de proteccion integral,96.3,173,1,2026-01-15 10:00:00,2026-02-10 12:00:00
2607,P02607,Logitech G502 Hero color negro,Mouse gamer de alto rendimiento,841.25,118,1,2026-01-15 10:00:00,2026-02-10 12:00:00
2608,P02608,Sterilite Caja organizadora 40L modelo 2026,Caja plastica con tapa para almacenamiento,201.74,218,1,2026-01-15 10:00:00,2026-02-10 12:00:00
2609,P02609,JBL Go 4 version estandar,Bocina portatil Bluetooth,999.85,111,1,2026-01-15 10:00:00,2026-02-10 12:00:00
2610,P02610,Colgate Total 12 version estandar,Pasta dental de proteccion integral,61.2,36,1,2026-01-15 10:00:00,2026-02-10 12:00:00
2611,P02611,Colgate Total 12 modelo 2026,Pasta dental de proteccion integral,66.46,140,1,2026-01-15 10:00:00,2026-02-10 12:00:00
2612,P02612,Tefal Plancha Ultragliss paquete con 2 piezas,Plancha de vapor para ropa,811.55,38,1,2026-01-15 10:00:00,2026-02-10 12:00:00
2613,P02613,SanDisk Ultra microSD 128GB version estandar,Tarjeta microSD de 128 GB,252.04,252,1,2026-01-15 10:00:00,2026-02-10 12:00:00
2614,P02614,SanDisk Ultra microSD 128GB color negro,Tarjeta microSD de 128 GB,288.72,3,0,2026-01-15 10:00:00,2026-02-10 12:00:00
2615,P02615,Nike Revolution 7 color negro,Tenis deportivos para entrenamiento,1993.72,78,1,2026-01-15 10:00:00,2026-02-10 12:00:00
2616,P02616,Tefal Plancha Ultragliss presentacion familiar,Plancha de vapor para ropa,976.69,159,1,2026-01-15 10:00:00,2026-02-10 12:00:00
2617,P02617,Tefal Plancha Ultragliss color negro,Plancha de vapor para ropa,1186.62,72,1,2026-01-15 10:00:00,2026-02-10 12:00:00
2618,P02618,Sterilite Caja organizadora 40L presentacion familiar,Caja plastica con tapa para almacenamiento,266.97,14,1,2026-01-15 10:00:00,2026-02-10 12:00:00
2619,P02619,Gillette Mach3 version estandar,Rastrillo para afeitar con tres hojas,152.57,97,1,2026-01-15 10:00:00,2026-02-10 12:00:00
2620,P02620,JBL Go 4 presentacion familiar,Bocina portatil Bluetooth,1162.61,248,1,2026-01-15 10:00:00,2026-02-10 12:00:00
2621,P02621,Kingston NV2 1TB presentacion familiar,Unidad SSD NVMe M.2 de 1 TB,1231.06,191,1,2026-01-15 10:00:00,2026-02-10 12:00:00
2622,P02622,Cinsa Olla de presion 6L version estandar,Olla de presion de aluminio de 6 litros,1079.84,18,1,2026-01-15 10:00:00,2026-02-10 12:00:00
2623,P02623,Kingston NV2 1TB version estandar,Unidad SSD NVMe M.2 de 1 TB,1357.79,175,1,2026-01-15 10:00:00,2026-02-10 12:00:00
2624,P02624,Tefal Plancha Ultragliss color blanco,Plancha de vapor para ropa,851.88,151,1,2026-01-15 10:00:00,2026-02-10 12:00:00
2625,P02625,Nike Revolution 7 color blanco,Tenis deportivos para entrenamiento,1514.15,151,1,2026-01-15 10:00:00,2026-02-10 12:00:00
2626,P02626,Gillette Mach3 color blanco,Rastrillo para afeitar con tres hojas,245.75,79,1,2026-01-15 10:00:00,2026-02-10 12:00:00
2627,P02627,Sterilite Caja organizadora 40L color negro,Caja plastica con tapa para almacenamiento,282.74,120,1,2026-01-15 10:00:00,2026-02-10 12:00:00
2628,P02628,Kingston NV2 1TB modelo 2026,Unidad SSD NVMe M.2 de 1 TB,1294.02,254,1,2026-01-15 10:00:00,2026-02-10 12:00:00
2629,P02629,Gillette Mach3 color blanco,Rastrillo para afeitar con tres hojas,155.64,152,1,2026-01-15 10:00:00,2026-02-10 12:00:00
2630,P02630,Colgate Total 12 color negro,Pasta dental de proteccion integral,68.01,53,1,2026-01-15 10:00:00,2026-02-10 12:00:00
2631,P02631,Gillette Mach3 color blanco,Rastrillo para afeitar con tres hojas,150.11,114,1,2026-01-15 10:00:00,2026-02-10 12:00:00
2632,P02632,SanDisk Ultra microSD 128GB modelo 2026,Tarjeta microSD de 128 GB,329.36,59,1,2026-01-15 10:00:00,2026-02-10 12:00:00
2633,P02633,Kingston NV2 1TB edicion especial,Unidad SSD NVMe M.2 de 1 TB,1217.79,155,1,2026-01-15 10:00:00,2026-02-10 12:00:00
2634,P02634,Gillette Mach3 paquete con 2 piezas,Rastrillo para afeitar con tres hojas,264.64,101,1,2026-01-15 10:00:00,2026-02-10 12:00:00
2635,P02635,JBL Go 4 paquete con 2 piezas,Bocina portatil Bluetooth,1256.61,113,1,2026-01-15 10:00:00,2026-02-10 12:00:00
2636,P02636,Gillette Mach3 version estandar,Rastrillo para afeitar con tres hojas,272.86,165,1,2026-01-15 10:00:00,2026-02-10 12:00:00
2637,P02637,Sterilite Caja organizadora 40L color blanco,Caja plastica con tapa para almacenamiento,326.28,192,1,2026-01-15 10:00:00,2026-02-10 12:00:00
2638,P02638,Nike Revolution 7 modelo 2026,Tenis deportivos para entrenamiento,2115.44,24,1,2026-01-15 10:00:00,2026-02-10 12:00:00
2639,P02639,Tefal Plancha Ultragliss color negro,Plancha de vapor para ropa,972.62,46,1,2026-01-15 10:00:00,2026-02-10 12:00:00
2640,P02640,Nike Revolution 7 paquete con 2 piezas,Tenis deportivos para entrenamiento,2138.04,17,1,2026-01-15 10:00:00,2026-02-10 12:00:00
2641,P02641,Kingston NV2 1TB presentacion familiar,Unidad SSD NVMe M.2 de 1 TB,1072.66,219,1,2026-01-15 10:00:00,2026-02-10 12:00:00
2642,P02642,Kingston NV2 1TB presentacion familiar,Unidad SSD NVMe M.2 de 1 TB,1411.53,278,1,2026-01-15 10:00:00,2026-02-10 12:00:00
2643,P02643,Cinsa Olla de presion 6L modelo 2026,Olla de presion de aluminio de 6 litros,838.24,128,1,2026-01-15 10:00:00,2026-02-10 12:00:00
2644,P02644,Logitech G502 Hero color blanco,Mouse gamer de alto rendimiento,769.11,232,1,2026-01-15 10:00:00,2026-02-10 12:00:00
2645,P02645,Gillette Mach3 edicion especial,Rastrillo para afeitar con tres hojas,246.32,144,1,2026-01-15 10:00:00,2026-02-10 12:00:00
2646,P02646,Cinsa Olla de presion 6L color blanco,Olla de presion de aluminio de 6 litros,950.44,189,1,2026-01-15 10:00:00,2026-02-10 12:00:00
2647,P02647,Colgate Total 12 version estandar,Pasta dental de proteccion integral,96.95,54,1,2026-01-15 10:00:00,2026-02-10 12:00:00
2648,P02648,Sterilite Caja organizadora 40L modelo 2026,Caja plastica con tapa para almacenamiento,312.02,45,1,2026-01-15 10:00:00,2026-02-10 12:00:00
2649,P02649,Kingston NV2 1TB color negro,Unidad SSD NVMe M.2 de 1 TB,1058.24,263,1,2026-01-15 10:00:00,2026-02-10 12:00:00
2650,P02650,Cinsa Olla de presion 6L presentacion familiar,Olla de presion de aluminio de 6 litros,919.65,201,1,2026-01-15 10:00:00,2026-02-10 12:00:00
2651,P02651,Gillette Mach3 modelo 2026,Rastrillo para afeitar con tres hojas,228.83,36,1,2026-01-15 10:00:00,2026-02-10 12:00:00
2652,P02652,Tefal Plancha Ultragliss edicion especial,Plancha de vapor para ropa,868.02,179,1,2026-01-15 10:00:00,2026-02-10 12:00:00
2653,P02653,Colgate Total 12 modelo 2026,Pasta dental de proteccion integral,53.43,131,1,2026-01-15 10:00:00,2026-02-10 12:00:00
2654,P02654,Colgate Total 12 edicion especial,Pasta dental de proteccion integral,93.91,112,1,2026-01-15 10:00:00,2026-02-10 12:00:00
2655,P02655,Sterilite Caja organizadora 40L edicion especial,Caja plastica con tapa para almacenamiento,223.79,270,1,2026-01-15 10:00:00,2026-02-10 12:00:00
2656,P02656,Cinsa Olla de presion 6L modelo 2026,Olla de presion de aluminio de 6 litros,881.6,152,1,2026-01-15 10:00:00,2026-02-10 12:00:00
2657,P02657,Kingston NV2 1TB color blanco,Unidad SSD NVMe M.2 de 1 TB,1070.3,24,1,2026-01-15 10:00:00,2026-02-10 12:00:00
2658,P02658,Nike Revolution 7 version estandar,Tenis deportivos para entrenamiento,1933.75,300,1,2026-01-15 10:00:00,2026-02-10 12:00:00
2659,P02659,Cinsa Olla de presion 6L color blanco,Olla de presion de aluminio de 6 litros,973.41,180,1,2026-01-15 10:00:00,2026-02-10 12:00:00
2660,P02660,SanDisk Ultra microSD 128GB paquete con 2 piezas,Tarjeta microSD de 128 GB,265.31,54,1,2026-01-15 10:00:00,2026-02-10 12:00:00
2661,P02661,Cinsa Olla de presion 6L version estandar,Olla de presion de aluminio de 6 litros,1004.51,18,1,2026-01-15 10:00:00,2026-02-10 12:00:00
2662,P02662,Tefal Plancha Ultragliss presentacion familiar,Plancha de vapor para ropa,1014.35,257,1,2026-01-15 10:00:00,2026-02-10 12:00:00
2663,P02663,Logitech G502 Hero color negro,Mouse gamer de alto rendimiento,747.24,192,1,2026-01-15 10:00:00,2026-02-10 12:00:00
2664,P02664,Logitech G502 Hero version estandar,Mouse gamer de alto rendimiento,915.02,121,1,2026-01-15 10:00:00,2026-02-10 12:00:00
2665,P02665,SanDisk Ultra microSD 128GB presentacion familiar,Tarjeta microSD de 128 GB,380.19,176,1,2026-01-15 10:00:00,2026-02-10 12:00:00
2666,P02666,SanDisk Ultra microSD 128GB presentacion familiar,Tarjeta microSD de 128 GB,359.69,111,1,2026-01-15 10:00:00,2026-02-10 12:00:00
2667,P02667,Gillette Mach3 presentacion familiar,Rastrillo para afeitar con tres hojas,193.21,193,1,2026-01-15 10:00:00,2026-02-10 12:00:00
2668,P02668,Logitech G502 Hero paquete con 2 piezas,Mouse gamer de alto rendimiento,703.49,150,1,2026-01-15 10:00:00,2026-02-10 12:00:00
2669,P02669,JBL Go 4 color blanco,Bocina portatil Bluetooth,1186.78,237,1,2026-01-15 10:00:00,2026-02-10 12:00:00
2670,P02670,Cinsa Olla de presion 6L presentacion familiar,Olla de presion de aluminio de 6 litros,1186.44,73,1,2026-01-15 10:00:00,2026-02-10 12:00:00
2671,P02671,JBL Go 4 paquete con 2 piezas,Bocina portatil Bluetooth,950.82,36,1,2026-01-15 10:00:00,2026-02-10 12:00:00
2672,P02672,Cinsa Olla de presion 6L color blanco,Olla de presion de aluminio de 6 litros,800.52,225,1,2026-01-15 10:00:00,2026-02-10 12:00:00
2673,P02673,JBL Go 4 presentacion familiar,Bocina portatil Bluetooth,989.57,103,1,2026-01-15 10:00:00,2026-02-10 12:00:00
2674,P02674,SanDisk Ultra microSD 128GB edicion especial,Tarjeta microSD de 128 GB,380.5,28,1,2026-01-15 10:00:00,2026-02-10 12:00:00
2675,P02675,Colgate Total 12 presentacion familiar,Pasta dental de proteccion integral,51.21,140,1,2026-01-15 10:00:00,2026-02-10 12:00:00
2676,P02676,Sterilite Caja organizadora 40L color blanco,Caja plastica con tapa para almacenamiento,415.03,203,1,2026-01-15 10:00:00,2026-02-10 12:00:00
2677,P02677,Sterilite Caja organizadora 40L modelo 2026,Caja plastica con tapa para almacenamiento,256.7,24,1,2026-01-15 10:00:00,2026-02-10 12:00:00
2678,P02678,Colgate Total 12 color negro,Pasta dental de proteccion integral,63.65,70,1,2026-01-15 10:00:00,2026-02-10 12:00:00
2679,P02679,Gillette Mach3 modelo 2026,Rastrillo para afeitar con tres hojas,176.54,8,1,2026-01-15 10:00:00,2026-02-10 12:00:00
2680,P02680,Colgate Total 12 paquete con 2 piezas,Pasta dental de proteccion integral,52.9,21,1,2026-01-15 10:00:00,2026-02-10 12:00:00
2681,P02681,Tefal Plancha Ultragliss paquete con 2 piezas,Plancha de vapor para ropa,1187.14,16,1,2026-01-15 10:00:00,2026-02-10 12:00:00
2682,P02682,Colgate Total 12 presentacion familiar,Pasta dental de proteccion integral,94.77,13,1,2026-01-15 10:00:00,2026-02-10 12:00:00
2683,P02683,Colgate Total 12 paquete con 2 piezas,Pasta dental de proteccion integral,99.52,35,1,2026-01-15 10:00:00,2026-02-10 12:00:00
2684,P02684,JBL Go 4 edicion especial,Bocina portatil Bluetooth,1105.69,127,1,2026-01-15 10:00:00,2026-02-10 12:00:00
2685,P02685,JBL Go 4 version estandar,Bocina portatil Bluetooth,1125.5,226,1,2026-01-15 10:00:00,2026-02-10 12:00:00
2686,P02686,Logitech G502 Hero presentacion familiar,Mouse gamer de alto rendimiento,974.97,227,1,2026-01-15 10:00:00,2026-02-10 12:00:00
2687,P02687,Logitech G502 Hero version estandar,Mouse gamer de alto rendimiento,1005.09,102,1,2026-01-15 10:00:00,2026-02-10 12:00:00
2688,P02688,Nike Revolution 7 presentacion familiar,Tenis deportivos para entrenamiento,1500.77,286,1,2026-01-15 10:00:00,2026-02-10 12:00:00
2689,P02689,Logitech G502 Hero version estandar,Mouse gamer de alto rendimiento,773.68,207,1,2026-01-15 10:00:00,2026-02-10 12:00:00
2690,P02690,Nike Revolution 7 modelo 2026,Tenis deportivos para entrenamiento,1549.59,151,1,2026-01-15 10:00:00,2026-02-10 12:00:00
2691,P02691,SanDisk Ultra microSD 128GB presentacion familiar,Tarjeta microSD de 128 GB,258.86,171,1,2026-01-15 10:00:00,2026-02-10 12:00:00
2692,P02692,Kingston NV2 1TB presentacion familiar,Unidad SSD NVMe M.2 de 1 TB,1277.73,30,1,2026-01-15 10:00:00,2026-02-10 12:00:00
2693,P02693,Colgate Total 12 modelo 2026,Pasta dental de proteccion integral,75.56,67,1,2026-01-15 10:00:00,2026-02-10 12:00:00
2694,P02694,Colgate Total 12 version estandar,Pasta dental de proteccion integral,57.54,141,1,2026-01-15 10:00:00,2026-02-10 12:00:00
2695,P02695,Tefal Plancha Ultragliss paquete con 2 piezas,Plancha de vapor para ropa,825.99,112,1,2026-01-15 10:00:00,2026-02-10 12:00:00
2696,P02696,SanDisk Ultra microSD 128GB edicion especial,Tarjeta microSD de 128 GB,280.18,148,1,2026-01-15 10:00:00,2026-02-10 12:00:00
2697,P02697,Cinsa Olla de presion 6L presentacion familiar,Olla de presion de aluminio de 6 litros,860.42,30,1,2026-01-15 10:00:00,2026-02-10 12:00:00
2698,P02698,SanDisk Ultra microSD 128GB color negro,Tarjeta microSD de 128 GB,329.74,249,1,2026-01-15 10:00:00,2026-02-10 12:00:00
2699,P02699,SanDisk Ultra microSD 128GB presentacion familiar,Tarjeta microSD de 128 GB,313.3,265,1,2026-01-15 10:00:00,2026-02-10 12:00:00
2700,P02700,Gillette Mach3 presentacion familiar,Rastrillo para afeitar con tres hojas,220.93,262,1,2026-01-15 10:00:00,2026-02-10 12:00:00
2701,P02701,Sterilite Caja organizadora 40L modelo 2026,Caja plastica con tapa para almacenamiento,369.4,71,1,2026-01-15 10:00:00,2026-02-10 12:00:00
2702,P02702,Colgate Total 12 color negro,Pasta dental de proteccion integral,66.34,199,1,2026-01-15 10:00:00,2026-02-10 12:00:00
2703,P02703,Kingston NV2 1TB color negro,Unidad SSD NVMe M.2 de 1 TB,1084.65,204,1,2026-01-15 10:00:00,2026-02-10 12:00:00
2704,P02704,Tefal Plancha Ultragliss modelo 2026,Plancha de vapor para ropa,860.43,233,1,2026-01-15 10:00:00,2026-02-10 12:00:00
2705,P02705,Nike Revolution 7 edicion especial,Tenis deportivos para entrenamiento,1775.73,73,1,2026-01-15 10:00:00,2026-02-10 12:00:00
2706,P02706,Logitech G502 Hero edicion especial,Mouse gamer de alto rendimiento,1005.47,251,1,2026-01-15 10:00:00,2026-02-10 12:00:00
2707,P02707,Gillette Mach3 modelo 2026,Rastrillo para afeitar con tres hojas,286.21,169,1,2026-01-15 10:00:00,2026-02-10 12:00:00
2708,P02708,Nike Revolution 7 paquete con 2 piezas,Tenis deportivos para entrenamiento,1822.15,120,1,2026-01-15 10:00:00,2026-02-10 12:00:00
2709,P02709,Sterilite Caja organizadora 40L paquete con 2 piezas,Caja plastica con tapa para almacenamiento,359.63,207,1,2026-01-15 10:00:00,2026-02-10 12:00:00
2710,P02710,Nike Revolution 7 color blanco,Tenis deportivos para entrenamiento,2110.68,120,1,2026-01-15 10:00:00,2026-02-10 12:00:00
2711,P02711,Sterilite Caja organizadora 40L edicion especial,Caja plastica con tapa para almacenamiento,413.32,187,1,2026-01-15 10:00:00,2026-02-10 12:00:00
2712,P02712,Colgate Total 12 color negro,Pasta dental de proteccion integral,63.56,186,1,2026-01-15 10:00:00,2026-02-10 12:00:00
2713,P02713,Logitech G502 Hero modelo 2026,Mouse gamer de alto rendimiento,718.03,133,1,2026-01-15 10:00:00,2026-02-10 12:00:00
2714,P02714,Sterilite Caja organizadora 40L paquete con 2 piezas,Caja plastica con tapa para almacenamiento,426.01,84,1,2026-01-15 10:00:00,2026-02-10 12:00:00
2715,P02715,Nike Revolution 7 color negro,Tenis deportivos para entrenamiento,1616.92,282,1,2026-01-15 10:00:00,2026-02-10 12:00:00
2716,P02716,Nike Revolution 7 color negro,Tenis deportivos para entrenamiento,2045.33,294,1,2026-01-15 10:00:00,2026-02-10 12:00:00
2717,P02717,Kingston NV2 1TB color negro,Unidad SSD NVMe M.2 de 1 TB,1470.24,109,1,2026-01-15 10:00:00,2026-02-10 12:00:00
2718,P02718,Gillette Mach3 edicion especial,Rastrillo para afeitar con tres hojas,284.83,263,1,2026-01-15 10:00:00,2026-02-10 12:00:00
2719,P02719,Colgate Total 12 color blanco,Pasta dental de proteccion integral,76.65,143,1,2026-01-15 10:00:00,2026-02-10 12:00:00
2720,P02720,Colgate Total 12 presentacion familiar,Pasta dental de proteccion integral,58.96,66,1,2026-01-15 10:00:00,2026-02-10 12:00:00
2721,P02721,JBL Go 4 version estandar,Bocina portatil Bluetooth,1161.74,71,1,2026-01-15 10:00:00,2026-02-10 12:00:00
2722,P02722,Kingston NV2 1TB presentacion familiar,Unidad SSD NVMe M.2 de 1 TB,1339.57,153,1,2026-01-15 10:00:00,2026-02-10 12:00:00
2723,P02723,Kingston NV2 1TB version estandar,Unidad SSD NVMe M.2 de 1 TB,1396.68,10,1,2026-01-15 10:00:00,2026-02-10 12:00:00
2724,P02724,Logitech G502 Hero edicion especial,Mouse gamer de alto rendimiento,1079.64,213,1,2026-01-15 10:00:00,2026-02-10 12:00:00
2725,P02725,Nike Revolution 7 version estandar,Tenis deportivos para entrenamiento,2122.77,274,1,2026-01-15 10:00:00,2026-02-10 12:00:00
2726,P02726,Logitech G502 Hero edicion especial,Mouse gamer de alto rendimiento,879.82,224,1,2026-01-15 10:00:00,2026-02-10 12:00:00
2727,P02727,Cinsa Olla de presion 6L color negro,Olla de presion de aluminio de 6 litros,1091.23,209,1,2026-01-15 10:00:00,2026-02-10 12:00:00
2728,P02728,JBL Go 4 modelo 2026,Bocina portatil Bluetooth,1202.69,199,1,2026-01-15 10:00:00,2026-02-10 12:00:00
2729,P02729,Logitech G502 Hero edicion especial,Mouse gamer de alto rendimiento,931.95,32,1,2026-01-15 10:00:00,2026-02-10 12:00:00
2730,P02730,Tefal Plancha Ultragliss color negro,Plancha de vapor para ropa,894.75,26,1,2026-01-15 10:00:00,2026-02-10 12:00:00
2731,P02731,JBL Go 4 presentacion familiar,Bocina portatil Bluetooth,1180.03,200,1,2026-01-15 10:00:00,2026-02-10 12:00:00
2732,P02732,Nike Revolution 7 presentacion familiar,Tenis deportivos para entrenamiento,2031.46,139,1,2026-01-15 10:00:00,2026-02-10 12:00:00
2733,P02733,Tefal Plancha Ultragliss color negro,Plancha de vapor para ropa,1090.63,232,1,2026-01-15 10:00:00,2026-02-10 12:00:00
2734,P02734,Kingston NV2 1TB version estandar,Unidad SSD NVMe M.2 de 1 TB,1251.73,219,1,2026-01-15 10:00:00,2026-02-10 12:00:00
2735,P02735,Kingston NV2 1TB edicion especial,Unidad SSD NVMe M.2 de 1 TB,1026.68,81,1,2026-01-15 10:00:00,2026-02-10 12:00:00
2736,P02736,Logitech G502 Hero color negro,Mouse gamer de alto rendimiento,1045.38,204,1,2026-01-15 10:00:00,2026-02-10 12:00:00
2737,P02737,Gillette Mach3 version estandar,Rastrillo para afeitar con tres hojas,277.27,123,1,2026-01-15 10:00:00,2026-02-10 12:00:00
2738,P02738,Logitech G502 Hero color negro,Mouse gamer de alto rendimiento,767.3,36,1,2026-01-15 10:00:00,2026-02-10 12:00:00
2739,P02739,Cinsa Olla de presion 6L color negro,Olla de presion de aluminio de 6 litros,992.69,251,1,2026-01-15 10:00:00,2026-02-10 12:00:00
2740,P02740,Nike Revolution 7 color negro,Tenis deportivos para entrenamiento,2118.81,27,1,2026-01-15 10:00:00,2026-02-10 12:00:00
2741,P02741,Logitech G502 Hero paquete con 2 piezas,Mouse gamer de alto rendimiento,744.62,198,1,2026-01-15 10:00:00,2026-02-10 12:00:00
2742,P02742,Logitech G502 Hero color blanco,Mouse gamer de alto rendimiento,849.04,191,1,2026-01-15 10:00:00,2026-02-10 12:00:00
2743,P02743,Gillette Mach3 color negro,Rastrillo para afeitar con tres hojas,285.49,15,1,2026-01-15 10:00:00,2026-02-10 12:00:00
2744,P02744,Sterilite Caja organizadora 40L color blanco,Caja plastica con tapa para almacenamiento,234.31,184,1,2026-01-15 10:00:00,2026-02-10 12:00:00
2745,P02745,Kingston NV2 1TB presentacion familiar,Unidad SSD NVMe M.2 de 1 TB,1315.23,147,1,2026-01-15 10:00:00,2026-02-10 12:00:00
2746,P02746,Kingston NV2 1TB version estandar,Unidad SSD NVMe M.2 de 1 TB,1257.64,223,1,2026-01-15 10:00:00,2026-02-10 12:00:00
2747,P02747,Tefal Plancha Ultragliss modelo 2026,Plancha de vapor para ropa,1056.25,146,1,2026-01-15 10:00:00,2026-02-10 12:00:00
2748,P02748,Nike Revolution 7 modelo 2026,Tenis deportivos para entrenamiento,2109.09,127,1,2026-01-15 10:00:00,2026-02-10 12:00:00
2749,P02749,Colgate Total 12 color blanco,Pasta dental de proteccion integral,64.05,207,1,2026-01-15 10:00:00,2026-02-10 12:00:00
2750,P02750,Sterilite Caja organizadora 40L paquete con 2 piezas,Caja plastica con tapa para almacenamiento,382.21,15,1,2026-01-15 10:00:00,2026-02-10 12:00:00
2751,P02751,Gillette Mach3 paquete con 2 piezas,Rastrillo para afeitar con tres hojas,208,30,1,2026-01-15 10:00:00,2026-02-10 12:00:00
2752,P02752,Logitech G502 Hero presentacion familiar,Mouse gamer de alto rendimiento,868.37,49,1,2026-01-15 10:00:00,2026-02-10 12:00:00
2753,P02753,Colgate Total 12 color blanco,Pasta dental de proteccion integral,81.25,252,1,2026-01-15 10:00:00,2026-02-10 12:00:00
2754,P02754,Cinsa Olla de presion 6L version estandar,Olla de presion de aluminio de 6 litros,1144.2,192,1,2026-01-15 10:00:00,2026-02-10 12:00:00
2755,P02755,Sterilite Caja organizadora 40L version estandar,Caja plastica con tapa para almacenamiento,215.17,104,1,2026-01-15 10:00:00,2026-02-10 12:00:00
2756,P02756,SanDisk Ultra microSD 128GB color blanco,Tarjeta microSD de 128 GB,371.49,106,1,2026-01-15 10:00:00,2026-02-10 12:00:00
2757,P02757,Logitech G502 Hero edicion especial,Mouse gamer de alto rendimiento,878.27,222,1,2026-01-15 10:00:00,2026-02-10 12:00:00
2758,P02758,Colgate Total 12 edicion especial,Pasta dental de proteccion integral,95.49,1,0,2026-01-15 10:00:00,2026-02-10 12:00:00
2759,P02759,Tefal Plancha Ultragliss edicion especial,Plancha de vapor para ropa,807.9,289,1,2026-01-15 10:00:00,2026-02-10 12:00:00
2760,P02760,JBL Go 4 color negro,Bocina portatil Bluetooth,1092.98,55,1,2026-01-15 10:00:00,2026-02-10 12:00:00
2761,P02761,JBL Go 4 color negro,Bocina portatil Bluetooth,1283.83,13,1,2026-01-15 10:00:00,2026-02-10 12:00:00
2762,P02762,Gillette Mach3 paquete con 2 piezas,Rastrillo para afeitar con tres hojas,181.63,30,1,2026-01-15 10:00:00,2026-02-10 12:00:00
2763,P02763,Colgate Total 12 color blanco,Pasta dental de proteccion integral,66.77,43,1,2026-01-15 10:00:00,2026-02-10 12:00:00
2764,P02764,SanDisk Ultra microSD 128GB modelo 2026,Tarjeta microSD de 128 GB,267.55,120,1,2026-01-15 10:00:00,2026-02-10 12:00:00
2765,P02765,Gillette Mach3 presentacion familiar,Rastrillo para afeitar con tres hojas,218.53,201,1,2026-01-15 10:00:00,2026-02-10 12:00:00
2766,P02766,Colgate Total 12 edicion especial,Pasta dental de proteccion integral,60.75,288,1,2026-01-15 10:00:00,2026-02-10 12:00:00
2767,P02767,Colgate Total 12 edicion especial,Pasta dental de proteccion integral,78.68,273,1,2026-01-15 10:00:00,2026-02-10 12:00:00
2768,P02768,Nike Revolution 7 modelo 2026,Tenis deportivos para entrenamiento,1732.59,169,1,2026-01-15 10:00:00,2026-02-10 12:00:00
2769,P02769,Tefal Plancha Ultragliss paquete con 2 piezas,Plancha de vapor para ropa,1147.1,18,1,2026-01-15 10:00:00,2026-02-10 12:00:00
2770,P02770,Nike Revolution 7 version estandar,Tenis deportivos para entrenamiento,2164.84,63,1,2026-01-15 10:00:00,2026-02-10 12:00:00
2771,P02771,Kingston NV2 1TB modelo 2026,Unidad SSD NVMe M.2 de 1 TB,1021.92,153,1,2026-01-15 10:00:00,2026-02-10 12:00:00
2772,P02772,Tefal Plancha Ultragliss color blanco,Plancha de vapor para ropa,1163.38,261,1,2026-01-15 10:00:00,2026-02-10 12:00:00
2773,P02773,SanDisk Ultra microSD 128GB modelo 2026,Tarjeta microSD de 128 GB,389.58,88,1,2026-01-15 10:00:00,2026-02-10 12:00:00
2774,P02774,SanDisk Ultra microSD 128GB color negro,Tarjeta microSD de 128 GB,325.27,300,1,2026-01-15 10:00:00,2026-02-10 12:00:00
2775,P02775,Colgate Total 12 presentacion familiar,Pasta dental de proteccion integral,71.22,144,1,2026-01-15 10:00:00,2026-02-10 12:00:00
2776,P02776,Colgate Total 12 version estandar,Pasta dental de proteccion integral,63.04,291,1,2026-01-15 10:00:00,2026-02-10 12:00:00
2777,P02777,Colgate Total 12 color negro,Pasta dental de proteccion integral,78.25,66,1,2026-01-15 10:00:00,2026-02-10 12:00:00
2778,P02778,Nike Revolution 7 presentacion familiar,Tenis deportivos para entrenamiento,1885.52,217,1,2026-01-15 10:00:00,2026-02-10 12:00:00
2779,P02779,Cinsa Olla de presion 6L paquete con 2 piezas,Olla de presion de aluminio de 6 litros,974.35,13,1,2026-01-15 10:00:00,2026-02-10 12:00:00
2780,P02780,JBL Go 4 modelo 2026,Bocina portatil Bluetooth,1053.56,227,1,2026-01-15 10:00:00,2026-02-10 12:00:00
2781,P02781,Colgate Total 12 modelo 2026,Pasta dental de proteccion integral,76.89,66,1,2026-01-15 10:00:00,2026-02-10 12:00:00
2782,P02782,Sterilite Caja organizadora 40L presentacion familiar,Caja plastica con tapa para almacenamiento,253.86,230,1,2026-01-15 10:00:00,2026-02-10 12:00:00
2783,P02783,Colgate Total 12 color blanco,Pasta dental de proteccion integral,72.57,255,1,2026-01-15 10:00:00,2026-02-10 12:00:00
2784,P02784,Nike Revolution 7 edicion especial,Tenis deportivos para entrenamiento,1859.67,280,1,2026-01-15 10:00:00,2026-02-10 12:00:00
2785,P02785,SanDisk Ultra microSD 128GB presentacion familiar,Tarjeta microSD de 128 GB,385.15,241,1,2026-01-15 10:00:00,2026-02-10 12:00:00
2786,P02786,Kingston NV2 1TB modelo 2026,Unidad SSD NVMe M.2 de 1 TB,1014.94,94,1,2026-01-15 10:00:00,2026-02-10 12:00:00
2787,P02787,Gillette Mach3 paquete con 2 piezas,Rastrillo para afeitar con tres hojas,168.82,30,1,2026-01-15 10:00:00,2026-02-10 12:00:00
2788,P02788,SanDisk Ultra microSD 128GB edicion especial,Tarjeta microSD de 128 GB,334.49,271,1,2026-01-15 10:00:00,2026-02-10 12:00:00
2789,P02789,Colgate Total 12 modelo 2026,Pasta dental de proteccion integral,92.01,299,1,2026-01-15 10:00:00,2026-02-10 12:00:00
2790,P02790,Sterilite Caja organizadora 40L presentacion familiar,Caja plastica con tapa para almacenamiento,255.55,171,1,2026-01-15 10:00:00,2026-02-10 12:00:00
2791,P02791,Tefal Plancha Ultragliss color negro,Plancha de vapor para ropa,1023.91,292,1,2026-01-15 10:00:00,2026-02-10 12:00:00
2792,P02792,Colgate Total 12 modelo 2026,Pasta dental de proteccion integral,91.86,211,1,2026-01-15 10:00:00,2026-02-10 12:00:00
2793,P02793,Sterilite Caja organizadora 40L edicion especial,Caja plastica con tapa para almacenamiento,367.34,107,1,2026-01-15 10:00:00,2026-02-10 12:00:00
2794,P02794,Nike Revolution 7 modelo 2026,Tenis deportivos para entrenamiento,1821.41,286,1,2026-01-15 10:00:00,2026-02-10 12:00:00
2795,P02795,Colgate Total 12 paquete con 2 piezas,Pasta dental de proteccion integral,57.71,161,1,2026-01-15 10:00:00,2026-02-10 12:00:00
2796,P02796,Logitech G502 Hero presentacion familiar,Mouse gamer de alto rendimiento,856.24,61,1,2026-01-15 10:00:00,2026-02-10 12:00:00
2797,P02797,SanDisk Ultra microSD 128GB edicion especial,Tarjeta microSD de 128 GB,284.73,65,1,2026-01-15 10:00:00,2026-02-10 12:00:00
2798,P02798,Colgate Total 12 edicion especial,Pasta dental de proteccion integral,58.35,101,1,2026-01-15 10:00:00,2026-02-10 12:00:00
2799,P02799,Nike Revolution 7 version estandar,Tenis deportivos para entrenamiento,1672.42,150,1,2026-01-15 10:00:00,2026-02-10 12:00:00
2800,P02800,Cinsa Olla de presion 6L presentacion familiar,Olla de presion de aluminio de 6 litros,1083.5,110,1,2026-01-15 10:00:00,2026-02-10 12:00:00
2801,P02801,SanDisk Ultra microSD 128GB version estandar,Tarjeta microSD de 128 GB,305.41,262,1,2026-01-15 10:00:00,2026-02-10 12:00:00
2802,P02802,Sterilite Caja organizadora 40L paquete con 2 piezas,Caja plastica con tapa para almacenamiento,224.53,10,0,2026-01-15 10:00:00,2026-02-10 12:00:00
2803,P02803,Nike Revolution 7 version estandar,Tenis deportivos para entrenamiento,1878.66,266,1,2026-01-15 10:00:00,2026-02-10 12:00:00
2804,P02804,Colgate Total 12 modelo 2026,Pasta dental de proteccion integral,72.14,122,1,2026-01-15 10:00:00,2026-02-10 12:00:00
2805,P02805,SanDisk Ultra microSD 128GB modelo 2026,Tarjeta microSD de 128 GB,258.5,141,1,2026-01-15 10:00:00,2026-02-10 12:00:00
2806,P02806,Colgate Total 12 presentacion familiar,Pasta dental de proteccion integral,60.61,101,1,2026-01-15 10:00:00,2026-02-10 12:00:00
2807,P02807,SanDisk Ultra microSD 128GB edicion especial,Tarjeta microSD de 128 GB,321.29,100,1,2026-01-15 10:00:00,2026-02-10 12:00:00
2808,P02808,Logitech G502 Hero color negro,Mouse gamer de alto rendimiento,945.61,155,1,2026-01-15 10:00:00,2026-02-10 12:00:00
2809,P02809,Sterilite Caja organizadora 40L paquete con 2 piezas,Caja plastica con tapa para almacenamiento,321.75,223,1,2026-01-15 10:00:00,2026-02-10 12:00:00
2810,P02810,Tefal Plancha Ultragliss version estandar,Plancha de vapor para ropa,840.44,135,1,2026-01-15 10:00:00,2026-02-10 12:00:00
2811,P02811,Cinsa Olla de presion 6L presentacion familiar,Olla de presion de aluminio de 6 litros,1096.36,60,1,2026-01-15 10:00:00,2026-02-10 12:00:00
2812,P02812,Colgate Total 12 edicion especial,Pasta dental de proteccion integral,58.48,201,1,2026-01-15 10:00:00,2026-02-10 12:00:00
2813,P02813,Nike Revolution 7 presentacion familiar,Tenis deportivos para entrenamiento,2040.98,119,1,2026-01-15 10:00:00,2026-02-10 12:00:00
2814,P02814,Colgate Total 12 color blanco,Pasta dental de proteccion integral,87.56,105,1,2026-01-15 10:00:00,2026-02-10 12:00:00
2815,P02815,Cinsa Olla de presion 6L edicion especial,Olla de presion de aluminio de 6 litros,982.02,211,1,2026-01-15 10:00:00,2026-02-10 12:00:00
2816,P02816,Colgate Total 12 modelo 2026,Pasta dental de proteccion integral,62.42,19,1,2026-01-15 10:00:00,2026-02-10 12:00:00
2817,P02817,Sterilite Caja organizadora 40L presentacion familiar,Caja plastica con tapa para almacenamiento,224.11,156,1,2026-01-15 10:00:00,2026-02-10 12:00:00
2818,P02818,Cinsa Olla de presion 6L modelo 2026,Olla de presion de aluminio de 6 litros,1155.75,282,1,2026-01-15 10:00:00,2026-02-10 12:00:00
2819,P02819,Tefal Plancha Ultragliss modelo 2026,Plancha de vapor para ropa,909.93,183,1,2026-01-15 10:00:00,2026-02-10 12:00:00
2820,P02820,SanDisk Ultra microSD 128GB presentacion familiar,Tarjeta microSD de 128 GB,356.6,264,1,2026-01-15 10:00:00,2026-02-10 12:00:00
2821,P02821,SanDisk Ultra microSD 128GB color negro,Tarjeta microSD de 128 GB,329.71,261,1,2026-01-15 10:00:00,2026-02-10 12:00:00
2822,P02822,Gillette Mach3 paquete con 2 piezas,Rastrillo para afeitar con tres hojas,279.48,268,1,2026-01-15 10:00:00,2026-02-10 12:00:00
2823,P02823,JBL Go 4 presentacion familiar,Bocina portatil Bluetooth,1134.73,296,1,2026-01-15 10:00:00,2026-02-10 12:00:00
2824,P02824,Logitech G502 Hero version estandar,Mouse gamer de alto rendimiento,1030.93,148,1,2026-01-15 10:00:00,2026-02-10 12:00:00
2825,P02825,Sterilite Caja organizadora 40L modelo 2026,Caja plastica con tapa para almacenamiento,323.63,180,1,2026-01-15 10:00:00,2026-02-10 12:00:00
2826,P02826,SanDisk Ultra microSD 128GB modelo 2026,Tarjeta microSD de 128 GB,324.47,31,1,2026-01-15 10:00:00,2026-02-10 12:00:00
2827,P02827,Kingston NV2 1TB color negro,Unidad SSD NVMe M.2 de 1 TB,1416.54,13,1,2026-01-15 10:00:00,2026-02-10 12:00:00
2828,P02828,Colgate Total 12 presentacion familiar,Pasta dental de proteccion integral,50.99,43,1,2026-01-15 10:00:00,2026-02-10 12:00:00
2829,P02829,Nike Revolution 7 modelo 2026,Tenis deportivos para entrenamiento,1758.48,245,1,2026-01-15 10:00:00,2026-02-10 12:00:00
2830,P02830,Cinsa Olla de presion 6L version estandar,Olla de presion de aluminio de 6 litros,805.01,146,1,2026-01-15 10:00:00,2026-02-10 12:00:00
2831,P02831,Cinsa Olla de presion 6L paquete con 2 piezas,Olla de presion de aluminio de 6 litros,841.37,11,1,2026-01-15 10:00:00,2026-02-10 12:00:00
2832,P02832,Cinsa Olla de presion 6L color blanco,Olla de presion de aluminio de 6 litros,1190.54,49,1,2026-01-15 10:00:00,2026-02-10 12:00:00
2833,P02833,Sterilite Caja organizadora 40L color negro,Caja plastica con tapa para almacenamiento,412.41,197,1,2026-01-15 10:00:00,2026-02-10 12:00:00
2834,P02834,Tefal Plancha Ultragliss presentacion familiar,Plancha de vapor para ropa,1009.02,205,1,2026-01-15 10:00:00,2026-02-10 12:00:00
2835,P02835,SanDisk Ultra microSD 128GB version estandar,Tarjeta microSD de 128 GB,350.14,65,1,2026-01-15 10:00:00,2026-02-10 12:00:00
2836,P02836,SanDisk Ultra microSD 128GB color negro,Tarjeta microSD de 128 GB,290.64,82,1,2026-01-15 10:00:00,2026-02-10 12:00:00
2837,P02837,Cinsa Olla de presion 6L edicion especial,Olla de presion de aluminio de 6 litros,863.56,116,1,2026-01-15 10:00:00,2026-02-10 12:00:00
2838,P02838,Gillette Mach3 presentacion familiar,Rastrillo para afeitar con tres hojas,198.66,114,1,2026-01-15 10:00:00,2026-02-10 12:00:00
2839,P02839,Colgate Total 12 presentacion familiar,Pasta dental de proteccion integral,71.9,45,1,2026-01-15 10:00:00,2026-02-10 12:00:00
2840,P02840,Tefal Plancha Ultragliss edicion especial,Plancha de vapor para ropa,1197.26,88,1,2026-01-15 10:00:00,2026-02-10 12:00:00
2841,P02841,Nike Revolution 7 modelo 2026,Tenis deportivos para entrenamiento,1686.52,252,1,2026-01-15 10:00:00,2026-02-10 12:00:00
2842,P02842,Kingston NV2 1TB version estandar,Unidad SSD NVMe M.2 de 1 TB,1314.24,214,1,2026-01-15 10:00:00,2026-02-10 12:00:00
2843,P02843,Gillette Mach3 modelo 2026,Rastrillo para afeitar con tres hojas,226.2,223,1,2026-01-15 10:00:00,2026-02-10 12:00:00
2844,P02844,Sterilite Caja organizadora 40L color negro,Caja plastica con tapa para almacenamiento,225.6,103,1,2026-01-15 10:00:00,2026-02-10 12:00:00
2845,P02845,Logitech G502 Hero color negro,Mouse gamer de alto rendimiento,1068.81,201,1,2026-01-15 10:00:00,2026-02-10 12:00:00
2846,P02846,Sterilite Caja organizadora 40L modelo 2026,Caja plastica con tapa para almacenamiento,233.75,231,1,2026-01-15 10:00:00,2026-02-10 12:00:00
2847,P02847,JBL Go 4 edicion especial,Bocina portatil Bluetooth,1295.98,153,1,2026-01-15 10:00:00,2026-02-10 12:00:00
2848,P02848,Colgate Total 12 version estandar,Pasta dental de proteccion integral,56.76,255,1,2026-01-15 10:00:00,2026-02-10 12:00:00
2849,P02849,JBL Go 4 version estandar,Bocina portatil Bluetooth,1043.54,215,1,2026-01-15 10:00:00,2026-02-10 12:00:00
2850,P02850,Tefal Plancha Ultragliss edicion especial,Plancha de vapor para ropa,1193.32,225,1,2026-01-15 10:00:00,2026-02-10 12:00:00
2851,P02851,Nike Revolution 7 edicion especial,Tenis deportivos para entrenamiento,1732.85,103,1,2026-01-15 10:00:00,2026-02-10 12:00:00
2852,P02852,Tefal Plancha Ultragliss modelo 2026,Plancha de vapor para ropa,1067.94,261,1,2026-01-15 10:00:00,2026-02-10 12:00:00
2853,P02853,Logitech G502 Hero presentacion familiar,Mouse gamer de alto rendimiento,787.5,216,1,2026-01-15 10:00:00,2026-02-10 12:00:00
2854,P02854,Tefal Plancha Ultragliss version estandar,Plancha de vapor para ropa,1019.43,80,1,2026-01-15 10:00:00,2026-02-10 12:00:00
2855,P02855,Tefal Plancha Ultragliss edicion especial,Plancha de vapor para ropa,953.69,247,1,2026-01-15 10:00:00,2026-02-10 12:00:00
2856,P02856,SanDisk Ultra microSD 128GB presentacion familiar,Tarjeta microSD de 128 GB,256.31,205,1,2026-01-15 10:00:00,2026-02-10 12:00:00
2857,P02857,Tefal Plancha Ultragliss modelo 2026,Plancha de vapor para ropa,923.99,102,1,2026-01-15 10:00:00,2026-02-10 12:00:00
2858,P02858,JBL Go 4 version estandar,Bocina portatil Bluetooth,1217.46,151,1,2026-01-15 10:00:00,2026-02-10 12:00:00
2859,P02859,Nike Revolution 7 paquete con 2 piezas,Tenis deportivos para entrenamiento,2100.52,91,1,2026-01-15 10:00:00,2026-02-10 12:00:00
2860,P02860,Kingston NV2 1TB color negro,Unidad SSD NVMe M.2 de 1 TB,1133.45,263,1,2026-01-15 10:00:00,2026-02-10 12:00:00
2861,P02861,Sterilite Caja organizadora 40L presentacion familiar,Caja plastica con tapa para almacenamiento,351.45,174,1,2026-01-15 10:00:00,2026-02-10 12:00:00
2862,P02862,Cinsa Olla de presion 6L version estandar,Olla de presion de aluminio de 6 litros,925.51,33,1,2026-01-15 10:00:00,2026-02-10 12:00:00
2863,P02863,Nike Revolution 7 presentacion familiar,Tenis deportivos para entrenamiento,1627.72,16,1,2026-01-15 10:00:00,2026-02-10 12:00:00
2864,P02864,Gillette Mach3 paquete con 2 piezas,Rastrillo para afeitar con tres hojas,206.28,209,1,2026-01-15 10:00:00,2026-02-10 12:00:00
2865,P02865,JBL Go 4 modelo 2026,Bocina portatil Bluetooth,1216.47,254,1,2026-01-15 10:00:00,2026-02-10 12:00:00
2866,P02866,Kingston NV2 1TB version estandar,Unidad SSD NVMe M.2 de 1 TB,1216.06,156,1,2026-01-15 10:00:00,2026-02-10 12:00:00
2867,P02867,Kingston NV2 1TB color negro,Unidad SSD NVMe M.2 de 1 TB,1436.38,109,1,2026-01-15 10:00:00,2026-02-10 12:00:00
2868,P02868,JBL Go 4 paquete con 2 piezas,Bocina portatil Bluetooth,904.05,223,1,2026-01-15 10:00:00,2026-02-10 12:00:00
2869,P02869,Kingston NV2 1TB edicion especial,Unidad SSD NVMe M.2 de 1 TB,1012.35,76,1,2026-01-15 10:00:00,2026-02-10 12:00:00
2870,P02870,Tefal Plancha Ultragliss edicion especial,Plancha de vapor para ropa,1012.54,40,1,2026-01-15 10:00:00,2026-02-10 12:00:00
2871,P02871,SanDisk Ultra microSD 128GB paquete con 2 piezas,Tarjeta microSD de 128 GB,327.45,104,1,2026-01-15 10:00:00,2026-02-10 12:00:00
2872,P02872,Kingston NV2 1TB color negro,Unidad SSD NVMe M.2 de 1 TB,1228.32,206,1,2026-01-15 10:00:00,2026-02-10 12:00:00
2873,P02873,Sterilite Caja organizadora 40L paquete con 2 piezas,Caja plastica con tapa para almacenamiento,424.97,183,1,2026-01-15 10:00:00,2026-02-10 12:00:00
2874,P02874,Gillette Mach3 version estandar,Rastrillo para afeitar con tres hojas,240.6,140,1,2026-01-15 10:00:00,2026-02-10 12:00:00
2875,P02875,Colgate Total 12 presentacion familiar,Pasta dental de proteccion integral,63.97,131,1,2026-01-15 10:00:00,2026-02-10 12:00:00
2876,P02876,Tefal Plancha Ultragliss color blanco,Plancha de vapor para ropa,1058.44,173,1,2026-01-15 10:00:00,2026-02-10 12:00:00
2877,P02877,Gillette Mach3 edicion especial,Rastrillo para afeitar con tres hojas,273.48,161,1,2026-01-15 10:00:00,2026-02-10 12:00:00
2878,P02878,Cinsa Olla de presion 6L presentacion familiar,Olla de presion de aluminio de 6 litros,872.84,282,1,2026-01-15 10:00:00,2026-02-10 12:00:00
2879,P02879,Cinsa Olla de presion 6L modelo 2026,Olla de presion de aluminio de 6 litros,1000.35,21,1,2026-01-15 10:00:00,2026-02-10 12:00:00
2880,P02880,Nike Revolution 7 presentacion familiar,Tenis deportivos para entrenamiento,1720.37,168,1,2026-01-15 10:00:00,2026-02-10 12:00:00
2881,P02881,Kingston NV2 1TB paquete con 2 piezas,Unidad SSD NVMe M.2 de 1 TB,1284.4,90,1,2026-01-15 10:00:00,2026-02-10 12:00:00
2882,P02882,SanDisk Ultra microSD 128GB version estandar,Tarjeta microSD de 128 GB,361.01,243,1,2026-01-15 10:00:00,2026-02-10 12:00:00
2883,P02883,Logitech G502 Hero edicion especial,Mouse gamer de alto rendimiento,926.15,127,1,2026-01-15 10:00:00,2026-02-10 12:00:00
2884,P02884,Cinsa Olla de presion 6L presentacion familiar,Olla de presion de aluminio de 6 litros,1036.19,118,1,2026-01-15 10:00:00,2026-02-10 12:00:00
2885,P02885,Tefal Plancha Ultragliss color blanco,Plancha de vapor para ropa,905.9,229,1,2026-01-15 10:00:00,2026-02-10 12:00:00
2886,P02886,Logitech G502 Hero color blanco,Mouse gamer de alto rendimiento,919.93,203,1,2026-01-15 10:00:00,2026-02-10 12:00:00
2887,P02887,Logitech G502 Hero color blanco,Mouse gamer de alto rendimiento,895.9,103,1,2026-01-15 10:00:00,2026-02-10 12:00:00
2888,P02888,Logitech G502 Hero edicion especial,Mouse gamer de alto rendimiento,961.74,181,1,2026-01-15 10:00:00,2026-02-10 12:00:00
2889,P02889,Sterilite Caja organizadora 40L color negro,Caja plastica con tapa para almacenamiento,244.15,107,1,2026-01-15 10:00:00,2026-02-10 12:00:00
2890,P02890,SanDisk Ultra microSD 128GB version estandar,Tarjeta microSD de 128 GB,284.65,204,1,2026-01-15 10:00:00,2026-02-10 12:00:00
2891,P02891,Sterilite Caja organizadora 40L presentacion familiar,Caja plastica con tapa para almacenamiento,358.03,174,1,2026-01-15 10:00:00,2026-02-10 12:00:00
2892,P02892,Tefal Plancha Ultragliss color negro,Plancha de vapor para ropa,1102.4,6,0,2026-01-15 10:00:00,2026-02-10 12:00:00
2893,P02893,Cinsa Olla de presion 6L edicion especial,Olla de presion de aluminio de 6 litros,1149.89,247,1,2026-01-15 10:00:00,2026-02-10 12:00:00
2894,P02894,Tefal Plancha Ultragliss modelo 2026,Plancha de vapor para ropa,935.9,191,1,2026-01-15 10:00:00,2026-02-10 12:00:00
2895,P02895,Nike Revolution 7 version estandar,Tenis deportivos para entrenamiento,1770.14,274,1,2026-01-15 10:00:00,2026-02-10 12:00:00
2896,P02896,SanDisk Ultra microSD 128GB color blanco,Tarjeta microSD de 128 GB,305.94,271,1,2026-01-15 10:00:00,2026-02-10 12:00:00
2897,P02897,Logitech G502 Hero modelo 2026,Mouse gamer de alto rendimiento,885.46,276,1,2026-01-15 10:00:00,2026-02-10 12:00:00
2898,P02898,Kingston NV2 1TB presentacion familiar,Unidad SSD NVMe M.2 de 1 TB,1104.12,213,1,2026-01-15 10:00:00,2026-02-10 12:00:00
2899,P02899,Tefal Plancha Ultragliss presentacion familiar,Plancha de vapor para ropa,1160.73,86,1,2026-01-15 10:00:00,2026-02-10 12:00:00
2900,P02900,Logitech G502 Hero presentacion familiar,Mouse gamer de alto rendimiento,789.7,61,1,2026-01-15 10:00:00,2026-02-10 12:00:00
2901,P02901,JBL Go 4 paquete con 2 piezas,Bocina portatil Bluetooth,1226.26,3,1,2026-01-15 10:00:00,2026-02-10 12:00:00
2902,P02902,Sterilite Caja organizadora 40L paquete con 2 piezas,Caja plastica con tapa para almacenamiento,219.26,251,1,2026-01-15 10:00:00,2026-02-10 12:00:00
2903,P02903,Sterilite Caja organizadora 40L edicion especial,Caja plastica con tapa para almacenamiento,206.22,254,1,2026-01-15 10:00:00,2026-02-10 12:00:00
2904,P02904,Sterilite Caja organizadora 40L version estandar,Caja plastica con tapa para almacenamiento,232.02,78,1,2026-01-15 10:00:00,2026-02-10 12:00:00
2905,P02905,Colgate Total 12 modelo 2026,Pasta dental de proteccion integral,55.23,88,1,2026-01-15 10:00:00,2026-02-10 12:00:00
2906,P02906,Cinsa Olla de presion 6L color negro,Olla de presion de aluminio de 6 litros,836.19,93,1,2026-01-15 10:00:00,2026-02-10 12:00:00
2907,P02907,Cinsa Olla de presion 6L paquete con 2 piezas,Olla de presion de aluminio de 6 litros,996.28,223,1,2026-01-15 10:00:00,2026-02-10 12:00:00
2908,P02908,Gillette Mach3 modelo 2026,Rastrillo para afeitar con tres hojas,266.05,28,1,2026-01-15 10:00:00,2026-02-10 12:00:00
2909,P02909,Cinsa Olla de presion 6L edicion especial,Olla de presion de aluminio de 6 litros,846.75,21,1,2026-01-15 10:00:00,2026-02-10 12:00:00
2910,P02910,SanDisk Ultra microSD 128GB presentacion familiar,Tarjeta microSD de 128 GB,277.3,130,1,2026-01-15 10:00:00,2026-02-10 12:00:00
2911,P02911,SanDisk Ultra microSD 128GB presentacion familiar,Tarjeta microSD de 128 GB,327.19,159,1,2026-01-15 10:00:00,2026-02-10 12:00:00
2912,P02912,Cinsa Olla de presion 6L color blanco,Olla de presion de aluminio de 6 litros,1127.78,227,1,2026-01-15 10:00:00,2026-02-10 12:00:00
2913,P02913,Sterilite Caja organizadora 40L presentacion familiar,Caja plastica con tapa para almacenamiento,273.48,158,1,2026-01-15 10:00:00,2026-02-10 12:00:00
2914,P02914,Cinsa Olla de presion 6L color blanco,Olla de presion de aluminio de 6 litros,945.29,134,1,2026-01-15 10:00:00,2026-02-10 12:00:00
2915,P02915,Sterilite Caja organizadora 40L modelo 2026,Caja plastica con tapa para almacenamiento,353.26,164,1,2026-01-15 10:00:00,2026-02-10 12:00:00
2916,P02916,Sterilite Caja organizadora 40L version estandar,Caja plastica con tapa para almacenamiento,396.11,15,1,2026-01-15 10:00:00,2026-02-10 12:00:00
2917,P02917,Sterilite Caja organizadora 40L color blanco,Caja plastica con tapa para almacenamiento,365.86,96,1,2026-01-15 10:00:00,2026-02-10 12:00:00
2918,P02918,Cinsa Olla de presion 6L presentacion familiar,Olla de presion de aluminio de 6 litros,1159.79,166,1,2026-01-15 10:00:00,2026-02-10 12:00:00
2919,P02919,JBL Go 4 modelo 2026,Bocina portatil Bluetooth,1262.31,6,0,2026-01-15 10:00:00,2026-02-10 12:00:00
2920,P02920,Tefal Plancha Ultragliss presentacion familiar,Plancha de vapor para ropa,921.39,125,1,2026-01-15 10:00:00,2026-02-10 12:00:00
2921,P02921,Sterilite Caja organizadora 40L color blanco,Caja plastica con tapa para almacenamiento,206.07,112,1,2026-01-15 10:00:00,2026-02-10 12:00:00
2922,P02922,Kingston NV2 1TB color blanco,Unidad SSD NVMe M.2 de 1 TB,1134.82,24,1,2026-01-15 10:00:00,2026-02-10 12:00:00
2923,P02923,Colgate Total 12 version estandar,Pasta dental de proteccion integral,82.85,153,1,2026-01-15 10:00:00,2026-02-10 12:00:00
2924,P02924,Colgate Total 12 modelo 2026,Pasta dental de proteccion integral,52.53,89,1,2026-01-15 10:00:00,2026-02-10 12:00:00
2925,P02925,JBL Go 4 color negro,Bocina portatil Bluetooth,1001.69,60,1,2026-01-15 10:00:00,2026-02-10 12:00:00
2926,P02926,JBL Go 4 edicion especial,Bocina portatil Bluetooth,1186.75,38,1,2026-01-15 10:00:00,2026-02-10 12:00:00
2927,P02927,Sterilite Caja organizadora 40L presentacion familiar,Caja plastica con tapa para almacenamiento,311.84,1,0,2026-01-15 10:00:00,2026-02-10 12:00:00
2928,P02928,Cinsa Olla de presion 6L paquete con 2 piezas,Olla de presion de aluminio de 6 litros,1030.17,93,1,2026-01-15 10:00:00,2026-02-10 12:00:00
2929,P02929,Cinsa Olla de presion 6L color blanco,Olla de presion de aluminio de 6 litros,947.48,228,1,2026-01-15 10:00:00,2026-02-10 12:00:00
2930,P02930,Colgate Total 12 edicion especial,Pasta dental de proteccion integral,97.66,118,1,2026-01-15 10:00:00,2026-02-10 12:00:00
2931,P02931,Kingston NV2 1TB edicion especial,Unidad SSD NVMe M.2 de 1 TB,1355.41,72,1,2026-01-15 10:00:00,2026-02-10 12:00:00
2932,P02932,Gillette Mach3 color negro,Rastrillo para afeitar con tres hojas,295.45,257,1,2026-01-15 10:00:00,2026-02-10 12:00:00
2933,P02933,Sterilite Caja organizadora 40L color negro,Caja plastica con tapa para almacenamiento,386.32,262,1,2026-01-15 10:00:00,2026-02-10 12:00:00
2934,P02934,Cinsa Olla de presion 6L color blanco,Olla de presion de aluminio de 6 litros,866.97,75,1,2026-01-15 10:00:00,2026-02-10 12:00:00
2935,P02935,Nike Revolution 7 modelo 2026,Tenis deportivos para entrenamiento,1591.27,159,1,2026-01-15 10:00:00,2026-02-10 12:00:00
2936,P02936,Kingston NV2 1TB color negro,Unidad SSD NVMe M.2 de 1 TB,1271.17,54,1,2026-01-15 10:00:00,2026-02-10 12:00:00
2937,P02937,Gillette Mach3 paquete con 2 piezas,Rastrillo para afeitar con tres hojas,226.22,213,1,2026-01-15 10:00:00,2026-02-10 12:00:00
2938,P02938,Colgate Total 12 edicion especial,Pasta dental de proteccion integral,89.13,105,1,2026-01-15 10:00:00,2026-02-10 12:00:00
2939,P02939,SanDisk Ultra microSD 128GB color negro,Tarjeta microSD de 128 GB,288.9,14,1,2026-01-15 10:00:00,2026-02-10 12:00:00
2940,P02940,Gillette Mach3 color blanco,Rastrillo para afeitar con tres hojas,254.22,103,1,2026-01-15 10:00:00,2026-02-10 12:00:00
2941,P02941,JBL Go 4 paquete con 2 piezas,Bocina portatil Bluetooth,1146.94,82,1,2026-01-15 10:00:00,2026-02-10 12:00:00
2942,P02942,JBL Go 4 modelo 2026,Bocina portatil Bluetooth,982.3,63,1,2026-01-15 10:00:00,2026-02-10 12:00:00
2943,P02943,Nike Revolution 7 presentacion familiar,Tenis deportivos para entrenamiento,2105.17,13,1,2026-01-15 10:00:00,2026-02-10 12:00:00
2944,P02944,SanDisk Ultra microSD 128GB version estandar,Tarjeta microSD de 128 GB,269.55,150,1,2026-01-15 10:00:00,2026-02-10 12:00:00
2945,P02945,Logitech G502 Hero edicion especial,Mouse gamer de alto rendimiento,764.3,254,1,2026-01-15 10:00:00,2026-02-10 12:00:00
2946,P02946,Kingston NV2 1TB paquete con 2 piezas,Unidad SSD NVMe M.2 de 1 TB,1086.63,56,1,2026-01-15 10:00:00,2026-02-10 12:00:00
2947,P02947,Gillette Mach3 version estandar,Rastrillo para afeitar con tres hojas,235.79,89,1,2026-01-15 10:00:00,2026-02-10 12:00:00
2948,P02948,Colgate Total 12 presentacion familiar,Pasta dental de proteccion integral,62.22,2,1,2026-01-15 10:00:00,2026-02-10 12:00:00
2949,P02949,Sterilite Caja organizadora 40L presentacion familiar,Caja plastica con tapa para almacenamiento,228.11,37,1,2026-01-15 10:00:00,2026-02-10 12:00:00
2950,P02950,Kingston NV2 1TB color negro,Unidad SSD NVMe M.2 de 1 TB,1189.62,299,1,2026-01-15 10:00:00,2026-02-10 12:00:00
2951,P02951,Kingston NV2 1TB color blanco,Unidad SSD NVMe M.2 de 1 TB,1281.81,202,1,2026-01-15 10:00:00,2026-02-10 12:00:00
2952,P02952,Sterilite Caja organizadora 40L presentacion familiar,Caja plastica con tapa para almacenamiento,419.15,203,1,2026-01-15 10:00:00,2026-02-10 12:00:00
2953,P02953,Sterilite Caja organizadora 40L presentacion familiar,Caja plastica con tapa para almacenamiento,319.41,218,1,2026-01-15 10:00:00,2026-02-10 12:00:00
2954,P02954,Nike Revolution 7 presentacion familiar,Tenis deportivos para entrenamiento,1651.09,294,1,2026-01-15 10:00:00,2026-02-10 12:00:00
2955,P02955,JBL Go 4 paquete con 2 piezas,Bocina portatil Bluetooth,909.33,39,1,2026-01-15 10:00:00,2026-02-10 12:00:00
2956,P02956,Logitech G502 Hero edicion especial,Mouse gamer de alto rendimiento,983.71,263,1,2026-01-15 10:00:00,2026-02-10 12:00:00
2957,P02957,Nike Revolution 7 presentacion familiar,Tenis deportivos para entrenamiento,1883.41,112,1,2026-01-15 10:00:00,2026-02-10 12:00:00
2958,P02958,Gillette Mach3 version estandar,Rastrillo para afeitar con tres hojas,255.93,230,1,2026-01-15 10:00:00,2026-02-10 12:00:00
2959,P02959,Sterilite Caja organizadora 40L color negro,Caja plastica con tapa para almacenamiento,442.11,114,1,2026-01-15 10:00:00,2026-02-10 12:00:00
2960,P02960,Colgate Total 12 edicion especial,Pasta dental de proteccion integral,66.83,114,1,2026-01-15 10:00:00,2026-02-10 12:00:00
2961,P02961,Colgate Total 12 modelo 2026,Pasta dental de proteccion integral,94.89,13,1,2026-01-15 10:00:00,2026-02-10 12:00:00
2962,P02962,Sterilite Caja organizadora 40L paquete con 2 piezas,Caja plastica con tapa para almacenamiento,222.13,214,1,2026-01-15 10:00:00,2026-02-10 12:00:00
2963,P02963,Nike Revolution 7 presentacion familiar,Tenis deportivos para entrenamiento,1984.83,20,1,2026-01-15 10:00:00,2026-02-10 12:00:00
2964,P02964,Sterilite Caja organizadora 40L paquete con 2 piezas,Caja plastica con tapa para almacenamiento,221.6,224,1,2026-01-15 10:00:00,2026-02-10 12:00:00
2965,P02965,Cinsa Olla de presion 6L modelo 2026,Olla de presion de aluminio de 6 litros,1127.11,189,1,2026-01-15 10:00:00,2026-02-10 12:00:00
2966,P02966,JBL Go 4 edicion especial,Bocina portatil Bluetooth,1163.04,116,1,2026-01-15 10:00:00,2026-02-10 12:00:00
2967,P02967,SanDisk Ultra microSD 128GB modelo 2026,Tarjeta microSD de 128 GB,391.6,300,1,2026-01-15 10:00:00,2026-02-10 12:00:00
2968,P02968,Cinsa Olla de presion 6L color negro,Olla de presion de aluminio de 6 litros,947.25,275,1,2026-01-15 10:00:00,2026-02-10 12:00:00
2969,P02969,Nike Revolution 7 modelo 2026,Tenis deportivos para entrenamiento,1804.64,85,1,2026-01-15 10:00:00,2026-02-10 12:00:00
2970,P02970,Colgate Total 12 modelo 2026,Pasta dental de proteccion integral,55.36,171,1,2026-01-15 10:00:00,2026-02-10 12:00:00
2971,P02971,Gillette Mach3 color negro,Rastrillo para afeitar con tres hojas,230.77,265,1,2026-01-15 10:00:00,2026-02-10 12:00:00
2972,P02972,Colgate Total 12 modelo 2026,Pasta dental de proteccion integral,51.18,160,1,2026-01-15 10:00:00,2026-02-10 12:00:00
2973,P02973,Sterilite Caja organizadora 40L paquete con 2 piezas,Caja plastica con tapa para almacenamiento,252.59,276,1,2026-01-15 10:00:00,2026-02-10 12:00:00
2974,P02974,Colgate Total 12 modelo 2026,Pasta dental de proteccion integral,95.67,57,1,2026-01-15 10:00:00,2026-02-10 12:00:00
2975,P02975,Logitech G502 Hero edicion especial,Mouse gamer de alto rendimiento,970.81,16,1,2026-01-15 10:00:00,2026-02-10 12:00:00
2976,P02976,SanDisk Ultra microSD 128GB presentacion familiar,Tarjeta microSD de 128 GB,340.41,0,1,2026-01-15 10:00:00,2026-02-10 12:00:00
2977,P02977,Sterilite Caja organizadora 40L paquete con 2 piezas,Caja plastica con tapa para almacenamiento,224.45,244,1,2026-01-15 10:00:00,2026-02-10 12:00:00
2978,P02978,Nike Revolution 7 presentacion familiar,Tenis deportivos para entrenamiento,1854.44,175,1,2026-01-15 10:00:00,2026-02-10 12:00:00
2979,P02979,Kingston NV2 1TB modelo 2026,Unidad SSD NVMe M.2 de 1 TB,1315.13,290,1,2026-01-15 10:00:00,2026-02-10 12:00:00
2980,P02980,Sterilite Caja organizadora 40L modelo 2026,Caja plastica con tapa para almacenamiento,382.69,207,1,2026-01-15 10:00:00,2026-02-10 12:00:00
2981,P02981,JBL Go 4 paquete con 2 piezas,Bocina portatil Bluetooth,1254.02,187,1,2026-01-15 10:00:00,2026-02-10 12:00:00
2982,P02982,JBL Go 4 paquete con 2 piezas,Bocina portatil Bluetooth,962.15,219,1,2026-01-15 10:00:00,2026-02-10 12:00:00
2983,P02983,Kingston NV2 1TB version estandar,Unidad SSD NVMe M.2 de 1 TB,1071.25,297,1,2026-01-15 10:00:00,2026-02-10 12:00:00
2984,P02984,Gillette Mach3 paquete con 2 piezas,Rastrillo para afeitar con tres hojas,289.51,70,1,2026-01-15 10:00:00,2026-02-10 12:00:00
2985,P02985,Tefal Plancha Ultragliss presentacion familiar,Plancha de vapor para ropa,1162.72,129,1,2026-01-15 10:00:00,2026-02-10 12:00:00
2986,P02986,Logitech G502 Hero color negro,Mouse gamer de alto rendimiento,1085.28,39,1,2026-01-15 10:00:00,2026-02-10 12:00:00
2987,P02987,Sterilite Caja organizadora 40L version estandar,Caja plastica con tapa para almacenamiento,312.38,29,1,2026-01-15 10:00:00,2026-02-10 12:00:00
2988,P02988,Kingston NV2 1TB paquete con 2 piezas,Unidad SSD NVMe M.2 de 1 TB,1095.24,243,1,2026-01-15 10:00:00,2026-02-10 12:00:00
2989,P02989,Logitech G502 Hero version estandar,Mouse gamer de alto rendimiento,1071.46,257,1,2026-01-15 10:00:00,2026-02-10 12:00:00
2990,P02990,Sterilite Caja organizadora 40L version estandar,Caja plastica con tapa para almacenamiento,279.57,166,1,2026-01-15 10:00:00,2026-02-10 12:00:00
2991,P02991,Gillette Mach3 version estandar,Rastrillo para afeitar con tres hojas,235.6,144,1,2026-01-15 10:00:00,2026-02-10 12:00:00
2992,P02992,Logitech G502 Hero edicion especial,Mouse gamer de alto rendimiento,911.59,4,1,2026-01-15 10:00:00,2026-02-10 12:00:00
2993,P02993,SanDisk Ultra microSD 128GB version estandar,Tarjeta microSD de 128 GB,348.65,239,1,2026-01-15 10:00:00,2026-02-10 12:00:00
2994,P02994,SanDisk Ultra microSD 128GB color negro,Tarjeta microSD de 128 GB,353.8,81,1,2026-01-15 10:00:00,2026-02-10 12:00:00
2995,P02995,Sterilite Caja organizadora 40L color blanco,Caja plastica con tapa para almacenamiento,227.74,232,1,2026-01-15 10:00:00,2026-02-10 12:00:00
2996,P02996,Gillette Mach3 edicion especial,Rastrillo para afeitar con tres hojas,152.27,39,1,2026-01-15 10:00:00,2026-02-10 12:00:00
2997,P02997,SanDisk Ultra microSD 128GB presentacion familiar,Tarjeta microSD de 128 GB,353.46,91,1,2026-01-15 10:00:00,2026-02-10 12:00:00
2998,P02998,Gillette Mach3 edicion especial,Rastrillo para afeitar con tres hojas,174.16,240,1,2026-01-15 10:00:00,2026-02-10 12:00:00
2999,P02999,SanDisk Ultra microSD 128GB version estandar,Tarjeta microSD de 128 GB,333.62,44,1,2026-01-15 10:00:00,2026-02-10 12:00:00
3000,P03000,JBL Go 4 paquete con 2 piezas,Bocina portatil Bluetooth,974.17,243,1,2026-01-15 10:00:00,2026-02-10 12:00:00
3001,P03001,JBL Go 4 version estandar,Bocina portatil Bluetooth,1254.77,241,1,2026-01-15 10:00:00,2026-02-10 12:00:00
3002,P03002,Tefal Plancha Ultragliss presentacion familiar,Plancha de vapor para ropa,1058.51,180,1,2026-01-15 10:00:00,2026-02-10 12:00:00
3003,P03003,Kingston NV2 1TB modelo 2026,Unidad SSD NVMe M.2 de 1 TB,1482.6,137,1,2026-01-15 10:00:00,2026-02-10 12:00:00
3004,P03004,Kingston NV2 1TB color negro,Unidad SSD NVMe M.2 de 1 TB,1497.22,277,1,2026-01-15 10:00:00,2026-02-10 12:00:00
3005,P03005,Tefal Plancha Ultragliss version estandar,Plancha de vapor para ropa,1045.69,143,1,2026-01-15 10:00:00,2026-02-10 12:00:00
3006,P03006,Nike Revolution 7 modelo 2026,Tenis deportivos para entrenamiento,1922.3,264,1,2026-01-15 10:00:00,2026-02-10 12:00:00
3007,P03007,Kingston NV2 1TB color blanco,Unidad SSD NVMe M.2 de 1 TB,1222.24,276,1,2026-01-15 10:00:00,2026-02-10 12:00:00
3008,P03008,Kingston NV2 1TB edicion especial,Unidad SSD NVMe M.2 de 1 TB,1394.57,170,1,2026-01-15 10:00:00,2026-02-10 12:00:00
3009,P03009,Sterilite Caja organizadora 40L version estandar,Caja plastica con tapa para almacenamiento,284.24,191,1,2026-01-15 10:00:00,2026-02-10 12:00:00
3010,P03010,Tefal Plancha Ultragliss paquete con 2 piezas,Plancha de vapor para ropa,1038.85,96,1,2026-01-15 10:00:00,2026-02-10 12:00:00
3011,P03011,SanDisk Ultra microSD 128GB presentacion familiar,Tarjeta microSD de 128 GB,259.92,148,1,2026-01-15 10:00:00,2026-02-10 12:00:00
3012,P03012,Tefal Plancha Ultragliss modelo 2026,Plancha de vapor para ropa,1036.43,171,1,2026-01-15 10:00:00,2026-02-10 12:00:00
3013,P03013,SanDisk Ultra microSD 128GB modelo 2026,Tarjeta microSD de 128 GB,338.96,39,1,2026-01-15 10:00:00,2026-02-10 12:00:00
3014,P03014,Tefal Plancha Ultragliss modelo 2026,Plancha de vapor para ropa,1187.63,217,1,2026-01-15 10:00:00,2026-02-10 12:00:00
3015,P03015,Nike Revolution 7 presentacion familiar,Tenis deportivos para entrenamiento,1874.79,202,1,2026-01-15 10:00:00,2026-02-10 12:00:00
3016,P03016,Tefal Plancha Ultragliss color negro,Plancha de vapor para ropa,957.54,208,1,2026-01-15 10:00:00,2026-02-10 12:00:00
3017,P03017,Sterilite Caja organizadora 40L version estandar,Caja plastica con tapa para almacenamiento,380.52,272,1,2026-01-15 10:00:00,2026-02-10 12:00:00
3018,P03018,JBL Go 4 version estandar,Bocina portatil Bluetooth,1045.18,102,1,2026-01-15 10:00:00,2026-02-10 12:00:00
3019,P03019,Sterilite Caja organizadora 40L version estandar,Caja plastica con tapa para almacenamiento,220.47,225,1,2026-01-15 10:00:00,2026-02-10 12:00:00
3020,P03020,Colgate Total 12 presentacion familiar,Pasta dental de proteccion integral,66.45,168,1,2026-01-15 10:00:00,2026-02-10 12:00:00
3021,P03021,Kingston NV2 1TB color blanco,Unidad SSD NVMe M.2 de 1 TB,1267.06,171,1,2026-01-15 10:00:00,2026-02-10 12:00:00
3022,P03022,Logitech G502 Hero modelo 2026,Mouse gamer de alto rendimiento,1099.13,7,0,2026-01-15 10:00:00,2026-02-10 12:00:00
3023,P03023,Colgate Total 12 color negro,Pasta dental de proteccion integral,77.62,204,1,2026-01-15 10:00:00,2026-02-10 12:00:00
3024,P03024,Logitech G502 Hero color negro,Mouse gamer de alto rendimiento,967.52,209,1,2026-01-15 10:00:00,2026-02-10 12:00:00
3025,P03025,SanDisk Ultra microSD 128GB modelo 2026,Tarjeta microSD de 128 GB,273.09,295,1,2026-01-15 10:00:00,2026-02-10 12:00:00
3026,P03026,Colgate Total 12 presentacion familiar,Pasta dental de proteccion integral,51.35,81,1,2026-01-15 10:00:00,2026-02-10 12:00:00
3027,P03027,Kingston NV2 1TB version estandar,Unidad SSD NVMe M.2 de 1 TB,1138.98,188,1,2026-01-15 10:00:00,2026-02-10 12:00:00
3028,P03028,Kingston NV2 1TB presentacion familiar,Unidad SSD NVMe M.2 de 1 TB,1353.23,204,1,2026-01-15 10:00:00,2026-02-10 12:00:00
3029,P03029,Logitech G502 Hero version estandar,Mouse gamer de alto rendimiento,976.74,57,1,2026-01-15 10:00:00,2026-02-10 12:00:00
3030,P03030,Nike Revolution 7 color negro,Tenis deportivos para entrenamiento,1595.46,120,1,2026-01-15 10:00:00,2026-02-10 12:00:00
3031,P03031,Colgate Total 12 edicion especial,Pasta dental de proteccion integral,91.58,162,1,2026-01-15 10:00:00,2026-02-10 12:00:00
3032,P03032,Nike Revolution 7 modelo 2026,Tenis deportivos para entrenamiento,2081.05,161,1,2026-01-15 10:00:00,2026-02-10 12:00:00
3033,P03033,JBL Go 4 presentacion familiar,Bocina portatil Bluetooth,1009.27,123,1,2026-01-15 10:00:00,2026-02-10 12:00:00
3034,P03034,Cinsa Olla de presion 6L modelo 2026,Olla de presion de aluminio de 6 litros,1032.73,226,1,2026-01-15 10:00:00,2026-02-10 12:00:00
3035,P03035,Tefal Plancha Ultragliss version estandar,Plancha de vapor para ropa,1079.46,84,1,2026-01-15 10:00:00,2026-02-10 12:00:00
3036,P03036,Sterilite Caja organizadora 40L version estandar,Caja plastica con tapa para almacenamiento,228.55,162,1,2026-01-15 10:00:00,2026-02-10 12:00:00
3037,P03037,Cinsa Olla de presion 6L color blanco,Olla de presion de aluminio de 6 litros,1081.78,155,1,2026-01-15 10:00:00,2026-02-10 12:00:00
3038,P03038,Gillette Mach3 edicion especial,Rastrillo para afeitar con tres hojas,280.93,189,1,2026-01-15 10:00:00,2026-02-10 12:00:00
3039,P03039,Tefal Plancha Ultragliss color negro,Plancha de vapor para ropa,914.61,34,1,2026-01-15 10:00:00,2026-02-10 12:00:00
3040,P03040,Kingston NV2 1TB edicion especial,Unidad SSD NVMe M.2 de 1 TB,1230.84,177,1,2026-01-15 10:00:00,2026-02-10 12:00:00
3041,P03041,Tefal Plancha Ultragliss color negro,Plancha de vapor para ropa,885.32,49,1,2026-01-15 10:00:00,2026-02-10 12:00:00
3042,P03042,Nike Revolution 7 version estandar,Tenis deportivos para entrenamiento,1852.1,118,1,2026-01-15 10:00:00,2026-02-10 12:00:00
3043,P03043,Nike Revolution 7 color blanco,Tenis deportivos para entrenamiento,1979.69,157,1,2026-01-15 10:00:00,2026-02-10 12:00:00
3044,P03044,Gillette Mach3 color negro,Rastrillo para afeitar con tres hojas,251.93,89,1,2026-01-15 10:00:00,2026-02-10 12:00:00
3045,P03045,JBL Go 4 version estandar,Bocina portatil Bluetooth,1071.07,281,1,2026-01-15 10:00:00,2026-02-10 12:00:00
3046,P03046,Logitech G502 Hero version estandar,Mouse gamer de alto rendimiento,890.01,281,1,2026-01-15 10:00:00,2026-02-10 12:00:00
3047,P03047,Cinsa Olla de presion 6L modelo 2026,Olla de presion de aluminio de 6 litros,1139.68,126,1,2026-01-15 10:00:00,2026-02-10 12:00:00
3048,P03048,Kingston NV2 1TB edicion especial,Unidad SSD NVMe M.2 de 1 TB,1231.05,5,1,2026-01-15 10:00:00,2026-02-10 12:00:00
3049,P03049,Cinsa Olla de presion 6L color negro,Olla de presion de aluminio de 6 litros,1191.84,56,1,2026-01-15 10:00:00,2026-02-10 12:00:00
3050,P03050,Logitech G502 Hero color negro,Mouse gamer de alto rendimiento,1027.01,111,1,2026-01-15 10:00:00,2026-02-10 12:00:00
3051,P03051,SanDisk Ultra microSD 128GB modelo 2026,Tarjeta microSD de 128 GB,268.58,238,1,2026-01-15 10:00:00,2026-02-10 12:00:00
3052,P03052,SanDisk Ultra microSD 128GB modelo 2026,Tarjeta microSD de 128 GB,355.82,22,1,2026-01-15 10:00:00,2026-02-10 12:00:00
3053,P03053,Logitech G502 Hero modelo 2026,Mouse gamer de alto rendimiento,1099.02,17,1,2026-01-15 10:00:00,2026-02-10 12:00:00
3054,P03054,Tefal Plancha Ultragliss modelo 2026,Plancha de vapor para ropa,894.45,79,1,2026-01-15 10:00:00,2026-02-10 12:00:00
3055,P03055,Kingston NV2 1TB color blanco,Unidad SSD NVMe M.2 de 1 TB,1079.89,134,1,2026-01-15 10:00:00,2026-02-10 12:00:00
3056,P03056,Gillette Mach3 presentacion familiar,Rastrillo para afeitar con tres hojas,203.54,143,1,2026-01-15 10:00:00,2026-02-10 12:00:00
3057,P03057,Colgate Total 12 modelo 2026,Pasta dental de proteccion integral,96.73,37,1,2026-01-15 10:00:00,2026-02-10 12:00:00
3058,P03058,Colgate Total 12 presentacion familiar,Pasta dental de proteccion integral,75.41,168,1,2026-01-15 10:00:00,2026-02-10 12:00:00
3059,P03059,Colgate Total 12 edicion especial,Pasta dental de proteccion integral,82.46,185,1,2026-01-15 10:00:00,2026-02-10 12:00:00
3060,P03060,SanDisk Ultra microSD 128GB paquete con 2 piezas,Tarjeta microSD de 128 GB,374.84,17,1,2026-01-15 10:00:00,2026-02-10 12:00:00
3061,P03061,Cinsa Olla de presion 6L version estandar,Olla de presion de aluminio de 6 litros,920.7,243,1,2026-01-15 10:00:00,2026-02-10 12:00:00
3062,P03062,JBL Go 4 color blanco,Bocina portatil Bluetooth,1024.68,144,1,2026-01-15 10:00:00,2026-02-10 12:00:00
3063,P03063,JBL Go 4 color negro,Bocina portatil Bluetooth,1263.96,290,1,2026-01-15 10:00:00,2026-02-10 12:00:00
3064,P03064,Tefal Plancha Ultragliss version estandar,Plancha de vapor para ropa,915.52,62,1,2026-01-15 10:00:00,2026-02-10 12:00:00
3065,P03065,SanDisk Ultra microSD 128GB modelo 2026,Tarjeta microSD de 128 GB,268.87,199,1,2026-01-15 10:00:00,2026-02-10 12:00:00
3066,P03066,Colgate Total 12 modelo 2026,Pasta dental de proteccion integral,68.76,265,1,2026-01-15 10:00:00,2026-02-10 12:00:00
3067,P03067,Cinsa Olla de presion 6L edicion especial,Olla de presion de aluminio de 6 litros,979.75,289,1,2026-01-15 10:00:00,2026-02-10 12:00:00
3068,P03068,Logitech G502 Hero modelo 2026,Mouse gamer de alto rendimiento,1065.62,39,1,2026-01-15 10:00:00,2026-02-10 12:00:00
3069,P03069,Cinsa Olla de presion 6L presentacion familiar,Olla de presion de aluminio de 6 litros,920.72,221,1,2026-01-15 10:00:00,2026-02-10 12:00:00
3070,P03070,Nike Revolution 7 edicion especial,Tenis deportivos para entrenamiento,1508.54,212,1,2026-01-15 10:00:00,2026-02-10 12:00:00
3071,P03071,SanDisk Ultra microSD 128GB edicion especial,Tarjeta microSD de 128 GB,344.59,296,1,2026-01-15 10:00:00,2026-02-10 12:00:00
3072,P03072,Cinsa Olla de presion 6L edicion especial,Olla de presion de aluminio de 6 litros,1193.14,71,1,2026-01-15 10:00:00,2026-02-10 12:00:00
3073,P03073,Kingston NV2 1TB edicion especial,Unidad SSD NVMe M.2 de 1 TB,1139.75,211,1,2026-01-15 10:00:00,2026-02-10 12:00:00
3074,P03074,Gillette Mach3 paquete con 2 piezas,Rastrillo para afeitar con tres hojas,211.07,169,1,2026-01-15 10:00:00,2026-02-10 12:00:00
3075,P03075,Logitech G502 Hero version estandar,Mouse gamer de alto rendimiento,963.31,7,1,2026-01-15 10:00:00,2026-02-10 12:00:00
3076,P03076,SanDisk Ultra microSD 128GB edicion especial,Tarjeta microSD de 128 GB,381.44,240,1,2026-01-15 10:00:00,2026-02-10 12:00:00
3077,P03077,Sterilite Caja organizadora 40L color negro,Caja plastica con tapa para almacenamiento,318.39,21,1,2026-01-15 10:00:00,2026-02-10 12:00:00
3078,P03078,Tefal Plancha Ultragliss version estandar,Plancha de vapor para ropa,1115.67,191,1,2026-01-15 10:00:00,2026-02-10 12:00:00
3079,P03079,JBL Go 4 version estandar,Bocina portatil Bluetooth,978.21,285,1,2026-01-15 10:00:00,2026-02-10 12:00:00
3080,P03080,SanDisk Ultra microSD 128GB modelo 2026,Tarjeta microSD de 128 GB,340.97,137,1,2026-01-15 10:00:00,2026-02-10 12:00:00
3081,P03081,Kingston NV2 1TB modelo 2026,Unidad SSD NVMe M.2 de 1 TB,1269.18,102,1,2026-01-15 10:00:00,2026-02-10 12:00:00
3082,P03082,Kingston NV2 1TB presentacion familiar,Unidad SSD NVMe M.2 de 1 TB,1490.82,209,1,2026-01-15 10:00:00,2026-02-10 12:00:00
3083,P03083,Sterilite Caja organizadora 40L color negro,Caja plastica con tapa para almacenamiento,295.19,267,1,2026-01-15 10:00:00,2026-02-10 12:00:00
3084,P03084,Logitech G502 Hero paquete con 2 piezas,Mouse gamer de alto rendimiento,709.61,288,1,2026-01-15 10:00:00,2026-02-10 12:00:00
3085,P03085,Sterilite Caja organizadora 40L paquete con 2 piezas,Caja plastica con tapa para almacenamiento,305.21,220,1,2026-01-15 10:00:00,2026-02-10 12:00:00
3086,P03086,Tefal Plancha Ultragliss paquete con 2 piezas,Plancha de vapor para ropa,1089.77,11,1,2026-01-15 10:00:00,2026-02-10 12:00:00
3087,P03087,JBL Go 4 presentacion familiar,Bocina portatil Bluetooth,1139.54,266,1,2026-01-15 10:00:00,2026-02-10 12:00:00
3088,P03088,Kingston NV2 1TB modelo 2026,Unidad SSD NVMe M.2 de 1 TB,1290.39,222,1,2026-01-15 10:00:00,2026-02-10 12:00:00
3089,P03089,Gillette Mach3 edicion especial,Rastrillo para afeitar con tres hojas,194.97,200,1,2026-01-15 10:00:00,2026-02-10 12:00:00
3090,P03090,Logitech G502 Hero edicion especial,Mouse gamer de alto rendimiento,936.13,200,1,2026-01-15 10:00:00,2026-02-10 12:00:00
3091,P03091,Nike Revolution 7 color negro,Tenis deportivos para entrenamiento,1732.68,236,1,2026-01-15 10:00:00,2026-02-10 12:00:00
3092,P03092,Gillette Mach3 color blanco,Rastrillo para afeitar con tres hojas,247.19,68,1,2026-01-15 10:00:00,2026-02-10 12:00:00
3093,P03093,Kingston NV2 1TB paquete con 2 piezas,Unidad SSD NVMe M.2 de 1 TB,1097.39,61,1,2026-01-15 10:00:00,2026-02-10 12:00:00
3094,P03094,Kingston NV2 1TB color blanco,Unidad SSD NVMe M.2 de 1 TB,1473.57,13,1,2026-01-15 10:00:00,2026-02-10 12:00:00
3095,P03095,Logitech G502 Hero edicion especial,Mouse gamer de alto rendimiento,1039.62,42,1,2026-01-15 10:00:00,2026-02-10 12:00:00
3096,P03096,Tefal Plancha Ultragliss presentacion familiar,Plancha de vapor para ropa,993.25,36,1,2026-01-15 10:00:00,2026-02-10 12:00:00
3097,P03097,Cinsa Olla de presion 6L modelo 2026,Olla de presion de aluminio de 6 litros,1135.39,125,1,2026-01-15 10:00:00,2026-02-10 12:00:00
3098,P03098,Nike Revolution 7 version estandar,Tenis deportivos para entrenamiento,2198.43,65,1,2026-01-15 10:00:00,2026-02-10 12:00:00
3099,P03099,Tefal Plancha Ultragliss color negro,Plancha de vapor para ropa,1160.11,219,1,2026-01-15 10:00:00,2026-02-10 12:00:00
3100,P03100,Nike Revolution 7 color blanco,Tenis deportivos para entrenamiento,1509.61,178,1,2026-01-15 10:00:00,2026-02-10 12:00:00
3101,P03101,JBL Go 4 version estandar,Bocina portatil Bluetooth,1148.48,292,1,2026-01-15 10:00:00,2026-02-10 12:00:00
3102,P03102,JBL Go 4 version estandar,Bocina portatil Bluetooth,1091.03,53,1,2026-01-15 10:00:00,2026-02-10 12:00:00
3103,P03103,Colgate Total 12 paquete con 2 piezas,Pasta dental de proteccion integral,85.36,138,1,2026-01-15 10:00:00,2026-02-10 12:00:00
3104,P03104,Colgate Total 12 edicion especial,Pasta dental de proteccion integral,57.7,220,1,2026-01-15 10:00:00,2026-02-10 12:00:00
3105,P03105,Kingston NV2 1TB paquete con 2 piezas,Unidad SSD NVMe M.2 de 1 TB,1299.5,115,1,2026-01-15 10:00:00,2026-02-10 12:00:00
3106,P03106,Gillette Mach3 paquete con 2 piezas,Rastrillo para afeitar con tres hojas,199.86,272,1,2026-01-15 10:00:00,2026-02-10 12:00:00
3107,P03107,Kingston NV2 1TB color blanco,Unidad SSD NVMe M.2 de 1 TB,1304.67,152,1,2026-01-15 10:00:00,2026-02-10 12:00:00
3108,P03108,Logitech G502 Hero paquete con 2 piezas,Mouse gamer de alto rendimiento,783.08,6,0,2026-01-15 10:00:00,2026-02-10 12:00:00
3109,P03109,Kingston NV2 1TB color negro,Unidad SSD NVMe M.2 de 1 TB,1070.34,143,1,2026-01-15 10:00:00,2026-02-10 12:00:00
3110,P03110,Tefal Plancha Ultragliss modelo 2026,Plancha de vapor para ropa,1123.79,49,1,2026-01-15 10:00:00,2026-02-10 12:00:00
3111,P03111,Colgate Total 12 color negro,Pasta dental de proteccion integral,81.89,195,1,2026-01-15 10:00:00,2026-02-10 12:00:00
3112,P03112,Tefal Plancha Ultragliss edicion especial,Plancha de vapor para ropa,858.16,180,1,2026-01-15 10:00:00,2026-02-10 12:00:00
3113,P03113,Cinsa Olla de presion 6L edicion especial,Olla de presion de aluminio de 6 litros,1050.41,102,1,2026-01-15 10:00:00,2026-02-10 12:00:00
3114,P03114,Colgate Total 12 edicion especial,Pasta dental de proteccion integral,59.58,11,1,2026-01-15 10:00:00,2026-02-10 12:00:00
3115,P03115,Sterilite Caja organizadora 40L color negro,Caja plastica con tapa para almacenamiento,310.7,230,1,2026-01-15 10:00:00,2026-02-10 12:00:00
3116,P03116,Logitech G502 Hero paquete con 2 piezas,Mouse gamer de alto rendimiento,861.98,14,1,2026-01-15 10:00:00,2026-02-10 12:00:00
3117,P03117,Colgate Total 12 color blanco,Pasta dental de proteccion integral,71.51,219,1,2026-01-15 10:00:00,2026-02-10 12:00:00
3118,P03118,Gillette Mach3 paquete con 2 piezas,Rastrillo para afeitar con tres hojas,267.9,152,1,2026-01-15 10:00:00,2026-02-10 12:00:00
3119,P03119,Sterilite Caja organizadora 40L paquete con 2 piezas,Caja plastica con tapa para almacenamiento,299.6,130,1,2026-01-15 10:00:00,2026-02-10 12:00:00
3120,P03120,Colgate Total 12 paquete con 2 piezas,Pasta dental de proteccion integral,85.09,134,1,2026-01-15 10:00:00,2026-02-10 12:00:00
3121,P03121,JBL Go 4 color blanco,Bocina portatil Bluetooth,1223.13,235,1,2026-01-15 10:00:00,2026-02-10 12:00:00
3122,P03122,Tefal Plancha Ultragliss modelo 2026,Plancha de vapor para ropa,1142.01,218,1,2026-01-15 10:00:00,2026-02-10 12:00:00
3123,P03123,Tefal Plancha Ultragliss presentacion familiar,Plancha de vapor para ropa,1104.39,233,1,2026-01-15 10:00:00,2026-02-10 12:00:00
3124,P03124,Kingston NV2 1TB presentacion familiar,Unidad SSD NVMe M.2 de 1 TB,1097.05,138,1,2026-01-15 10:00:00,2026-02-10 12:00:00
3125,P03125,SanDisk Ultra microSD 128GB modelo 2026,Tarjeta microSD de 128 GB,394.48,170,1,2026-01-15 10:00:00,2026-02-10 12:00:00
3126,P03126,Gillette Mach3 version estandar,Rastrillo para afeitar con tres hojas,237.98,274,1,2026-01-15 10:00:00,2026-02-10 12:00:00
3127,P03127,Colgate Total 12 presentacion familiar,Pasta dental de proteccion integral,77.55,124,1,2026-01-15 10:00:00,2026-02-10 12:00:00
3128,P03128,Cinsa Olla de presion 6L color negro,Olla de presion de aluminio de 6 litros,938.05,138,1,2026-01-15 10:00:00,2026-02-10 12:00:00
3129,P03129,Gillette Mach3 color blanco,Rastrillo para afeitar con tres hojas,195.49,19,1,2026-01-15 10:00:00,2026-02-10 12:00:00
3130,P03130,SanDisk Ultra microSD 128GB modelo 2026,Tarjeta microSD de 128 GB,320.08,2,0,2026-01-15 10:00:00,2026-02-10 12:00:00
3131,P03131,Sterilite Caja organizadora 40L paquete con 2 piezas,Caja plastica con tapa para almacenamiento,428.11,149,1,2026-01-15 10:00:00,2026-02-10 12:00:00
3132,P03132,Gillette Mach3 paquete con 2 piezas,Rastrillo para afeitar con tres hojas,262.08,7,1,2026-01-15 10:00:00,2026-02-10 12:00:00
3133,P03133,Gillette Mach3 presentacion familiar,Rastrillo para afeitar con tres hojas,193.87,40,1,2026-01-15 10:00:00,2026-02-10 12:00:00
3134,P03134,SanDisk Ultra microSD 128GB presentacion familiar,Tarjeta microSD de 128 GB,298.1,269,1,2026-01-15 10:00:00,2026-02-10 12:00:00
3135,P03135,Cinsa Olla de presion 6L edicion especial,Olla de presion de aluminio de 6 litros,851.58,132,1,2026-01-15 10:00:00,2026-02-10 12:00:00
3136,P03136,Tefal Plancha Ultragliss color negro,Plancha de vapor para ropa,1102.32,90,1,2026-01-15 10:00:00,2026-02-10 12:00:00
3137,P03137,Sterilite Caja organizadora 40L paquete con 2 piezas,Caja plastica con tapa para almacenamiento,384.77,39,1,2026-01-15 10:00:00,2026-02-10 12:00:00
3138,P03138,Gillette Mach3 color negro,Rastrillo para afeitar con tres hojas,168.26,287,1,2026-01-15 10:00:00,2026-02-10 12:00:00
3139,P03139,JBL Go 4 version estandar,Bocina portatil Bluetooth,985.29,202,1,2026-01-15 10:00:00,2026-02-10 12:00:00
3140,P03140,JBL Go 4 modelo 2026,Bocina portatil Bluetooth,1248.94,241,1,2026-01-15 10:00:00,2026-02-10 12:00:00
3141,P03141,SanDisk Ultra microSD 128GB paquete con 2 piezas,Tarjeta microSD de 128 GB,357.56,72,1,2026-01-15 10:00:00,2026-02-10 12:00:00
3142,P03142,Cinsa Olla de presion 6L color blanco,Olla de presion de aluminio de 6 litros,1058.74,76,1,2026-01-15 10:00:00,2026-02-10 12:00:00
3143,P03143,Sterilite Caja organizadora 40L edicion especial,Caja plastica con tapa para almacenamiento,322.5,1,1,2026-01-15 10:00:00,2026-02-10 12:00:00
3144,P03144,Colgate Total 12 presentacion familiar,Pasta dental de proteccion integral,71.64,47,1,2026-01-15 10:00:00,2026-02-10 12:00:00
3145,P03145,Cinsa Olla de presion 6L paquete con 2 piezas,Olla de presion de aluminio de 6 litros,1192.82,2,1,2026-01-15 10:00:00,2026-02-10 12:00:00
3146,P03146,Nike Revolution 7 paquete con 2 piezas,Tenis deportivos para entrenamiento,2188.8,101,1,2026-01-15 10:00:00,2026-02-10 12:00:00
3147,P03147,Colgate Total 12 color blanco,Pasta dental de proteccion integral,91.77,194,1,2026-01-15 10:00:00,2026-02-10 12:00:00
3148,P03148,JBL Go 4 edicion especial,Bocina portatil Bluetooth,1136.03,97,1,2026-01-15 10:00:00,2026-02-10 12:00:00
3149,P03149,Gillette Mach3 version estandar,Rastrillo para afeitar con tres hojas,157.86,155,1,2026-01-15 10:00:00,2026-02-10 12:00:00
3150,P03150,Cinsa Olla de presion 6L color negro,Olla de presion de aluminio de 6 litros,1047.18,145,1,2026-01-15 10:00:00,2026-02-10 12:00:00
3151,P03151,SanDisk Ultra microSD 128GB edicion especial,Tarjeta microSD de 128 GB,291.79,35,1,2026-01-15 10:00:00,2026-02-10 12:00:00
3152,P03152,Gillette Mach3 color negro,Rastrillo para afeitar con tres hojas,192.87,234,1,2026-01-15 10:00:00,2026-02-10 12:00:00
3153,P03153,Tefal Plancha Ultragliss paquete con 2 piezas,Plancha de vapor para ropa,950.34,267,1,2026-01-15 10:00:00,2026-02-10 12:00:00
3154,P03154,Sterilite Caja organizadora 40L edicion especial,Caja plastica con tapa para almacenamiento,281.03,133,1,2026-01-15 10:00:00,2026-02-10 12:00:00
3155,P03155,Kingston NV2 1TB color negro,Unidad SSD NVMe M.2 de 1 TB,1103.94,208,1,2026-01-15 10:00:00,2026-02-10 12:00:00
3156,P03156,JBL Go 4 presentacion familiar,Bocina portatil Bluetooth,906.04,299,1,2026-01-15 10:00:00,2026-02-10 12:00:00
3157,P03157,JBL Go 4 edicion especial,Bocina portatil Bluetooth,1150.63,214,1,2026-01-15 10:00:00,2026-02-10 12:00:00
3158,P03158,SanDisk Ultra microSD 128GB modelo 2026,Tarjeta microSD de 128 GB,259.18,124,1,2026-01-15 10:00:00,2026-02-10 12:00:00
3159,P03159,SanDisk Ultra microSD 128GB edicion especial,Tarjeta microSD de 128 GB,325.67,90,1,2026-01-15 10:00:00,2026-02-10 12:00:00
3160,P03160,Logitech G502 Hero color blanco,Mouse gamer de alto rendimiento,803.05,275,1,2026-01-15 10:00:00,2026-02-10 12:00:00
3161,P03161,Colgate Total 12 presentacion familiar,Pasta dental de proteccion integral,56.46,78,1,2026-01-15 10:00:00,2026-02-10 12:00:00
3162,P03162,Cinsa Olla de presion 6L modelo 2026,Olla de presion de aluminio de 6 litros,1011.83,166,1,2026-01-15 10:00:00,2026-02-10 12:00:00
3163,P03163,Gillette Mach3 modelo 2026,Rastrillo para afeitar con tres hojas,189.16,90,1,2026-01-15 10:00:00,2026-02-10 12:00:00
3164,P03164,Colgate Total 12 color blanco,Pasta dental de proteccion integral,53.26,87,1,2026-01-15 10:00:00,2026-02-10 12:00:00
3165,P03165,Tefal Plancha Ultragliss paquete con 2 piezas,Plancha de vapor para ropa,1080.94,158,1,2026-01-15 10:00:00,2026-02-10 12:00:00
3166,P03166,Cinsa Olla de presion 6L modelo 2026,Olla de presion de aluminio de 6 litros,960.08,264,1,2026-01-15 10:00:00,2026-02-10 12:00:00
3167,P03167,Cinsa Olla de presion 6L color blanco,Olla de presion de aluminio de 6 litros,1010.48,81,1,2026-01-15 10:00:00,2026-02-10 12:00:00
3168,P03168,Logitech G502 Hero presentacion familiar,Mouse gamer de alto rendimiento,879.96,116,1,2026-01-15 10:00:00,2026-02-10 12:00:00
3169,P03169,Tefal Plancha Ultragliss version estandar,Plancha de vapor para ropa,810.99,109,1,2026-01-15 10:00:00,2026-02-10 12:00:00
3170,P03170,Logitech G502 Hero color negro,Mouse gamer de alto rendimiento,1051.47,215,1,2026-01-15 10:00:00,2026-02-10 12:00:00
3171,P03171,Gillette Mach3 presentacion familiar,Rastrillo para afeitar con tres hojas,245.43,232,1,2026-01-15 10:00:00,2026-02-10 12:00:00
3172,P03172,SanDisk Ultra microSD 128GB color negro,Tarjeta microSD de 128 GB,365.63,132,1,2026-01-15 10:00:00,2026-02-10 12:00:00
3173,P03173,JBL Go 4 paquete con 2 piezas,Bocina portatil Bluetooth,1198.07,214,1,2026-01-15 10:00:00,2026-02-10 12:00:00
3174,P03174,Cinsa Olla de presion 6L color negro,Olla de presion de aluminio de 6 litros,1108.13,27,1,2026-01-15 10:00:00,2026-02-10 12:00:00
3175,P03175,Colgate Total 12 paquete con 2 piezas,Pasta dental de proteccion integral,55.04,46,1,2026-01-15 10:00:00,2026-02-10 12:00:00
3176,P03176,Cinsa Olla de presion 6L paquete con 2 piezas,Olla de presion de aluminio de 6 litros,1023.31,15,1,2026-01-15 10:00:00,2026-02-10 12:00:00
3177,P03177,Cinsa Olla de presion 6L color blanco,Olla de presion de aluminio de 6 litros,1091.16,105,1,2026-01-15 10:00:00,2026-02-10 12:00:00
3178,P03178,Nike Revolution 7 modelo 2026,Tenis deportivos para entrenamiento,1727.7,241,1,2026-01-15 10:00:00,2026-02-10 12:00:00
3179,P03179,JBL Go 4 color blanco,Bocina portatil Bluetooth,1101.08,21,1,2026-01-15 10:00:00,2026-02-10 12:00:00
3180,P03180,Logitech G502 Hero modelo 2026,Mouse gamer de alto rendimiento,899.18,120,1,2026-01-15 10:00:00,2026-02-10 12:00:00
3181,P03181,Cinsa Olla de presion 6L presentacion familiar,Olla de presion de aluminio de 6 litros,1125.32,235,1,2026-01-15 10:00:00,2026-02-10 12:00:00
3182,P03182,Kingston NV2 1TB color negro,Unidad SSD NVMe M.2 de 1 TB,1111.89,253,1,2026-01-15 10:00:00,2026-02-10 12:00:00
3183,P03183,Tefal Plancha Ultragliss color blanco,Plancha de vapor para ropa,1083.94,215,1,2026-01-15 10:00:00,2026-02-10 12:00:00
3184,P03184,Colgate Total 12 color negro,Pasta dental de proteccion integral,77.06,230,1,2026-01-15 10:00:00,2026-02-10 12:00:00
3185,P03185,Tefal Plancha Ultragliss modelo 2026,Plancha de vapor para ropa,1045.52,152,1,2026-01-15 10:00:00,2026-02-10 12:00:00
3186,P03186,Gillette Mach3 version estandar,Rastrillo para afeitar con tres hojas,231.64,228,1,2026-01-15 10:00:00,2026-02-10 12:00:00
3187,P03187,Nike Revolution 7 color blanco,Tenis deportivos para entrenamiento,1716.01,53,1,2026-01-15 10:00:00,2026-02-10 12:00:00
3188,P03188,Kingston NV2 1TB modelo 2026,Unidad SSD NVMe M.2 de 1 TB,1076.76,7,1,2026-01-15 10:00:00,2026-02-10 12:00:00
3189,P03189,Sterilite Caja organizadora 40L color blanco,Caja plastica con tapa para almacenamiento,221.96,133,1,2026-01-15 10:00:00,2026-02-10 12:00:00
3190,P03190,Sterilite Caja organizadora 40L color negro,Caja plastica con tapa para almacenamiento,305.13,195,1,2026-01-15 10:00:00,2026-02-10 12:00:00
3191,P03191,Nike Revolution 7 color negro,Tenis deportivos para entrenamiento,2172.55,298,1,2026-01-15 10:00:00,2026-02-10 12:00:00
3192,P03192,Colgate Total 12 paquete con 2 piezas,Pasta dental de proteccion integral,84,134,1,2026-01-15 10:00:00,2026-02-10 12:00:00
3193,P03193,Sterilite Caja organizadora 40L edicion especial,Caja plastica con tapa para almacenamiento,288.36,4,1,2026-01-15 10:00:00,2026-02-10 12:00:00
3194,P03194,SanDisk Ultra microSD 128GB color negro,Tarjeta microSD de 128 GB,331.23,16,1,2026-01-15 10:00:00,2026-02-10 12:00:00
3195,P03195,Nike Revolution 7 version estandar,Tenis deportivos para entrenamiento,1800.45,14,1,2026-01-15 10:00:00,2026-02-10 12:00:00
3196,P03196,Colgate Total 12 color negro,Pasta dental de proteccion integral,89.09,205,1,2026-01-15 10:00:00,2026-02-10 12:00:00
3197,P03197,Logitech G502 Hero color blanco,Mouse gamer de alto rendimiento,1003.98,136,1,2026-01-15 10:00:00,2026-02-10 12:00:00
3198,P03198,SanDisk Ultra microSD 128GB color negro,Tarjeta microSD de 128 GB,371.87,58,1,2026-01-15 10:00:00,2026-02-10 12:00:00
3199,P03199,Nike Revolution 7 paquete con 2 piezas,Tenis deportivos para entrenamiento,1914.78,175,1,2026-01-15 10:00:00,2026-02-10 12:00:00
3200,P03200,Sterilite Caja organizadora 40L paquete con 2 piezas,Caja plastica con tapa para almacenamiento,399.3,189,1,2026-01-15 10:00:00,2026-02-10 12:00:00
3201,P03201,Sterilite Caja organizadora 40L edicion especial,Caja plastica con tapa para almacenamiento,236.37,240,1,2026-01-15 10:00:00,2026-02-10 12:00:00
3202,P03202,Gillette Mach3 color negro,Rastrillo para afeitar con tres hojas,199.75,57,1,2026-01-15 10:00:00,2026-02-10 12:00:00
3203,P03203,Tefal Plancha Ultragliss version estandar,Plancha de vapor para ropa,1153.1,131,1,2026-01-15 10:00:00,2026-02-10 12:00:00
3204,P03204,Logitech G502 Hero modelo 2026,Mouse gamer de alto rendimiento,809.14,1,0,2026-01-15 10:00:00,2026-02-10 12:00:00
3205,P03205,SanDisk Ultra microSD 128GB modelo 2026,Tarjeta microSD de 128 GB,279.12,276,1,2026-01-15 10:00:00,2026-02-10 12:00:00
3206,P03206,Logitech G502 Hero version estandar,Mouse gamer de alto rendimiento,1025.94,162,1,2026-01-15 10:00:00,2026-02-10 12:00:00
3207,P03207,Nike Revolution 7 presentacion familiar,Tenis deportivos para entrenamiento,1656.2,53,1,2026-01-15 10:00:00,2026-02-10 12:00:00
3208,P03208,Logitech G502 Hero version estandar,Mouse gamer de alto rendimiento,947.06,161,1,2026-01-15 10:00:00,2026-02-10 12:00:00
3209,P03209,Nike Revolution 7 version estandar,Tenis deportivos para entrenamiento,1584.75,203,1,2026-01-15 10:00:00,2026-02-10 12:00:00
3210,P03210,Logitech G502 Hero modelo 2026,Mouse gamer de alto rendimiento,779.19,187,1,2026-01-15 10:00:00,2026-02-10 12:00:00
3211,P03211,Tefal Plancha Ultragliss color blanco,Plancha de vapor para ropa,1172.82,257,1,2026-01-15 10:00:00,2026-02-10 12:00:00
3212,P03212,SanDisk Ultra microSD 128GB paquete con 2 piezas,Tarjeta microSD de 128 GB,288.32,262,1,2026-01-15 10:00:00,2026-02-10 12:00:00
3213,P03213,Tefal Plancha Ultragliss version estandar,Plancha de vapor para ropa,983.88,188,1,2026-01-15 10:00:00,2026-02-10 12:00:00
3214,P03214,Colgate Total 12 modelo 2026,Pasta dental de proteccion integral,86.91,22,1,2026-01-15 10:00:00,2026-02-10 12:00:00
3215,P03215,SanDisk Ultra microSD 128GB paquete con 2 piezas,Tarjeta microSD de 128 GB,278.7,189,1,2026-01-15 10:00:00,2026-02-10 12:00:00
3216,P03216,Cinsa Olla de presion 6L presentacion familiar,Olla de presion de aluminio de 6 litros,1035.3,30,1,2026-01-15 10:00:00,2026-02-10 12:00:00
3217,P03217,Kingston NV2 1TB color blanco,Unidad SSD NVMe M.2 de 1 TB,1095.32,86,1,2026-01-15 10:00:00,2026-02-10 12:00:00
3218,P03218,Cinsa Olla de presion 6L version estandar,Olla de presion de aluminio de 6 litros,878.84,191,1,2026-01-15 10:00:00,2026-02-10 12:00:00
3219,P03219,JBL Go 4 modelo 2026,Bocina portatil Bluetooth,1041.09,25,1,2026-01-15 10:00:00,2026-02-10 12:00:00
3220,P03220,JBL Go 4 color blanco,Bocina portatil Bluetooth,966.83,186,1,2026-01-15 10:00:00,2026-02-10 12:00:00
3221,P03221,Nike Revolution 7 version estandar,Tenis deportivos para entrenamiento,1914.26,166,1,2026-01-15 10:00:00,2026-02-10 12:00:00
3222,P03222,Nike Revolution 7 color blanco,Tenis deportivos para entrenamiento,2153.7,27,1,2026-01-15 10:00:00,2026-02-10 12:00:00
3223,P03223,Tefal Plancha Ultragliss presentacion familiar,Plancha de vapor para ropa,938.46,217,1,2026-01-15 10:00:00,2026-02-10 12:00:00
3224,P03224,JBL Go 4 edicion especial,Bocina portatil Bluetooth,1105.14,166,1,2026-01-15 10:00:00,2026-02-10 12:00:00
3225,P03225,SanDisk Ultra microSD 128GB color negro,Tarjeta microSD de 128 GB,338.73,142,1,2026-01-15 10:00:00,2026-02-10 12:00:00
3226,P03226,Gillette Mach3 color blanco,Rastrillo para afeitar con tres hojas,258.16,77,1,2026-01-15 10:00:00,2026-02-10 12:00:00
3227,P03227,Kingston NV2 1TB color negro,Unidad SSD NVMe M.2 de 1 TB,1087.45,9,0,2026-01-15 10:00:00,2026-02-10 12:00:00
3228,P03228,Colgate Total 12 modelo 2026,Pasta dental de proteccion integral,68.62,27,1,2026-01-15 10:00:00,2026-02-10 12:00:00
3229,P03229,Tefal Plancha Ultragliss color negro,Plancha de vapor para ropa,1103.3,127,1,2026-01-15 10:00:00,2026-02-10 12:00:00
3230,P03230,Gillette Mach3 paquete con 2 piezas,Rastrillo para afeitar con tres hojas,191.13,291,1,2026-01-15 10:00:00,2026-02-10 12:00:00
3231,P03231,Gillette Mach3 modelo 2026,Rastrillo para afeitar con tres hojas,165.96,295,1,2026-01-15 10:00:00,2026-02-10 12:00:00
3232,P03232,JBL Go 4 paquete con 2 piezas,Bocina portatil Bluetooth,1253.16,18,1,2026-01-15 10:00:00,2026-02-10 12:00:00
3233,P03233,Sterilite Caja organizadora 40L color negro,Caja plastica con tapa para almacenamiento,363.24,110,1,2026-01-15 10:00:00,2026-02-10 12:00:00
3234,P03234,Colgate Total 12 modelo 2026,Pasta dental de proteccion integral,95.46,189,1,2026-01-15 10:00:00,2026-02-10 12:00:00
3235,P03235,SanDisk Ultra microSD 128GB version estandar,Tarjeta microSD de 128 GB,250.79,245,1,2026-01-15 10:00:00,2026-02-10 12:00:00
3236,P03236,Logitech G502 Hero color negro,Mouse gamer de alto rendimiento,1070.02,136,1,2026-01-15 10:00:00,2026-02-10 12:00:00
3237,P03237,Logitech G502 Hero modelo 2026,Mouse gamer de alto rendimiento,1062.95,246,1,2026-01-15 10:00:00,2026-02-10 12:00:00
3238,P03238,Sterilite Caja organizadora 40L presentacion familiar,Caja plastica con tapa para almacenamiento,271.03,168,1,2026-01-15 10:00:00,2026-02-10 12:00:00
3239,P03239,SanDisk Ultra microSD 128GB edicion especial,Tarjeta microSD de 128 GB,386.93,78,1,2026-01-15 10:00:00,2026-02-10 12:00:00
3240,P03240,Colgate Total 12 paquete con 2 piezas,Pasta dental de proteccion integral,86.66,200,1,2026-01-15 10:00:00,2026-02-10 12:00:00
3241,P03241,Kingston NV2 1TB color blanco,Unidad SSD NVMe M.2 de 1 TB,1278.1,266,1,2026-01-15 10:00:00,2026-02-10 12:00:00
3242,P03242,Logitech G502 Hero presentacion familiar,Mouse gamer de alto rendimiento,858.9,290,1,2026-01-15 10:00:00,2026-02-10 12:00:00
3243,P03243,Nike Revolution 7 presentacion familiar,Tenis deportivos para entrenamiento,1561.64,207,1,2026-01-15 10:00:00,2026-02-10 12:00:00
3244,P03244,Kingston NV2 1TB edicion especial,Unidad SSD NVMe M.2 de 1 TB,1032.11,108,1,2026-01-15 10:00:00,2026-02-10 12:00:00
3245,P03245,Sterilite Caja organizadora 40L modelo 2026,Caja plastica con tapa para almacenamiento,202.3,253,1,2026-01-15 10:00:00,2026-02-10 12:00:00
3246,P03246,Kingston NV2 1TB presentacion familiar,Unidad SSD NVMe M.2 de 1 TB,1152.64,201,1,2026-01-15 10:00:00,2026-02-10 12:00:00
3247,P03247,JBL Go 4 presentacion familiar,Bocina portatil Bluetooth,919.73,57,1,2026-01-15 10:00:00,2026-02-10 12:00:00
3248,P03248,Colgate Total 12 modelo 2026,Pasta dental de proteccion integral,50.73,17,1,2026-01-15 10:00:00,2026-02-10 12:00:00
3249,P03249,Colgate Total 12 version estandar,Pasta dental de proteccion integral,76.2,280,1,2026-01-15 10:00:00,2026-02-10 12:00:00
3250,P03250,Cinsa Olla de presion 6L presentacion familiar,Olla de presion de aluminio de 6 litros,1006.04,291,1,2026-01-15 10:00:00,2026-02-10 12:00:00
3251,P03251,Kingston NV2 1TB color blanco,Unidad SSD NVMe M.2 de 1 TB,1488.35,188,1,2026-01-15 10:00:00,2026-02-10 12:00:00
3252,P03252,Gillette Mach3 modelo 2026,Rastrillo para afeitar con tres hojas,193.72,258,1,2026-01-15 10:00:00,2026-02-10 12:00:00
3253,P03253,JBL Go 4 edicion especial,Bocina portatil Bluetooth,1090.45,289,1,2026-01-15 10:00:00,2026-02-10 12:00:00
3254,P03254,Kingston NV2 1TB color blanco,Unidad SSD NVMe M.2 de 1 TB,1208.45,68,1,2026-01-15 10:00:00,2026-02-10 12:00:00
3255,P03255,Colgate Total 12 color blanco,Pasta dental de proteccion integral,70.16,254,1,2026-01-15 10:00:00,2026-02-10 12:00:00
3256,P03256,Logitech G502 Hero paquete con 2 piezas,Mouse gamer de alto rendimiento,807.94,57,1,2026-01-15 10:00:00,2026-02-10 12:00:00
3257,P03257,Cinsa Olla de presion 6L presentacion familiar,Olla de presion de aluminio de 6 litros,830.33,279,1,2026-01-15 10:00:00,2026-02-10 12:00:00
3258,P03258,Logitech G502 Hero presentacion familiar,Mouse gamer de alto rendimiento,772.66,224,1,2026-01-15 10:00:00,2026-02-10 12:00:00
3259,P03259,Cinsa Olla de presion 6L presentacion familiar,Olla de presion de aluminio de 6 litros,1044.08,92,1,2026-01-15 10:00:00,2026-02-10 12:00:00
3260,P03260,Gillette Mach3 modelo 2026,Rastrillo para afeitar con tres hojas,243.88,267,1,2026-01-15 10:00:00,2026-02-10 12:00:00
3261,P03261,Nike Revolution 7 paquete con 2 piezas,Tenis deportivos para entrenamiento,2024.86,43,1,2026-01-15 10:00:00,2026-02-10 12:00:00
3262,P03262,Cinsa Olla de presion 6L presentacion familiar,Olla de presion de aluminio de 6 litros,1117.78,217,1,2026-01-15 10:00:00,2026-02-10 12:00:00
3263,P03263,Logitech G502 Hero version estandar,Mouse gamer de alto rendimiento,807.14,88,1,2026-01-15 10:00:00,2026-02-10 12:00:00
3264,P03264,Colgate Total 12 modelo 2026,Pasta dental de proteccion integral,50.58,7,1,2026-01-15 10:00:00,2026-02-10 12:00:00
3265,P03265,Sterilite Caja organizadora 40L edicion especial,Caja plastica con tapa para almacenamiento,203.63,156,1,2026-01-15 10:00:00,2026-02-10 12:00:00
3266,P03266,SanDisk Ultra microSD 128GB color blanco,Tarjeta microSD de 128 GB,296.38,111,1,2026-01-15 10:00:00,2026-02-10 12:00:00
3267,P03267,Sterilite Caja organizadora 40L color negro,Caja plastica con tapa para almacenamiento,256.03,84,1,2026-01-15 10:00:00,2026-02-10 12:00:00
3268,P03268,Cinsa Olla de presion 6L presentacion familiar,Olla de presion de aluminio de 6 litros,1194.21,78,1,2026-01-15 10:00:00,2026-02-10 12:00:00
3269,P03269,Tefal Plancha Ultragliss presentacion familiar,Plancha de vapor para ropa,1106.49,137,1,2026-01-15 10:00:00,2026-02-10 12:00:00
3270,P03270,Cinsa Olla de presion 6L presentacion familiar,Olla de presion de aluminio de 6 litros,824.7,70,1,2026-01-15 10:00:00,2026-02-10 12:00:00
3271,P03271,SanDisk Ultra microSD 128GB presentacion familiar,Tarjeta microSD de 128 GB,345.62,259,1,2026-01-15 10:00:00,2026-02-10 12:00:00
3272,P03272,Nike Revolution 7 presentacion familiar,Tenis deportivos para entrenamiento,1826.78,8,1,2026-01-15 10:00:00,2026-02-10 12:00:00
3273,P03273,Colgate Total 12 version estandar,Pasta dental de proteccion integral,58.42,183,1,2026-01-15 10:00:00,2026-02-10 12:00:00
3274,P03274,SanDisk Ultra microSD 128GB edicion especial,Tarjeta microSD de 128 GB,289.79,132,1,2026-01-15 10:00:00,2026-02-10 12:00:00
3275,P03275,Sterilite Caja organizadora 40L edicion especial,Caja plastica con tapa para almacenamiento,257.07,171,1,2026-01-15 10:00:00,2026-02-10 12:00:00
3276,P03276,JBL Go 4 color negro,Bocina portatil Bluetooth,962.96,84,1,2026-01-15 10:00:00,2026-02-10 12:00:00
3277,P03277,Gillette Mach3 presentacion familiar,Rastrillo para afeitar con tres hojas,244.38,73,1,2026-01-15 10:00:00,2026-02-10 12:00:00
3278,P03278,Tefal Plancha Ultragliss edicion especial,Plancha de vapor para ropa,1106.19,135,1,2026-01-15 10:00:00,2026-02-10 12:00:00
3279,P03279,Sterilite Caja organizadora 40L paquete con 2 piezas,Caja plastica con tapa para almacenamiento,289.21,86,1,2026-01-15 10:00:00,2026-02-10 12:00:00
3280,P03280,JBL Go 4 edicion especial,Bocina portatil Bluetooth,1149.19,107,1,2026-01-15 10:00:00,2026-02-10 12:00:00
3281,P03281,Cinsa Olla de presion 6L modelo 2026,Olla de presion de aluminio de 6 litros,990.58,251,1,2026-01-15 10:00:00,2026-02-10 12:00:00
3282,P03282,Nike Revolution 7 modelo 2026,Tenis deportivos para entrenamiento,1603.75,181,1,2026-01-15 10:00:00,2026-02-10 12:00:00
3283,P03283,Tefal Plancha Ultragliss presentacion familiar,Plancha de vapor para ropa,940.58,173,1,2026-01-15 10:00:00,2026-02-10 12:00:00
3284,P03284,Nike Revolution 7 modelo 2026,Tenis deportivos para entrenamiento,2135.67,58,1,2026-01-15 10:00:00,2026-02-10 12:00:00
3285,P03285,JBL Go 4 modelo 2026,Bocina portatil Bluetooth,1243.16,297,1,2026-01-15 10:00:00,2026-02-10 12:00:00
3286,P03286,Nike Revolution 7 color negro,Tenis deportivos para entrenamiento,1510.26,26,1,2026-01-15 10:00:00,2026-02-10 12:00:00
3287,P03287,Tefal Plancha Ultragliss color negro,Plancha de vapor para ropa,1132.23,60,1,2026-01-15 10:00:00,2026-02-10 12:00:00
3288,P03288,Gillette Mach3 color blanco,Rastrillo para afeitar con tres hojas,299.21,88,1,2026-01-15 10:00:00,2026-02-10 12:00:00
3289,P03289,Nike Revolution 7 color blanco,Tenis deportivos para entrenamiento,1763.02,225,1,2026-01-15 10:00:00,2026-02-10 12:00:00
3290,P03290,SanDisk Ultra microSD 128GB version estandar,Tarjeta microSD de 128 GB,319.79,114,1,2026-01-15 10:00:00,2026-02-10 12:00:00
3291,P03291,Logitech G502 Hero presentacion familiar,Mouse gamer de alto rendimiento,997.76,166,1,2026-01-15 10:00:00,2026-02-10 12:00:00
3292,P03292,Cinsa Olla de presion 6L paquete con 2 piezas,Olla de presion de aluminio de 6 litros,1046.39,35,1,2026-01-15 10:00:00,2026-02-10 12:00:00
3293,P03293,Kingston NV2 1TB paquete con 2 piezas,Unidad SSD NVMe M.2 de 1 TB,1403.69,260,1,2026-01-15 10:00:00,2026-02-10 12:00:00
3294,P03294,Colgate Total 12 modelo 2026,Pasta dental de proteccion integral,76,123,1,2026-01-15 10:00:00,2026-02-10 12:00:00
3295,P03295,Colgate Total 12 version estandar,Pasta dental de proteccion integral,64.89,29,1,2026-01-15 10:00:00,2026-02-10 12:00:00
3296,P03296,Nike Revolution 7 color blanco,Tenis deportivos para entrenamiento,1863.31,157,1,2026-01-15 10:00:00,2026-02-10 12:00:00
3297,P03297,Gillette Mach3 presentacion familiar,Rastrillo para afeitar con tres hojas,263.8,289,1,2026-01-15 10:00:00,2026-02-10 12:00:00
3298,P03298,Kingston NV2 1TB paquete con 2 piezas,Unidad SSD NVMe M.2 de 1 TB,1429.61,47,1,2026-01-15 10:00:00,2026-02-10 12:00:00
3299,P03299,Cinsa Olla de presion 6L edicion especial,Olla de presion de aluminio de 6 litros,806.51,243,1,2026-01-15 10:00:00,2026-02-10 12:00:00
3300,P03300,Gillette Mach3 edicion especial,Rastrillo para afeitar con tres hojas,283.71,105,1,2026-01-15 10:00:00,2026-02-10 12:00:00
3301,P03301,Cinsa Olla de presion 6L modelo 2026,Olla de presion de aluminio de 6 litros,1176.55,277,1,2026-01-15 10:00:00,2026-02-10 12:00:00
3302,P03302,Cinsa Olla de presion 6L presentacion familiar,Olla de presion de aluminio de 6 litros,1068.68,55,1,2026-01-15 10:00:00,2026-02-10 12:00:00
3303,P03303,SanDisk Ultra microSD 128GB color blanco,Tarjeta microSD de 128 GB,260.2,284,1,2026-01-15 10:00:00,2026-02-10 12:00:00
3304,P03304,Gillette Mach3 version estandar,Rastrillo para afeitar con tres hojas,234.11,7,1,2026-01-15 10:00:00,2026-02-10 12:00:00
3305,P03305,Kingston NV2 1TB edicion especial,Unidad SSD NVMe M.2 de 1 TB,1069.08,129,1,2026-01-15 10:00:00,2026-02-10 12:00:00
3306,P03306,Colgate Total 12 color negro,Pasta dental de proteccion integral,54.99,91,1,2026-01-15 10:00:00,2026-02-10 12:00:00
3307,P03307,Colgate Total 12 color negro,Pasta dental de proteccion integral,57.26,186,1,2026-01-15 10:00:00,2026-02-10 12:00:00
3308,P03308,Sterilite Caja organizadora 40L version estandar,Caja plastica con tapa para almacenamiento,254.66,149,1,2026-01-15 10:00:00,2026-02-10 12:00:00
3309,P03309,Logitech G502 Hero color blanco,Mouse gamer de alto rendimiento,742.61,1,1,2026-01-15 10:00:00,2026-02-10 12:00:00
3310,P03310,SanDisk Ultra microSD 128GB color blanco,Tarjeta microSD de 128 GB,307.84,172,1,2026-01-15 10:00:00,2026-02-10 12:00:00
3311,P03311,Colgate Total 12 version estandar,Pasta dental de proteccion integral,54.56,274,1,2026-01-15 10:00:00,2026-02-10 12:00:00
3312,P03312,Cinsa Olla de presion 6L color negro,Olla de presion de aluminio de 6 litros,1166.64,298,1,2026-01-15 10:00:00,2026-02-10 12:00:00
3313,P03313,SanDisk Ultra microSD 128GB color negro,Tarjeta microSD de 128 GB,389.73,226,1,2026-01-15 10:00:00,2026-02-10 12:00:00
3314,P03314,Logitech G502 Hero edicion especial,Mouse gamer de alto rendimiento,1053.54,253,1,2026-01-15 10:00:00,2026-02-10 12:00:00
3315,P03315,Colgate Total 12 edicion especial,Pasta dental de proteccion integral,69.04,158,1,2026-01-15 10:00:00,2026-02-10 12:00:00
3316,P03316,Tefal Plancha Ultragliss modelo 2026,Plancha de vapor para ropa,1037.87,255,1,2026-01-15 10:00:00,2026-02-10 12:00:00
3317,P03317,JBL Go 4 presentacion familiar,Bocina portatil Bluetooth,1048.83,136,1,2026-01-15 10:00:00,2026-02-10 12:00:00
3318,P03318,Gillette Mach3 color blanco,Rastrillo para afeitar con tres hojas,280.26,192,1,2026-01-15 10:00:00,2026-02-10 12:00:00
3319,P03319,Sterilite Caja organizadora 40L color negro,Caja plastica con tapa para almacenamiento,210.32,152,1,2026-01-15 10:00:00,2026-02-10 12:00:00
3320,P03320,Gillette Mach3 version estandar,Rastrillo para afeitar con tres hojas,227.13,0,0,2026-01-15 10:00:00,2026-02-10 12:00:00
3321,P03321,Colgate Total 12 version estandar,Pasta dental de proteccion integral,77.6,86,1,2026-01-15 10:00:00,2026-02-10 12:00:00
3322,P03322,Sterilite Caja organizadora 40L presentacion familiar,Caja plastica con tapa para almacenamiento,336.33,67,1,2026-01-15 10:00:00,2026-02-10 12:00:00
3323,P03323,Cinsa Olla de presion 6L color blanco,Olla de presion de aluminio de 6 litros,1132.51,153,1,2026-01-15 10:00:00,2026-02-10 12:00:00
3324,P03324,Nike Revolution 7 presentacion familiar,Tenis deportivos para entrenamiento,2179.62,219,1,2026-01-15 10:00:00,2026-02-10 12:00:00
3325,P03325,Kingston NV2 1TB edicion especial,Unidad SSD NVMe M.2 de 1 TB,1029.36,113,1,2026-01-15 10:00:00,2026-02-10 12:00:00
3326,P03326,JBL Go 4 color blanco,Bocina portatil Bluetooth,1056.79,286,1,2026-01-15 10:00:00,2026-02-10 12:00:00
3327,P03327,Kingston NV2 1TB presentacion familiar,Unidad SSD NVMe M.2 de 1 TB,1032.84,122,1,2026-01-15 10:00:00,2026-02-10 12:00:00
3328,P03328,SanDisk Ultra microSD 128GB color negro,Tarjeta microSD de 128 GB,284.18,2,0,2026-01-15 10:00:00,2026-02-10 12:00:00
3329,P03329,Kingston NV2 1TB color blanco,Unidad SSD NVMe M.2 de 1 TB,1116.61,12,1,2026-01-15 10:00:00,2026-02-10 12:00:00
3330,P03330,Tefal Plancha Ultragliss modelo 2026,Plancha de vapor para ropa,819.42,248,1,2026-01-15 10:00:00,2026-02-10 12:00:00
3331,P03331,Kingston NV2 1TB color negro,Unidad SSD NVMe M.2 de 1 TB,1464.46,11,1,2026-01-15 10:00:00,2026-02-10 12:00:00
3332,P03332,Cinsa Olla de presion 6L color blanco,Olla de presion de aluminio de 6 litros,1138.3,21,1,2026-01-15 10:00:00,2026-02-10 12:00:00
3333,P03333,Sterilite Caja organizadora 40L color negro,Caja plastica con tapa para almacenamiento,430.93,137,1,2026-01-15 10:00:00,2026-02-10 12:00:00
3334,P03334,Colgate Total 12 color negro,Pasta dental de proteccion integral,82.62,4,1,2026-01-15 10:00:00,2026-02-10 12:00:00
3335,P03335,Logitech G502 Hero color negro,Mouse gamer de alto rendimiento,1084.68,41,1,2026-01-15 10:00:00,2026-02-10 12:00:00
3336,P03336,Nike Revolution 7 version estandar,Tenis deportivos para entrenamiento,2027.15,248,1,2026-01-15 10:00:00,2026-02-10 12:00:00
3337,P03337,Cinsa Olla de presion 6L edicion especial,Olla de presion de aluminio de 6 litros,827.94,222,1,2026-01-15 10:00:00,2026-02-10 12:00:00
3338,P03338,Colgate Total 12 modelo 2026,Pasta dental de proteccion integral,88.16,3,1,2026-01-15 10:00:00,2026-02-10 12:00:00
3339,P03339,Kingston NV2 1TB presentacion familiar,Unidad SSD NVMe M.2 de 1 TB,1231.52,274,1,2026-01-15 10:00:00,2026-02-10 12:00:00
3340,P03340,Cinsa Olla de presion 6L presentacion familiar,Olla de presion de aluminio de 6 litros,887.97,101,1,2026-01-15 10:00:00,2026-02-10 12:00:00
3341,P03341,Tefal Plancha Ultragliss presentacion familiar,Plancha de vapor para ropa,921.67,166,1,2026-01-15 10:00:00,2026-02-10 12:00:00
3342,P03342,Sterilite Caja organizadora 40L edicion especial,Caja plastica con tapa para almacenamiento,271.71,65,1,2026-01-15 10:00:00,2026-02-10 12:00:00
3343,P03343,JBL Go 4 edicion especial,Bocina portatil Bluetooth,1283.38,26,1,2026-01-15 10:00:00,2026-02-10 12:00:00
3344,P03344,Colgate Total 12 version estandar,Pasta dental de proteccion integral,76.07,52,1,2026-01-15 10:00:00,2026-02-10 12:00:00
3345,P03345,Kingston NV2 1TB color blanco,Unidad SSD NVMe M.2 de 1 TB,1166.21,233,1,2026-01-15 10:00:00,2026-02-10 12:00:00
3346,P03346,SanDisk Ultra microSD 128GB presentacion familiar,Tarjeta microSD de 128 GB,263.06,48,1,2026-01-15 10:00:00,2026-02-10 12:00:00
3347,P03347,JBL Go 4 presentacion familiar,Bocina portatil Bluetooth,1114.08,159,1,2026-01-15 10:00:00,2026-02-10 12:00:00
3348,P03348,Tefal Plancha Ultragliss modelo 2026,Plancha de vapor para ropa,1131.57,191,1,2026-01-15 10:00:00,2026-02-10 12:00:00
3349,P03349,Sterilite Caja organizadora 40L color negro,Caja plastica con tapa para almacenamiento,262.12,79,1,2026-01-15 10:00:00,2026-02-10 12:00:00
3350,P03350,JBL Go 4 paquete con 2 piezas,Bocina portatil Bluetooth,1049.61,8,1,2026-01-15 10:00:00,2026-02-10 12:00:00
3351,P03351,Tefal Plancha Ultragliss paquete con 2 piezas,Plancha de vapor para ropa,844.58,242,1,2026-01-15 10:00:00,2026-02-10 12:00:00
3352,P03352,Logitech G502 Hero color blanco,Mouse gamer de alto rendimiento,1038.14,180,1,2026-01-15 10:00:00,2026-02-10 12:00:00
3353,P03353,Kingston NV2 1TB modelo 2026,Unidad SSD NVMe M.2 de 1 TB,1084.14,233,1,2026-01-15 10:00:00,2026-02-10 12:00:00
3354,P03354,JBL Go 4 presentacion familiar,Bocina portatil Bluetooth,1101.29,294,1,2026-01-15 10:00:00,2026-02-10 12:00:00
3355,P03355,Cinsa Olla de presion 6L presentacion familiar,Olla de presion de aluminio de 6 litros,1072.99,300,1,2026-01-15 10:00:00,2026-02-10 12:00:00
3356,P03356,Sterilite Caja organizadora 40L modelo 2026,Caja plastica con tapa para almacenamiento,388.01,222,1,2026-01-15 10:00:00,2026-02-10 12:00:00
3357,P03357,SanDisk Ultra microSD 128GB version estandar,Tarjeta microSD de 128 GB,383.68,41,1,2026-01-15 10:00:00,2026-02-10 12:00:00
3358,P03358,Kingston NV2 1TB color negro,Unidad SSD NVMe M.2 de 1 TB,1470.48,187,1,2026-01-15 10:00:00,2026-02-10 12:00:00
3359,P03359,SanDisk Ultra microSD 128GB color blanco,Tarjeta microSD de 128 GB,371.86,255,1,2026-01-15 10:00:00,2026-02-10 12:00:00
3360,P03360,Logitech G502 Hero version estandar,Mouse gamer de alto rendimiento,908.8,64,1,2026-01-15 10:00:00,2026-02-10 12:00:00
3361,P03361,Colgate Total 12 color blanco,Pasta dental de proteccion integral,63.28,297,1,2026-01-15 10:00:00,2026-02-10 12:00:00
3362,P03362,Colgate Total 12 color blanco,Pasta dental de proteccion integral,64.89,238,1,2026-01-15 10:00:00,2026-02-10 12:00:00
3363,P03363,Sterilite Caja organizadora 40L version estandar,Caja plastica con tapa para almacenamiento,276.3,49,1,2026-01-15 10:00:00,2026-02-10 12:00:00
3364,P03364,Colgate Total 12 presentacion familiar,Pasta dental de proteccion integral,51.38,257,1,2026-01-15 10:00:00,2026-02-10 12:00:00
3365,P03365,JBL Go 4 version estandar,Bocina portatil Bluetooth,1093.31,174,1,2026-01-15 10:00:00,2026-02-10 12:00:00
3366,P03366,Logitech G502 Hero modelo 2026,Mouse gamer de alto rendimiento,837.39,168,1,2026-01-15 10:00:00,2026-02-10 12:00:00
3367,P03367,Sterilite Caja organizadora 40L edicion especial,Caja plastica con tapa para almacenamiento,317.89,135,1,2026-01-15 10:00:00,2026-02-10 12:00:00
3368,P03368,Cinsa Olla de presion 6L modelo 2026,Olla de presion de aluminio de 6 litros,801.49,237,1,2026-01-15 10:00:00,2026-02-10 12:00:00
3369,P03369,Tefal Plancha Ultragliss edicion especial,Plancha de vapor para ropa,922.75,247,1,2026-01-15 10:00:00,2026-02-10 12:00:00
3370,P03370,SanDisk Ultra microSD 128GB color negro,Tarjeta microSD de 128 GB,261.78,138,1,2026-01-15 10:00:00,2026-02-10 12:00:00
3371,P03371,Gillette Mach3 presentacion familiar,Rastrillo para afeitar con tres hojas,208.77,291,1,2026-01-15 10:00:00,2026-02-10 12:00:00
3372,P03372,JBL Go 4 color negro,Bocina portatil Bluetooth,1272.58,81,1,2026-01-15 10:00:00,2026-02-10 12:00:00
3373,P03373,Logitech G502 Hero color blanco,Mouse gamer de alto rendimiento,843,181,1,2026-01-15 10:00:00,2026-02-10 12:00:00
3374,P03374,Nike Revolution 7 color blanco,Tenis deportivos para entrenamiento,1671.97,295,1,2026-01-15 10:00:00,2026-02-10 12:00:00
3375,P03375,Tefal Plancha Ultragliss modelo 2026,Plancha de vapor para ropa,891.87,34,1,2026-01-15 10:00:00,2026-02-10 12:00:00
3376,P03376,SanDisk Ultra microSD 128GB color negro,Tarjeta microSD de 128 GB,340.06,27,1,2026-01-15 10:00:00,2026-02-10 12:00:00
3377,P03377,Kingston NV2 1TB edicion especial,Unidad SSD NVMe M.2 de 1 TB,1290.57,67,1,2026-01-15 10:00:00,2026-02-10 12:00:00
3378,P03378,Sterilite Caja organizadora 40L paquete con 2 piezas,Caja plastica con tapa para almacenamiento,314.24,219,1,2026-01-15 10:00:00,2026-02-10 12:00:00
3379,P03379,Kingston NV2 1TB presentacion familiar,Unidad SSD NVMe M.2 de 1 TB,1265.47,262,1,2026-01-15 10:00:00,2026-02-10 12:00:00
3380,P03380,SanDisk Ultra microSD 128GB version estandar,Tarjeta microSD de 128 GB,270.76,296,1,2026-01-15 10:00:00,2026-02-10 12:00:00
3381,P03381,Colgate Total 12 paquete con 2 piezas,Pasta dental de proteccion integral,74.29,71,1,2026-01-15 10:00:00,2026-02-10 12:00:00
3382,P03382,Kingston NV2 1TB version estandar,Unidad SSD NVMe M.2 de 1 TB,1457.75,192,1,2026-01-15 10:00:00,2026-02-10 12:00:00
3383,P03383,Kingston NV2 1TB version estandar,Unidad SSD NVMe M.2 de 1 TB,1117.48,208,1,2026-01-15 10:00:00,2026-02-10 12:00:00
3384,P03384,Tefal Plancha Ultragliss color blanco,Plancha de vapor para ropa,827.53,60,1,2026-01-15 10:00:00,2026-02-10 12:00:00
3385,P03385,JBL Go 4 version estandar,Bocina portatil Bluetooth,1175.07,272,1,2026-01-15 10:00:00,2026-02-10 12:00:00
3386,P03386,Cinsa Olla de presion 6L modelo 2026,Olla de presion de aluminio de 6 litros,1018.1,229,1,2026-01-15 10:00:00,2026-02-10 12:00:00
3387,P03387,JBL Go 4 modelo 2026,Bocina portatil Bluetooth,1023.87,255,1,2026-01-15 10:00:00,2026-02-10 12:00:00
3388,P03388,JBL Go 4 version estandar,Bocina portatil Bluetooth,1166.06,64,1,2026-01-15 10:00:00,2026-02-10 12:00:00
3389,P03389,Tefal Plancha Ultragliss paquete con 2 piezas,Plancha de vapor para ropa,1000.6,57,1,2026-01-15 10:00:00,2026-02-10 12:00:00
3390,P03390,SanDisk Ultra microSD 128GB version estandar,Tarjeta microSD de 128 GB,369.39,265,1,2026-01-15 10:00:00,2026-02-10 12:00:00
3391,P03391,Colgate Total 12 color blanco,Pasta dental de proteccion integral,50.04,120,1,2026-01-15 10:00:00,2026-02-10 12:00:00
3392,P03392,Logitech G502 Hero color negro,Mouse gamer de alto rendimiento,778.16,99,1,2026-01-15 10:00:00,2026-02-10 12:00:00
3393,P03393,Logitech G502 Hero version estandar,Mouse gamer de alto rendimiento,849.36,4,1,2026-01-15 10:00:00,2026-02-10 12:00:00
3394,P03394,Kingston NV2 1TB color negro,Unidad SSD NVMe M.2 de 1 TB,1452.88,197,1,2026-01-15 10:00:00,2026-02-10 12:00:00
3395,P03395,Sterilite Caja organizadora 40L color negro,Caja plastica con tapa para almacenamiento,366.86,27,1,2026-01-15 10:00:00,2026-02-10 12:00:00
3396,P03396,Gillette Mach3 paquete con 2 piezas,Rastrillo para afeitar con tres hojas,277.15,198,1,2026-01-15 10:00:00,2026-02-10 12:00:00
3397,P03397,Gillette Mach3 presentacion familiar,Rastrillo para afeitar con tres hojas,193.15,138,1,2026-01-15 10:00:00,2026-02-10 12:00:00
3398,P03398,Nike Revolution 7 color negro,Tenis deportivos para entrenamiento,1593.38,151,1,2026-01-15 10:00:00,2026-02-10 12:00:00
3399,P03399,Nike Revolution 7 version estandar,Tenis deportivos para entrenamiento,1677.66,212,1,2026-01-15 10:00:00,2026-02-10 12:00:00
3400,P03400,Cinsa Olla de presion 6L color negro,Olla de presion de aluminio de 6 litros,1094.45,130,1,2026-01-15 10:00:00,2026-02-10 12:00:00
3401,P03401,Logitech G502 Hero color blanco,Mouse gamer de alto rendimiento,732.99,0,1,2026-01-15 10:00:00,2026-02-10 12:00:00
3402,P03402,Tefal Plancha Ultragliss version estandar,Plancha de vapor para ropa,982.58,179,1,2026-01-15 10:00:00,2026-02-10 12:00:00
3403,P03403,Tefal Plancha Ultragliss modelo 2026,Plancha de vapor para ropa,1050.89,38,1,2026-01-15 10:00:00,2026-02-10 12:00:00
3404,P03404,Sterilite Caja organizadora 40L edicion especial,Caja plastica con tapa para almacenamiento,378.12,46,1,2026-01-15 10:00:00,2026-02-10 12:00:00
3405,P03405,Sterilite Caja organizadora 40L color blanco,Caja plastica con tapa para almacenamiento,359.26,273,1,2026-01-15 10:00:00,2026-02-10 12:00:00
3406,P03406,Nike Revolution 7 presentacion familiar,Tenis deportivos para entrenamiento,1843.44,72,1,2026-01-15 10:00:00,2026-02-10 12:00:00
3407,P03407,Tefal Plancha Ultragliss color blanco,Plancha de vapor para ropa,1172.42,161,1,2026-01-15 10:00:00,2026-02-10 12:00:00
3408,P03408,Cinsa Olla de presion 6L edicion especial,Olla de presion de aluminio de 6 litros,1173.15,0,0,2026-01-15 10:00:00,2026-02-10 12:00:00
3409,P03409,Cinsa Olla de presion 6L paquete con 2 piezas,Olla de presion de aluminio de 6 litros,858.18,254,1,2026-01-15 10:00:00,2026-02-10 12:00:00
3410,P03410,Gillette Mach3 edicion especial,Rastrillo para afeitar con tres hojas,268.99,250,1,2026-01-15 10:00:00,2026-02-10 12:00:00
3411,P03411,Nike Revolution 7 version estandar,Tenis deportivos para entrenamiento,1642.49,152,1,2026-01-15 10:00:00,2026-02-10 12:00:00
3412,P03412,SanDisk Ultra microSD 128GB presentacion familiar,Tarjeta microSD de 128 GB,365.2,162,1,2026-01-15 10:00:00,2026-02-10 12:00:00
3413,P03413,Tefal Plancha Ultragliss version estandar,Plancha de vapor para ropa,1137.05,29,1,2026-01-15 10:00:00,2026-02-10 12:00:00
3414,P03414,Tefal Plancha Ultragliss presentacion familiar,Plancha de vapor para ropa,1126.99,178,1,2026-01-15 10:00:00,2026-02-10 12:00:00
3415,P03415,Sterilite Caja organizadora 40L presentacion familiar,Caja plastica con tapa para almacenamiento,362.26,121,1,2026-01-15 10:00:00,2026-02-10 12:00:00
3416,P03416,Logitech G502 Hero version estandar,Mouse gamer de alto rendimiento,709.49,211,1,2026-01-15 10:00:00,2026-02-10 12:00:00
3417,P03417,Colgate Total 12 color blanco,Pasta dental de proteccion integral,83.99,108,1,2026-01-15 10:00:00,2026-02-10 12:00:00
3418,P03418,Tefal Plancha Ultragliss version estandar,Plancha de vapor para ropa,1091.47,137,1,2026-01-15 10:00:00,2026-02-10 12:00:00
3419,P03419,Nike Revolution 7 presentacion familiar,Tenis deportivos para entrenamiento,1501.95,220,1,2026-01-15 10:00:00,2026-02-10 12:00:00
3420,P03420,Kingston NV2 1TB color negro,Unidad SSD NVMe M.2 de 1 TB,1068.41,260,1,2026-01-15 10:00:00,2026-02-10 12:00:00
3421,P03421,Cinsa Olla de presion 6L color blanco,Olla de presion de aluminio de 6 litros,1057.78,31,1,2026-01-15 10:00:00,2026-02-10 12:00:00
3422,P03422,Gillette Mach3 color blanco,Rastrillo para afeitar con tres hojas,256.35,0,0,2026-01-15 10:00:00,2026-02-10 12:00:00
3423,P03423,Tefal Plancha Ultragliss presentacion familiar,Plancha de vapor para ropa,1150.06,253,1,2026-01-15 10:00:00,2026-02-10 12:00:00
3424,P03424,SanDisk Ultra microSD 128GB color blanco,Tarjeta microSD de 128 GB,320.31,96,1,2026-01-15 10:00:00,2026-02-10 12:00:00
3425,P03425,Tefal Plancha Ultragliss color blanco,Plancha de vapor para ropa,992.58,100,1,2026-01-15 10:00:00,2026-02-10 12:00:00
3426,P03426,JBL Go 4 color blanco,Bocina portatil Bluetooth,998.81,203,1,2026-01-15 10:00:00,2026-02-10 12:00:00
3427,P03427,SanDisk Ultra microSD 128GB paquete con 2 piezas,Tarjeta microSD de 128 GB,317.32,32,1,2026-01-15 10:00:00,2026-02-10 12:00:00
3428,P03428,Gillette Mach3 version estandar,Rastrillo para afeitar con tres hojas,154.15,300,1,2026-01-15 10:00:00,2026-02-10 12:00:00
3429,P03429,Sterilite Caja organizadora 40L paquete con 2 piezas,Caja plastica con tapa para almacenamiento,431.59,226,1,2026-01-15 10:00:00,2026-02-10 12:00:00
3430,P03430,Logitech G502 Hero modelo 2026,Mouse gamer de alto rendimiento,990.01,55,1,2026-01-15 10:00:00,2026-02-10 12:00:00
3431,P03431,Colgate Total 12 presentacion familiar,Pasta dental de proteccion integral,50.67,66,1,2026-01-15 10:00:00,2026-02-10 12:00:00
3432,P03432,Nike Revolution 7 modelo 2026,Tenis deportivos para entrenamiento,1816.8,49,1,2026-01-15 10:00:00,2026-02-10 12:00:00
3433,P03433,Tefal Plancha Ultragliss version estandar,Plancha de vapor para ropa,1114.72,257,1,2026-01-15 10:00:00,2026-02-10 12:00:00
3434,P03434,Colgate Total 12 edicion especial,Pasta dental de proteccion integral,87.82,6,0,2026-01-15 10:00:00,2026-02-10 12:00:00
3435,P03435,JBL Go 4 modelo 2026,Bocina portatil Bluetooth,1158.5,78,1,2026-01-15 10:00:00,2026-02-10 12:00:00
3436,P03436,Nike Revolution 7 paquete con 2 piezas,Tenis deportivos para entrenamiento,1674.19,17,1,2026-01-15 10:00:00,2026-02-10 12:00:00
3437,P03437,Nike Revolution 7 presentacion familiar,Tenis deportivos para entrenamiento,1606.5,296,1,2026-01-15 10:00:00,2026-02-10 12:00:00
3438,P03438,Sterilite Caja organizadora 40L version estandar,Caja plastica con tapa para almacenamiento,421.81,46,1,2026-01-15 10:00:00,2026-02-10 12:00:00
3439,P03439,Kingston NV2 1TB modelo 2026,Unidad SSD NVMe M.2 de 1 TB,1200.56,289,1,2026-01-15 10:00:00,2026-02-10 12:00:00
3440,P03440,Gillette Mach3 color negro,Rastrillo para afeitar con tres hojas,265.15,241,1,2026-01-15 10:00:00,2026-02-10 12:00:00
3441,P03441,Kingston NV2 1TB modelo 2026,Unidad SSD NVMe M.2 de 1 TB,1337.94,155,1,2026-01-15 10:00:00,2026-02-10 12:00:00
3442,P03442,Cinsa Olla de presion 6L version estandar,Olla de presion de aluminio de 6 litros,900.92,145,1,2026-01-15 10:00:00,2026-02-10 12:00:00
3443,P03443,Logitech G502 Hero version estandar,Mouse gamer de alto rendimiento,895.35,273,1,2026-01-15 10:00:00,2026-02-10 12:00:00
3444,P03444,Gillette Mach3 color blanco,Rastrillo para afeitar con tres hojas,267.82,221,1,2026-01-15 10:00:00,2026-02-10 12:00:00
3445,P03445,Sterilite Caja organizadora 40L paquete con 2 piezas,Caja plastica con tapa para almacenamiento,444.46,167,1,2026-01-15 10:00:00,2026-02-10 12:00:00
3446,P03446,SanDisk Ultra microSD 128GB paquete con 2 piezas,Tarjeta microSD de 128 GB,372.71,2,1,2026-01-15 10:00:00,2026-02-10 12:00:00
3447,P03447,Colgate Total 12 version estandar,Pasta dental de proteccion integral,93.76,106,1,2026-01-15 10:00:00,2026-02-10 12:00:00
3448,P03448,Gillette Mach3 version estandar,Rastrillo para afeitar con tres hojas,241.05,282,1,2026-01-15 10:00:00,2026-02-10 12:00:00
3449,P03449,Nike Revolution 7 color blanco,Tenis deportivos para entrenamiento,1723.79,178,1,2026-01-15 10:00:00,2026-02-10 12:00:00
3450,P03450,Sterilite Caja organizadora 40L color blanco,Caja plastica con tapa para almacenamiento,332.89,242,1,2026-01-15 10:00:00,2026-02-10 12:00:00
3451,P03451,Colgate Total 12 presentacion familiar,Pasta dental de proteccion integral,68.03,275,1,2026-01-15 10:00:00,2026-02-10 12:00:00
3452,P03452,Logitech G502 Hero presentacion familiar,Mouse gamer de alto rendimiento,848.57,261,1,2026-01-15 10:00:00,2026-02-10 12:00:00
3453,P03453,Colgate Total 12 paquete con 2 piezas,Pasta dental de proteccion integral,92.97,254,1,2026-01-15 10:00:00,2026-02-10 12:00:00
3454,P03454,Kingston NV2 1TB edicion especial,Unidad SSD NVMe M.2 de 1 TB,1050.4,227,1,2026-01-15 10:00:00,2026-02-10 12:00:00
3455,P03455,Colgate Total 12 modelo 2026,Pasta dental de proteccion integral,73.69,296,1,2026-01-15 10:00:00,2026-02-10 12:00:00
3456,P03456,SanDisk Ultra microSD 128GB presentacion familiar,Tarjeta microSD de 128 GB,377.07,295,1,2026-01-15 10:00:00,2026-02-10 12:00:00
3457,P03457,Nike Revolution 7 color blanco,Tenis deportivos para entrenamiento,1664.67,285,1,2026-01-15 10:00:00,2026-02-10 12:00:00
3458,P03458,JBL Go 4 presentacion familiar,Bocina portatil Bluetooth,913.47,84,1,2026-01-15 10:00:00,2026-02-10 12:00:00
3459,P03459,JBL Go 4 color negro,Bocina portatil Bluetooth,1152.36,31,1,2026-01-15 10:00:00,2026-02-10 12:00:00
3460,P03460,JBL Go 4 presentacion familiar,Bocina portatil Bluetooth,1267.75,187,1,2026-01-15 10:00:00,2026-02-10 12:00:00
3461,P03461,Logitech G502 Hero presentacion familiar,Mouse gamer de alto rendimiento,975.95,259,1,2026-01-15 10:00:00,2026-02-10 12:00:00
3462,P03462,Tefal Plancha Ultragliss color negro,Plancha de vapor para ropa,1091.49,102,1,2026-01-15 10:00:00,2026-02-10 12:00:00
3463,P03463,Nike Revolution 7 edicion especial,Tenis deportivos para entrenamiento,2147.66,33,1,2026-01-15 10:00:00,2026-02-10 12:00:00
3464,P03464,JBL Go 4 edicion especial,Bocina portatil Bluetooth,1071.65,163,1,2026-01-15 10:00:00,2026-02-10 12:00:00
3465,P03465,Kingston NV2 1TB version estandar,Unidad SSD NVMe M.2 de 1 TB,1016.64,3,1,2026-01-15 10:00:00,2026-02-10 12:00:00
3466,P03466,JBL Go 4 version estandar,Bocina portatil Bluetooth,1109.45,48,1,2026-01-15 10:00:00,2026-02-10 12:00:00
3467,P03467,Tefal Plancha Ultragliss version estandar,Plancha de vapor para ropa,983.07,262,1,2026-01-15 10:00:00,2026-02-10 12:00:00
3468,P03468,Logitech G502 Hero version estandar,Mouse gamer de alto rendimiento,930.43,210,1,2026-01-15 10:00:00,2026-02-10 12:00:00
3469,P03469,Nike Revolution 7 color blanco,Tenis deportivos para entrenamiento,1760.51,131,1,2026-01-15 10:00:00,2026-02-10 12:00:00
3470,P03470,Logitech G502 Hero edicion especial,Mouse gamer de alto rendimiento,747.67,72,1,2026-01-15 10:00:00,2026-02-10 12:00:00
3471,P03471,Nike Revolution 7 presentacion familiar,Tenis deportivos para entrenamiento,2131.13,65,1,2026-01-15 10:00:00,2026-02-10 12:00:00
3472,P03472,Logitech G502 Hero color blanco,Mouse gamer de alto rendimiento,1059.9,97,1,2026-01-15 10:00:00,2026-02-10 12:00:00
3473,P03473,Gillette Mach3 color blanco,Rastrillo para afeitar con tres hojas,161.92,17,1,2026-01-15 10:00:00,2026-02-10 12:00:00
3474,P03474,Logitech G502 Hero color negro,Mouse gamer de alto rendimiento,925.46,180,1,2026-01-15 10:00:00,2026-02-10 12:00:00
3475,P03475,Cinsa Olla de presion 6L modelo 2026,Olla de presion de aluminio de 6 litros,1174.34,109,1,2026-01-15 10:00:00,2026-02-10 12:00:00
3476,P03476,Kingston NV2 1TB edicion especial,Unidad SSD NVMe M.2 de 1 TB,1439.98,80,1,2026-01-15 10:00:00,2026-02-10 12:00:00
3477,P03477,SanDisk Ultra microSD 128GB version estandar,Tarjeta microSD de 128 GB,333.97,165,1,2026-01-15 10:00:00,2026-02-10 12:00:00
3478,P03478,Gillette Mach3 presentacion familiar,Rastrillo para afeitar con tres hojas,186.96,273,1,2026-01-15 10:00:00,2026-02-10 12:00:00
3479,P03479,Logitech G502 Hero color negro,Mouse gamer de alto rendimiento,1078.61,106,1,2026-01-15 10:00:00,2026-02-10 12:00:00
3480,P03480,Tefal Plancha Ultragliss version estandar,Plancha de vapor para ropa,896.59,212,1,2026-01-15 10:00:00,2026-02-10 12:00:00
3481,P03481,JBL Go 4 presentacion familiar,Bocina portatil Bluetooth,1213.11,37,1,2026-01-15 10:00:00,2026-02-10 12:00:00
3482,P03482,Kingston NV2 1TB edicion especial,Unidad SSD NVMe M.2 de 1 TB,1395.57,20,1,2026-01-15 10:00:00,2026-02-10 12:00:00
3483,P03483,JBL Go 4 color negro,Bocina portatil Bluetooth,1008.46,85,1,2026-01-15 10:00:00,2026-02-10 12:00:00
3484,P03484,Tefal Plancha Ultragliss color negro,Plancha de vapor para ropa,1187.59,127,1,2026-01-15 10:00:00,2026-02-10 12:00:00
3485,P03485,Cinsa Olla de presion 6L modelo 2026,Olla de presion de aluminio de 6 litros,1146.97,152,1,2026-01-15 10:00:00,2026-02-10 12:00:00
3486,P03486,SanDisk Ultra microSD 128GB version estandar,Tarjeta microSD de 128 GB,289.87,296,1,2026-01-15 10:00:00,2026-02-10 12:00:00
3487,P03487,Colgate Total 12 paquete con 2 piezas,Pasta dental de proteccion integral,57.26,41,1,2026-01-15 10:00:00,2026-02-10 12:00:00
3488,P03488,Nike Revolution 7 paquete con 2 piezas,Tenis deportivos para entrenamiento,1568.12,258,1,2026-01-15 10:00:00,2026-02-10 12:00:00
3489,P03489,JBL Go 4 paquete con 2 piezas,Bocina portatil Bluetooth,1245.99,40,1,2026-01-15 10:00:00,2026-02-10 12:00:00
3490,P03490,Colgate Total 12 color negro,Pasta dental de proteccion integral,52.37,250,1,2026-01-15 10:00:00,2026-02-10 12:00:00
3491,P03491,Colgate Total 12 edicion especial,Pasta dental de proteccion integral,55.76,85,1,2026-01-15 10:00:00,2026-02-10 12:00:00
3492,P03492,Nike Revolution 7 color blanco,Tenis deportivos para entrenamiento,1762.74,47,1,2026-01-15 10:00:00,2026-02-10 12:00:00
3493,P03493,Nike Revolution 7 edicion especial,Tenis deportivos para entrenamiento,1613.57,261,1,2026-01-15 10:00:00,2026-02-10 12:00:00
3494,P03494,JBL Go 4 color negro,Bocina portatil Bluetooth,1057.35,44,1,2026-01-15 10:00:00,2026-02-10 12:00:00
3495,P03495,Nike Revolution 7 color negro,Tenis deportivos para entrenamiento,1847.37,14,1,2026-01-15 10:00:00,2026-02-10 12:00:00
3496,P03496,SanDisk Ultra microSD 128GB modelo 2026,Tarjeta microSD de 128 GB,284.5,67,1,2026-01-15 10:00:00,2026-02-10 12:00:00
3497,P03497,Colgate Total 12 version estandar,Pasta dental de proteccion integral,91.28,91,1,2026-01-15 10:00:00,2026-02-10 12:00:00
3498,P03498,Nike Revolution 7 color negro,Tenis deportivos para entrenamiento,2016.1,130,1,2026-01-15 10:00:00,2026-02-10 12:00:00
3499,P03499,Tefal Plancha Ultragliss presentacion familiar,Plancha de vapor para ropa,1154.19,246,1,2026-01-15 10:00:00,2026-02-10 12:00:00
3500,P03500,Kingston NV2 1TB color blanco,Unidad SSD NVMe M.2 de 1 TB,1075.1,200,1,2026-01-15 10:00:00,2026-02-10 12:00:00
3501,P03501,Sterilite Caja organizadora 40L color blanco,Caja plastica con tapa para almacenamiento,283.48,94,1,2026-01-15 10:00:00,2026-02-10 12:00:00
3502,P03502,Gillette Mach3 paquete con 2 piezas,Rastrillo para afeitar con tres hojas,212.94,218,1,2026-01-15 10:00:00,2026-02-10 12:00:00
3503,P03503,Nike Revolution 7 color negro,Tenis deportivos para entrenamiento,1686.94,267,1,2026-01-15 10:00:00,2026-02-10 12:00:00
3504,P03504,Kingston NV2 1TB color blanco,Unidad SSD NVMe M.2 de 1 TB,1230.39,291,1,2026-01-15 10:00:00,2026-02-10 12:00:00
3505,P03505,Kingston NV2 1TB color blanco,Unidad SSD NVMe M.2 de 1 TB,1305.28,126,1,2026-01-15 10:00:00,2026-02-10 12:00:00
3506,P03506,Cinsa Olla de presion 6L presentacion familiar,Olla de presion de aluminio de 6 litros,907.27,291,1,2026-01-15 10:00:00,2026-02-10 12:00:00
3507,P03507,Sterilite Caja organizadora 40L color negro,Caja plastica con tapa para almacenamiento,269.82,121,1,2026-01-15 10:00:00,2026-02-10 12:00:00
3508,P03508,Nike Revolution 7 modelo 2026,Tenis deportivos para entrenamiento,2138.82,267,1,2026-01-15 10:00:00,2026-02-10 12:00:00
3509,P03509,Colgate Total 12 color negro,Pasta dental de proteccion integral,62.62,115,1,2026-01-15 10:00:00,2026-02-10 12:00:00
3510,P03510,SanDisk Ultra microSD 128GB color blanco,Tarjeta microSD de 128 GB,276.25,133,1,2026-01-15 10:00:00,2026-02-10 12:00:00
3511,P03511,Logitech G502 Hero presentacion familiar,Mouse gamer de alto rendimiento,886.47,52,1,2026-01-15 10:00:00,2026-02-10 12:00:00
3512,P03512,Tefal Plancha Ultragliss color negro,Plancha de vapor para ropa,869.47,177,1,2026-01-15 10:00:00,2026-02-10 12:00:00
3513,P03513,Tefal Plancha Ultragliss color blanco,Plancha de vapor para ropa,1022.37,103,1,2026-01-15 10:00:00,2026-02-10 12:00:00
3514,P03514,SanDisk Ultra microSD 128GB color negro,Tarjeta microSD de 128 GB,329.21,217,1,2026-01-15 10:00:00,2026-02-10 12:00:00
3515,P03515,Sterilite Caja organizadora 40L version estandar,Caja plastica con tapa para almacenamiento,332.38,96,1,2026-01-15 10:00:00,2026-02-10 12:00:00
3516,P03516,Logitech G502 Hero presentacion familiar,Mouse gamer de alto rendimiento,1050.7,79,1,2026-01-15 10:00:00,2026-02-10 12:00:00
3517,P03517,Nike Revolution 7 version estandar,Tenis deportivos para entrenamiento,1667.58,129,1,2026-01-15 10:00:00,2026-02-10 12:00:00
3518,P03518,Sterilite Caja organizadora 40L presentacion familiar,Caja plastica con tapa para almacenamiento,361.71,104,1,2026-01-15 10:00:00,2026-02-10 12:00:00
3519,P03519,Sterilite Caja organizadora 40L paquete con 2 piezas,Caja plastica con tapa para almacenamiento,307.36,10,1,2026-01-15 10:00:00,2026-02-10 12:00:00
3520,P03520,Gillette Mach3 version estandar,Rastrillo para afeitar con tres hojas,290.37,166,1,2026-01-15 10:00:00,2026-02-10 12:00:00
3521,P03521,Colgate Total 12 color negro,Pasta dental de proteccion integral,96.52,5,1,2026-01-15 10:00:00,2026-02-10 12:00:00
3522,P03522,Tefal Plancha Ultragliss color blanco,Plancha de vapor para ropa,921.35,159,1,2026-01-15 10:00:00,2026-02-10 12:00:00
3523,P03523,Colgate Total 12 color blanco,Pasta dental de proteccion integral,69.3,257,1,2026-01-15 10:00:00,2026-02-10 12:00:00
3524,P03524,JBL Go 4 color blanco,Bocina portatil Bluetooth,989.52,61,1,2026-01-15 10:00:00,2026-02-10 12:00:00
3525,P03525,SanDisk Ultra microSD 128GB paquete con 2 piezas,Tarjeta microSD de 128 GB,341.47,224,1,2026-01-15 10:00:00,2026-02-10 12:00:00
3526,P03526,Nike Revolution 7 edicion especial,Tenis deportivos para entrenamiento,1689.74,62,1,2026-01-15 10:00:00,2026-02-10 12:00:00
3527,P03527,Colgate Total 12 paquete con 2 piezas,Pasta dental de proteccion integral,64.95,148,1,2026-01-15 10:00:00,2026-02-10 12:00:00
3528,P03528,Cinsa Olla de presion 6L modelo 2026,Olla de presion de aluminio de 6 litros,1184.13,178,1,2026-01-15 10:00:00,2026-02-10 12:00:00
3529,P03529,Sterilite Caja organizadora 40L paquete con 2 piezas,Caja plastica con tapa para almacenamiento,246.2,284,1,2026-01-15 10:00:00,2026-02-10 12:00:00
3530,P03530,Kingston NV2 1TB paquete con 2 piezas,Unidad SSD NVMe M.2 de 1 TB,1430.25,96,1,2026-01-15 10:00:00,2026-02-10 12:00:00
3531,P03531,Cinsa Olla de presion 6L paquete con 2 piezas,Olla de presion de aluminio de 6 litros,963.63,207,1,2026-01-15 10:00:00,2026-02-10 12:00:00
3532,P03532,Logitech G502 Hero color blanco,Mouse gamer de alto rendimiento,968.76,136,1,2026-01-15 10:00:00,2026-02-10 12:00:00
3533,P03533,Nike Revolution 7 version estandar,Tenis deportivos para entrenamiento,2007.81,65,1,2026-01-15 10:00:00,2026-02-10 12:00:00
3534,P03534,SanDisk Ultra microSD 128GB color negro,Tarjeta microSD de 128 GB,377.42,99,1,2026-01-15 10:00:00,2026-02-10 12:00:00
3535,P03535,Colgate Total 12 color negro,Pasta dental de proteccion integral,97.13,94,1,2026-01-15 10:00:00,2026-02-10 12:00:00
3536,P03536,Colgate Total 12 color negro,Pasta dental de proteccion integral,70.61,12,1,2026-01-15 10:00:00,2026-02-10 12:00:00
3537,P03537,Logitech G502 Hero color negro,Mouse gamer de alto rendimiento,735.6,70,1,2026-01-15 10:00:00,2026-02-10 12:00:00
3538,P03538,Sterilite Caja organizadora 40L paquete con 2 piezas,Caja plastica con tapa para almacenamiento,439.84,40,1,2026-01-15 10:00:00,2026-02-10 12:00:00
3539,P03539,SanDisk Ultra microSD 128GB version estandar,Tarjeta microSD de 128 GB,342.85,187,1,2026-01-15 10:00:00,2026-02-10 12:00:00
3540,P03540,Gillette Mach3 modelo 2026,Rastrillo para afeitar con tres hojas,186.98,230,1,2026-01-15 10:00:00,2026-02-10 12:00:00
3541,P03541,Tefal Plancha Ultragliss color negro,Plancha de vapor para ropa,1071.83,215,1,2026-01-15 10:00:00,2026-02-10 12:00:00
3542,P03542,Nike Revolution 7 color negro,Tenis deportivos para entrenamiento,1687.44,287,1,2026-01-15 10:00:00,2026-02-10 12:00:00
3543,P03543,JBL Go 4 color negro,Bocina portatil Bluetooth,1014.86,130,1,2026-01-15 10:00:00,2026-02-10 12:00:00
3544,P03544,Kingston NV2 1TB edicion especial,Unidad SSD NVMe M.2 de 1 TB,1349.02,94,1,2026-01-15 10:00:00,2026-02-10 12:00:00
3545,P03545,Nike Revolution 7 version estandar,Tenis deportivos para entrenamiento,1985.89,51,1,2026-01-15 10:00:00,2026-02-10 12:00:00
3546,P03546,Sterilite Caja organizadora 40L edicion especial,Caja plastica con tapa para almacenamiento,364.94,161,1,2026-01-15 10:00:00,2026-02-10 12:00:00
3547,P03547,JBL Go 4 modelo 2026,Bocina portatil Bluetooth,1256.12,10,0,2026-01-15 10:00:00,2026-02-10 12:00:00
3548,P03548,Kingston NV2 1TB paquete con 2 piezas,Unidad SSD NVMe M.2 de 1 TB,1039.27,169,1,2026-01-15 10:00:00,2026-02-10 12:00:00
3549,P03549,Cinsa Olla de presion 6L color negro,Olla de presion de aluminio de 6 litros,1109.71,39,1,2026-01-15 10:00:00,2026-02-10 12:00:00
3550,P03550,Colgate Total 12 paquete con 2 piezas,Pasta dental de proteccion integral,62.64,157,1,2026-01-15 10:00:00,2026-02-10 12:00:00
3551,P03551,Cinsa Olla de presion 6L color negro,Olla de presion de aluminio de 6 litros,1175.77,298,1,2026-01-15 10:00:00,2026-02-10 12:00:00
3552,P03552,Tefal Plancha Ultragliss color negro,Plancha de vapor para ropa,1112.01,178,1,2026-01-15 10:00:00,2026-02-10 12:00:00
3553,P03553,SanDisk Ultra microSD 128GB color negro,Tarjeta microSD de 128 GB,358.5,266,1,2026-01-15 10:00:00,2026-02-10 12:00:00
3554,P03554,Gillette Mach3 color blanco,Rastrillo para afeitar con tres hojas,164.19,56,1,2026-01-15 10:00:00,2026-02-10 12:00:00
3555,P03555,Cinsa Olla de presion 6L paquete con 2 piezas,Olla de presion de aluminio de 6 litros,922.73,256,1,2026-01-15 10:00:00,2026-02-10 12:00:00
3556,P03556,Kingston NV2 1TB color negro,Unidad SSD NVMe M.2 de 1 TB,1092.11,183,1,2026-01-15 10:00:00,2026-02-10 12:00:00
3557,P03557,Kingston NV2 1TB color blanco,Unidad SSD NVMe M.2 de 1 TB,1057.06,230,1,2026-01-15 10:00:00,2026-02-10 12:00:00
3558,P03558,Logitech G502 Hero paquete con 2 piezas,Mouse gamer de alto rendimiento,743.34,66,1,2026-01-15 10:00:00,2026-02-10 12:00:00
3559,P03559,JBL Go 4 modelo 2026,Bocina portatil Bluetooth,1156.07,184,1,2026-01-15 10:00:00,2026-02-10 12:00:00
3560,P03560,Sterilite Caja organizadora 40L edicion especial,Caja plastica con tapa para almacenamiento,429.47,225,1,2026-01-15 10:00:00,2026-02-10 12:00:00
3561,P03561,Cinsa Olla de presion 6L edicion especial,Olla de presion de aluminio de 6 litros,1154.38,123,1,2026-01-15 10:00:00,2026-02-10 12:00:00
3562,P03562,Tefal Plancha Ultragliss paquete con 2 piezas,Plancha de vapor para ropa,994.61,56,1,2026-01-15 10:00:00,2026-02-10 12:00:00
3563,P03563,Colgate Total 12 modelo 2026,Pasta dental de proteccion integral,99.37,128,1,2026-01-15 10:00:00,2026-02-10 12:00:00
3564,P03564,Nike Revolution 7 version estandar,Tenis deportivos para entrenamiento,1704.43,110,1,2026-01-15 10:00:00,2026-02-10 12:00:00
3565,P03565,Colgate Total 12 version estandar,Pasta dental de proteccion integral,89.08,197,1,2026-01-15 10:00:00,2026-02-10 12:00:00
3566,P03566,Sterilite Caja organizadora 40L presentacion familiar,Caja plastica con tapa para almacenamiento,367.2,36,1,2026-01-15 10:00:00,2026-02-10 12:00:00
3567,P03567,Sterilite Caja organizadora 40L edicion especial,Caja plastica con tapa para almacenamiento,311.3,130,1,2026-01-15 10:00:00,2026-02-10 12:00:00
3568,P03568,SanDisk Ultra microSD 128GB edicion especial,Tarjeta microSD de 128 GB,320.02,180,1,2026-01-15 10:00:00,2026-02-10 12:00:00
3569,P03569,SanDisk Ultra microSD 128GB edicion especial,Tarjeta microSD de 128 GB,361.43,237,1,2026-01-15 10:00:00,2026-02-10 12:00:00
3570,P03570,Nike Revolution 7 color negro,Tenis deportivos para entrenamiento,1564.24,5,0,2026-01-15 10:00:00,2026-02-10 12:00:00
3571,P03571,Logitech G502 Hero presentacion familiar,Mouse gamer de alto rendimiento,834.64,58,1,2026-01-15 10:00:00,2026-02-10 12:00:00
3572,P03572,Colgate Total 12 version estandar,Pasta dental de proteccion integral,52.09,106,1,2026-01-15 10:00:00,2026-02-10 12:00:00
3573,P03573,Kingston NV2 1TB color blanco,Unidad SSD NVMe M.2 de 1 TB,1195.82,229,1,2026-01-15 10:00:00,2026-02-10 12:00:00
3574,P03574,Kingston NV2 1TB presentacion familiar,Unidad SSD NVMe M.2 de 1 TB,1047.6,232,1,2026-01-15 10:00:00,2026-02-10 12:00:00
3575,P03575,Sterilite Caja organizadora 40L modelo 2026,Caja plastica con tapa para almacenamiento,204.27,224,1,2026-01-15 10:00:00,2026-02-10 12:00:00
3576,P03576,Gillette Mach3 color negro,Rastrillo para afeitar con tres hojas,180.96,36,1,2026-01-15 10:00:00,2026-02-10 12:00:00
3577,P03577,SanDisk Ultra microSD 128GB presentacion familiar,Tarjeta microSD de 128 GB,292.16,197,1,2026-01-15 10:00:00,2026-02-10 12:00:00
3578,P03578,Tefal Plancha Ultragliss edicion especial,Plancha de vapor para ropa,1145.59,71,1,2026-01-15 10:00:00,2026-02-10 12:00:00
3579,P03579,Sterilite Caja organizadora 40L paquete con 2 piezas,Caja plastica con tapa para almacenamiento,400.15,282,1,2026-01-15 10:00:00,2026-02-10 12:00:00
3580,P03580,SanDisk Ultra microSD 128GB color blanco,Tarjeta microSD de 128 GB,254.02,35,1,2026-01-15 10:00:00,2026-02-10 12:00:00
3581,P03581,JBL Go 4 presentacion familiar,Bocina portatil Bluetooth,931.4,152,1,2026-01-15 10:00:00,2026-02-10 12:00:00
3582,P03582,Gillette Mach3 color negro,Rastrillo para afeitar con tres hojas,163.58,160,1,2026-01-15 10:00:00,2026-02-10 12:00:00
3583,P03583,Colgate Total 12 presentacion familiar,Pasta dental de proteccion integral,55.79,22,1,2026-01-15 10:00:00,2026-02-10 12:00:00
3584,P03584,Gillette Mach3 paquete con 2 piezas,Rastrillo para afeitar con tres hojas,199.42,27,1,2026-01-15 10:00:00,2026-02-10 12:00:00
3585,P03585,Nike Revolution 7 paquete con 2 piezas,Tenis deportivos para entrenamiento,2065.26,183,1,2026-01-15 10:00:00,2026-02-10 12:00:00
3586,P03586,Cinsa Olla de presion 6L version estandar,Olla de presion de aluminio de 6 litros,1140.21,235,1,2026-01-15 10:00:00,2026-02-10 12:00:00
3587,P03587,Cinsa Olla de presion 6L paquete con 2 piezas,Olla de presion de aluminio de 6 litros,1199.27,298,1,2026-01-15 10:00:00,2026-02-10 12:00:00
3588,P03588,Kingston NV2 1TB paquete con 2 piezas,Unidad SSD NVMe M.2 de 1 TB,1220.92,251,1,2026-01-15 10:00:00,2026-02-10 12:00:00
3589,P03589,Colgate Total 12 color blanco,Pasta dental de proteccion integral,67.17,293,1,2026-01-15 10:00:00,2026-02-10 12:00:00
3590,P03590,Sterilite Caja organizadora 40L modelo 2026,Caja plastica con tapa para almacenamiento,211.29,165,1,2026-01-15 10:00:00,2026-02-10 12:00:00
3591,P03591,Logitech G502 Hero color negro,Mouse gamer de alto rendimiento,703.58,146,1,2026-01-15 10:00:00,2026-02-10 12:00:00
3592,P03592,SanDisk Ultra microSD 128GB color negro,Tarjeta microSD de 128 GB,274.33,148,1,2026-01-15 10:00:00,2026-02-10 12:00:00
3593,P03593,Logitech G502 Hero modelo 2026,Mouse gamer de alto rendimiento,726.23,34,1,2026-01-15 10:00:00,2026-02-10 12:00:00
3594,P03594,Cinsa Olla de presion 6L version estandar,Olla de presion de aluminio de 6 litros,806.3,5,0,2026-01-15 10:00:00,2026-02-10 12:00:00
3595,P03595,Kingston NV2 1TB version estandar,Unidad SSD NVMe M.2 de 1 TB,1460.23,252,1,2026-01-15 10:00:00,2026-02-10 12:00:00
3596,P03596,Gillette Mach3 version estandar,Rastrillo para afeitar con tres hojas,223.44,172,1,2026-01-15 10:00:00,2026-02-10 12:00:00
3597,P03597,Kingston NV2 1TB version estandar,Unidad SSD NVMe M.2 de 1 TB,1087.97,278,1,2026-01-15 10:00:00,2026-02-10 12:00:00
3598,P03598,SanDisk Ultra microSD 128GB version estandar,Tarjeta microSD de 128 GB,275.71,51,1,2026-01-15 10:00:00,2026-02-10 12:00:00
3599,P03599,Kingston NV2 1TB modelo 2026,Unidad SSD NVMe M.2 de 1 TB,1177.8,113,1,2026-01-15 10:00:00,2026-02-10 12:00:00
3600,P03600,SanDisk Ultra microSD 128GB version estandar,Tarjeta microSD de 128 GB,298.38,298,1,2026-01-15 10:00:00,2026-02-10 12:00:00
3601,P03601,Tefal Plancha Ultragliss presentacion familiar,Plancha de vapor para ropa,1004.65,27,1,2026-01-15 10:00:00,2026-02-10 12:00:00
3602,P03602,SanDisk Ultra microSD 128GB color negro,Tarjeta microSD de 128 GB,288.4,265,1,2026-01-15 10:00:00,2026-02-10 12:00:00
3603,P03603,SanDisk Ultra microSD 128GB color negro,Tarjeta microSD de 128 GB,319.49,91,1,2026-01-15 10:00:00,2026-02-10 12:00:00
3604,P03604,Cinsa Olla de presion 6L modelo 2026,Olla de presion de aluminio de 6 litros,1153.4,130,1,2026-01-15 10:00:00,2026-02-10 12:00:00
3605,P03605,Tefal Plancha Ultragliss color blanco,Plancha de vapor para ropa,837.09,115,1,2026-01-15 10:00:00,2026-02-10 12:00:00
3606,P03606,Logitech G502 Hero edicion especial,Mouse gamer de alto rendimiento,935,113,1,2026-01-15 10:00:00,2026-02-10 12:00:00
3607,P03607,Nike Revolution 7 color blanco,Tenis deportivos para entrenamiento,2104.31,237,1,2026-01-15 10:00:00,2026-02-10 12:00:00
3608,P03608,Colgate Total 12 modelo 2026,Pasta dental de proteccion integral,93.24,266,1,2026-01-15 10:00:00,2026-02-10 12:00:00
3609,P03609,Gillette Mach3 color blanco,Rastrillo para afeitar con tres hojas,200.3,14,1,2026-01-15 10:00:00,2026-02-10 12:00:00
3610,P03610,Nike Revolution 7 version estandar,Tenis deportivos para entrenamiento,1673.44,169,1,2026-01-15 10:00:00,2026-02-10 12:00:00
3611,P03611,Cinsa Olla de presion 6L version estandar,Olla de presion de aluminio de 6 litros,1040.54,182,1,2026-01-15 10:00:00,2026-02-10 12:00:00
3612,P03612,Nike Revolution 7 color blanco,Tenis deportivos para entrenamiento,1532.48,163,1,2026-01-15 10:00:00,2026-02-10 12:00:00
3613,P03613,Sterilite Caja organizadora 40L color blanco,Caja plastica con tapa para almacenamiento,414.24,135,1,2026-01-15 10:00:00,2026-02-10 12:00:00
3614,P03614,SanDisk Ultra microSD 128GB color blanco,Tarjeta microSD de 128 GB,250.94,281,1,2026-01-15 10:00:00,2026-02-10 12:00:00
3615,P03615,JBL Go 4 presentacion familiar,Bocina portatil Bluetooth,979.34,114,1,2026-01-15 10:00:00,2026-02-10 12:00:00
3616,P03616,Nike Revolution 7 edicion especial,Tenis deportivos para entrenamiento,1656.01,205,1,2026-01-15 10:00:00,2026-02-10 12:00:00
3617,P03617,Nike Revolution 7 modelo 2026,Tenis deportivos para entrenamiento,1661.83,59,1,2026-01-15 10:00:00,2026-02-10 12:00:00
3618,P03618,SanDisk Ultra microSD 128GB color negro,Tarjeta microSD de 128 GB,345.17,36,1,2026-01-15 10:00:00,2026-02-10 12:00:00
3619,P03619,Colgate Total 12 edicion especial,Pasta dental de proteccion integral,61.86,208,1,2026-01-15 10:00:00,2026-02-10 12:00:00
3620,P03620,Logitech G502 Hero color blanco,Mouse gamer de alto rendimiento,903.79,8,1,2026-01-15 10:00:00,2026-02-10 12:00:00
3621,P03621,SanDisk Ultra microSD 128GB presentacion familiar,Tarjeta microSD de 128 GB,360.91,236,1,2026-01-15 10:00:00,2026-02-10 12:00:00
3622,P03622,JBL Go 4 edicion especial,Bocina portatil Bluetooth,954.06,277,1,2026-01-15 10:00:00,2026-02-10 12:00:00
3623,P03623,JBL Go 4 modelo 2026,Bocina portatil Bluetooth,1166.86,59,1,2026-01-15 10:00:00,2026-02-10 12:00:00
3624,P03624,Nike Revolution 7 modelo 2026,Tenis deportivos para entrenamiento,1975.83,21,1,2026-01-15 10:00:00,2026-02-10 12:00:00
3625,P03625,Logitech G502 Hero color negro,Mouse gamer de alto rendimiento,815.72,191,1,2026-01-15 10:00:00,2026-02-10 12:00:00
3626,P03626,Nike Revolution 7 paquete con 2 piezas,Tenis deportivos para entrenamiento,2136.01,86,1,2026-01-15 10:00:00,2026-02-10 12:00:00
3627,P03627,Sterilite Caja organizadora 40L color negro,Caja plastica con tapa para almacenamiento,397.47,210,1,2026-01-15 10:00:00,2026-02-10 12:00:00
3628,P03628,SanDisk Ultra microSD 128GB color blanco,Tarjeta microSD de 128 GB,322.4,187,1,2026-01-15 10:00:00,2026-02-10 12:00:00
3629,P03629,Cinsa Olla de presion 6L edicion especial,Olla de presion de aluminio de 6 litros,1013.51,127,1,2026-01-15 10:00:00,2026-02-10 12:00:00
3630,P03630,JBL Go 4 color blanco,Bocina portatil Bluetooth,1087.04,4,0,2026-01-15 10:00:00,2026-02-10 12:00:00
3631,P03631,Kingston NV2 1TB color blanco,Unidad SSD NVMe M.2 de 1 TB,1126.15,291,1,2026-01-15 10:00:00,2026-02-10 12:00:00
3632,P03632,Logitech G502 Hero color negro,Mouse gamer de alto rendimiento,1026.6,167,1,2026-01-15 10:00:00,2026-02-10 12:00:00
3633,P03633,Colgate Total 12 presentacion familiar,Pasta dental de proteccion integral,62.81,66,1,2026-01-15 10:00:00,2026-02-10 12:00:00
3634,P03634,SanDisk Ultra microSD 128GB presentacion familiar,Tarjeta microSD de 128 GB,272.62,40,1,2026-01-15 10:00:00,2026-02-10 12:00:00
3635,P03635,JBL Go 4 presentacion familiar,Bocina portatil Bluetooth,1151.96,233,1,2026-01-15 10:00:00,2026-02-10 12:00:00
3636,P03636,JBL Go 4 modelo 2026,Bocina portatil Bluetooth,1073.07,30,1,2026-01-15 10:00:00,2026-02-10 12:00:00
3637,P03637,Gillette Mach3 presentacion familiar,Rastrillo para afeitar con tres hojas,207.6,53,1,2026-01-15 10:00:00,2026-02-10 12:00:00
3638,P03638,Kingston NV2 1TB modelo 2026,Unidad SSD NVMe M.2 de 1 TB,1009.71,77,1,2026-01-15 10:00:00,2026-02-10 12:00:00
3639,P03639,Kingston NV2 1TB edicion especial,Unidad SSD NVMe M.2 de 1 TB,1287.29,57,1,2026-01-15 10:00:00,2026-02-10 12:00:00
3640,P03640,Colgate Total 12 version estandar,Pasta dental de proteccion integral,90.56,296,1,2026-01-15 10:00:00,2026-02-10 12:00:00
3641,P03641,Logitech G502 Hero paquete con 2 piezas,Mouse gamer de alto rendimiento,975.81,276,1,2026-01-15 10:00:00,2026-02-10 12:00:00
3642,P03642,Kingston NV2 1TB version estandar,Unidad SSD NVMe M.2 de 1 TB,1389.94,130,1,2026-01-15 10:00:00,2026-02-10 12:00:00
3643,P03643,SanDisk Ultra microSD 128GB version estandar,Tarjeta microSD de 128 GB,254.55,255,1,2026-01-15 10:00:00,2026-02-10 12:00:00
3644,P03644,Nike Revolution 7 paquete con 2 piezas,Tenis deportivos para entrenamiento,1963.22,200,1,2026-01-15 10:00:00,2026-02-10 12:00:00
3645,P03645,Tefal Plancha Ultragliss paquete con 2 piezas,Plancha de vapor para ropa,1169.6,269,1,2026-01-15 10:00:00,2026-02-10 12:00:00
3646,P03646,JBL Go 4 modelo 2026,Bocina portatil Bluetooth,1020.63,11,1,2026-01-15 10:00:00,2026-02-10 12:00:00
3647,P03647,Gillette Mach3 color blanco,Rastrillo para afeitar con tres hojas,291.74,256,1,2026-01-15 10:00:00,2026-02-10 12:00:00
3648,P03648,JBL Go 4 color blanco,Bocina portatil Bluetooth,1091.52,40,1,2026-01-15 10:00:00,2026-02-10 12:00:00
3649,P03649,Kingston NV2 1TB modelo 2026,Unidad SSD NVMe M.2 de 1 TB,1401.1,87,1,2026-01-15 10:00:00,2026-02-10 12:00:00
3650,P03650,Logitech G502 Hero edicion especial,Mouse gamer de alto rendimiento,1049.89,192,1,2026-01-15 10:00:00,2026-02-10 12:00:00
3651,P03651,Kingston NV2 1TB color blanco,Unidad SSD NVMe M.2 de 1 TB,1397.57,291,1,2026-01-15 10:00:00,2026-02-10 12:00:00
3652,P03652,Tefal Plancha Ultragliss paquete con 2 piezas,Plancha de vapor para ropa,967.7,11,1,2026-01-15 10:00:00,2026-02-10 12:00:00
3653,P03653,Nike Revolution 7 color blanco,Tenis deportivos para entrenamiento,1953.6,152,1,2026-01-15 10:00:00,2026-02-10 12:00:00
3654,P03654,SanDisk Ultra microSD 128GB color blanco,Tarjeta microSD de 128 GB,335.66,100,1,2026-01-15 10:00:00,2026-02-10 12:00:00
3655,P03655,Nike Revolution 7 modelo 2026,Tenis deportivos para entrenamiento,2122.4,68,1,2026-01-15 10:00:00,2026-02-10 12:00:00
3656,P03656,JBL Go 4 color blanco,Bocina portatil Bluetooth,1283.85,127,1,2026-01-15 10:00:00,2026-02-10 12:00:00
3657,P03657,Nike Revolution 7 color blanco,Tenis deportivos para entrenamiento,1926.62,58,1,2026-01-15 10:00:00,2026-02-10 12:00:00
3658,P03658,JBL Go 4 version estandar,Bocina portatil Bluetooth,1198.77,8,0,2026-01-15 10:00:00,2026-02-10 12:00:00
3659,P03659,Kingston NV2 1TB modelo 2026,Unidad SSD NVMe M.2 de 1 TB,1232.34,253,1,2026-01-15 10:00:00,2026-02-10 12:00:00
3660,P03660,SanDisk Ultra microSD 128GB edicion especial,Tarjeta microSD de 128 GB,378.79,174,1,2026-01-15 10:00:00,2026-02-10 12:00:00
3661,P03661,Logitech G502 Hero color blanco,Mouse gamer de alto rendimiento,926.35,93,1,2026-01-15 10:00:00,2026-02-10 12:00:00
3662,P03662,Logitech G502 Hero color negro,Mouse gamer de alto rendimiento,829.42,21,1,2026-01-15 10:00:00,2026-02-10 12:00:00
3663,P03663,JBL Go 4 edicion especial,Bocina portatil Bluetooth,1006.61,188,1,2026-01-15 10:00:00,2026-02-10 12:00:00
3664,P03664,Colgate Total 12 paquete con 2 piezas,Pasta dental de proteccion integral,65.97,298,1,2026-01-15 10:00:00,2026-02-10 12:00:00
3665,P03665,SanDisk Ultra microSD 128GB paquete con 2 piezas,Tarjeta microSD de 128 GB,349.02,169,1,2026-01-15 10:00:00,2026-02-10 12:00:00
3666,P03666,Kingston NV2 1TB modelo 2026,Unidad SSD NVMe M.2 de 1 TB,1253.56,48,1,2026-01-15 10:00:00,2026-02-10 12:00:00
3667,P03667,Colgate Total 12 paquete con 2 piezas,Pasta dental de proteccion integral,55.53,80,1,2026-01-15 10:00:00,2026-02-10 12:00:00
3668,P03668,Cinsa Olla de presion 6L edicion especial,Olla de presion de aluminio de 6 litros,1002.92,51,1,2026-01-15 10:00:00,2026-02-10 12:00:00
3669,P03669,Gillette Mach3 modelo 2026,Rastrillo para afeitar con tres hojas,232.57,287,1,2026-01-15 10:00:00,2026-02-10 12:00:00
3670,P03670,SanDisk Ultra microSD 128GB presentacion familiar,Tarjeta microSD de 128 GB,375.47,47,1,2026-01-15 10:00:00,2026-02-10 12:00:00
3671,P03671,Kingston NV2 1TB presentacion familiar,Unidad SSD NVMe M.2 de 1 TB,1484.53,277,1,2026-01-15 10:00:00,2026-02-10 12:00:00
3672,P03672,JBL Go 4 version estandar,Bocina portatil Bluetooth,1151.54,31,1,2026-01-15 10:00:00,2026-02-10 12:00:00
3673,P03673,SanDisk Ultra microSD 128GB edicion especial,Tarjeta microSD de 128 GB,320.78,53,1,2026-01-15 10:00:00,2026-02-10 12:00:00
3674,P03674,Nike Revolution 7 version estandar,Tenis deportivos para entrenamiento,1748.14,92,1,2026-01-15 10:00:00,2026-02-10 12:00:00
3675,P03675,JBL Go 4 version estandar,Bocina portatil Bluetooth,1177.16,224,1,2026-01-15 10:00:00,2026-02-10 12:00:00
3676,P03676,Colgate Total 12 presentacion familiar,Pasta dental de proteccion integral,98.33,293,1,2026-01-15 10:00:00,2026-02-10 12:00:00
3677,P03677,Logitech G502 Hero presentacion familiar,Mouse gamer de alto rendimiento,937.68,0,1,2026-01-15 10:00:00,2026-02-10 12:00:00
3678,P03678,SanDisk Ultra microSD 128GB modelo 2026,Tarjeta microSD de 128 GB,288.82,96,1,2026-01-15 10:00:00,2026-02-10 12:00:00
3679,P03679,Tefal Plancha Ultragliss paquete con 2 piezas,Plancha de vapor para ropa,841.93,190,1,2026-01-15 10:00:00,2026-02-10 12:00:00
3680,P03680,Tefal Plancha Ultragliss modelo 2026,Plancha de vapor para ropa,885.35,180,1,2026-01-15 10:00:00,2026-02-10 12:00:00
3681,P03681,Gillette Mach3 color blanco,Rastrillo para afeitar con tres hojas,244.83,5,0,2026-01-15 10:00:00,2026-02-10 12:00:00
3682,P03682,SanDisk Ultra microSD 128GB color negro,Tarjeta microSD de 128 GB,293.9,73,1,2026-01-15 10:00:00,2026-02-10 12:00:00
3683,P03683,JBL Go 4 color blanco,Bocina portatil Bluetooth,1067.86,27,1,2026-01-15 10:00:00,2026-02-10 12:00:00
3684,P03684,Tefal Plancha Ultragliss paquete con 2 piezas,Plancha de vapor para ropa,861.66,299,1,2026-01-15 10:00:00,2026-02-10 12:00:00
3685,P03685,Logitech G502 Hero version estandar,Mouse gamer de alto rendimiento,1024.29,189,1,2026-01-15 10:00:00,2026-02-10 12:00:00
3686,P03686,JBL Go 4 color blanco,Bocina portatil Bluetooth,1250.96,64,1,2026-01-15 10:00:00,2026-02-10 12:00:00
3687,P03687,Nike Revolution 7 version estandar,Tenis deportivos para entrenamiento,1514.93,75,1,2026-01-15 10:00:00,2026-02-10 12:00:00
3688,P03688,Colgate Total 12 color blanco,Pasta dental de proteccion integral,86.17,144,1,2026-01-15 10:00:00,2026-02-10 12:00:00
3689,P03689,Cinsa Olla de presion 6L modelo 2026,Olla de presion de aluminio de 6 litros,847.27,100,1,2026-01-15 10:00:00,2026-02-10 12:00:00
3690,P03690,Logitech G502 Hero modelo 2026,Mouse gamer de alto rendimiento,996.94,259,1,2026-01-15 10:00:00,2026-02-10 12:00:00
3691,P03691,Sterilite Caja organizadora 40L version estandar,Caja plastica con tapa para almacenamiento,418.97,182,1,2026-01-15 10:00:00,2026-02-10 12:00:00
3692,P03692,Nike Revolution 7 paquete con 2 piezas,Tenis deportivos para entrenamiento,2182.28,13,1,2026-01-15 10:00:00,2026-02-10 12:00:00
3693,P03693,Logitech G502 Hero modelo 2026,Mouse gamer de alto rendimiento,941.89,88,1,2026-01-15 10:00:00,2026-02-10 12:00:00
3694,P03694,JBL Go 4 color blanco,Bocina portatil Bluetooth,1113.68,293,1,2026-01-15 10:00:00,2026-02-10 12:00:00
3695,P03695,Sterilite Caja organizadora 40L color negro,Caja plastica con tapa para almacenamiento,318.09,10,1,2026-01-15 10:00:00,2026-02-10 12:00:00
3696,P03696,Gillette Mach3 edicion especial,Rastrillo para afeitar con tres hojas,241.1,80,1,2026-01-15 10:00:00,2026-02-10 12:00:00
3697,P03697,Logitech G502 Hero color blanco,Mouse gamer de alto rendimiento,1062.83,33,1,2026-01-15 10:00:00,2026-02-10 12:00:00
3698,P03698,Nike Revolution 7 presentacion familiar,Tenis deportivos para entrenamiento,1757.86,193,1,2026-01-15 10:00:00,2026-02-10 12:00:00
3699,P03699,Logitech G502 Hero color blanco,Mouse gamer de alto rendimiento,734.05,26,1,2026-01-15 10:00:00,2026-02-10 12:00:00
3700,P03700,Kingston NV2 1TB version estandar,Unidad SSD NVMe M.2 de 1 TB,1314.16,103,1,2026-01-15 10:00:00,2026-02-10 12:00:00
3701,P03701,Logitech G502 Hero version estandar,Mouse gamer de alto rendimiento,715.49,83,1,2026-01-15 10:00:00,2026-02-10 12:00:00
3702,P03702,JBL Go 4 presentacion familiar,Bocina portatil Bluetooth,969.39,26,1,2026-01-15 10:00:00,2026-02-10 12:00:00
3703,P03703,Cinsa Olla de presion 6L modelo 2026,Olla de presion de aluminio de 6 litros,859.54,42,1,2026-01-15 10:00:00,2026-02-10 12:00:00
3704,P03704,Sterilite Caja organizadora 40L paquete con 2 piezas,Caja plastica con tapa para almacenamiento,366.2,247,1,2026-01-15 10:00:00,2026-02-10 12:00:00
3705,P03705,Kingston NV2 1TB version estandar,Unidad SSD NVMe M.2 de 1 TB,1449.51,84,1,2026-01-15 10:00:00,2026-02-10 12:00:00
3706,P03706,Gillette Mach3 color blanco,Rastrillo para afeitar con tres hojas,169.63,180,1,2026-01-15 10:00:00,2026-02-10 12:00:00
3707,P03707,Kingston NV2 1TB modelo 2026,Unidad SSD NVMe M.2 de 1 TB,1226.29,15,1,2026-01-15 10:00:00,2026-02-10 12:00:00
3708,P03708,JBL Go 4 color blanco,Bocina portatil Bluetooth,1093.95,130,1,2026-01-15 10:00:00,2026-02-10 12:00:00
3709,P03709,Nike Revolution 7 modelo 2026,Tenis deportivos para entrenamiento,2015.95,223,1,2026-01-15 10:00:00,2026-02-10 12:00:00
3710,P03710,Tefal Plancha Ultragliss version estandar,Plancha de vapor para ropa,1135,259,1,2026-01-15 10:00:00,2026-02-10 12:00:00
3711,P03711,Sterilite Caja organizadora 40L color negro,Caja plastica con tapa para almacenamiento,441.72,72,1,2026-01-15 10:00:00,2026-02-10 12:00:00
3712,P03712,Nike Revolution 7 paquete con 2 piezas,Tenis deportivos para entrenamiento,2155.24,241,1,2026-01-15 10:00:00,2026-02-10 12:00:00
3713,P03713,Kingston NV2 1TB paquete con 2 piezas,Unidad SSD NVMe M.2 de 1 TB,1410.04,279,1,2026-01-15 10:00:00,2026-02-10 12:00:00
3714,P03714,JBL Go 4 version estandar,Bocina portatil Bluetooth,1009.99,12,1,2026-01-15 10:00:00,2026-02-10 12:00:00
3715,P03715,Cinsa Olla de presion 6L edicion especial,Olla de presion de aluminio de 6 litros,816.05,233,1,2026-01-15 10:00:00,2026-02-10 12:00:00
3716,P03716,Colgate Total 12 presentacion familiar,Pasta dental de proteccion integral,81.9,78,1,2026-01-15 10:00:00,2026-02-10 12:00:00
3717,P03717,Gillette Mach3 color negro,Rastrillo para afeitar con tres hojas,194.34,4,0,2026-01-15 10:00:00,2026-02-10 12:00:00
3718,P03718,Logitech G502 Hero version estandar,Mouse gamer de alto rendimiento,1075.07,151,1,2026-01-15 10:00:00,2026-02-10 12:00:00
3719,P03719,Gillette Mach3 edicion especial,Rastrillo para afeitar con tres hojas,187.15,291,1,2026-01-15 10:00:00,2026-02-10 12:00:00
3720,P03720,Nike Revolution 7 modelo 2026,Tenis deportivos para entrenamiento,1505.35,215,1,2026-01-15 10:00:00,2026-02-10 12:00:00
3721,P03721,Colgate Total 12 color negro,Pasta dental de proteccion integral,59.28,19,1,2026-01-15 10:00:00,2026-02-10 12:00:00
3722,P03722,Tefal Plancha Ultragliss color blanco,Plancha de vapor para ropa,999.21,125,1,2026-01-15 10:00:00,2026-02-10 12:00:00
3723,P03723,Colgate Total 12 modelo 2026,Pasta dental de proteccion integral,54.42,87,1,2026-01-15 10:00:00,2026-02-10 12:00:00
3724,P03724,Gillette Mach3 paquete con 2 piezas,Rastrillo para afeitar con tres hojas,247.57,54,1,2026-01-15 10:00:00,2026-02-10 12:00:00
3725,P03725,Sterilite Caja organizadora 40L paquete con 2 piezas,Caja plastica con tapa para almacenamiento,243.29,280,1,2026-01-15 10:00:00,2026-02-10 12:00:00
3726,P03726,Logitech G502 Hero version estandar,Mouse gamer de alto rendimiento,834.02,291,1,2026-01-15 10:00:00,2026-02-10 12:00:00
3727,P03727,Nike Revolution 7 version estandar,Tenis deportivos para entrenamiento,1807.39,251,1,2026-01-15 10:00:00,2026-02-10 12:00:00
3728,P03728,Gillette Mach3 presentacion familiar,Rastrillo para afeitar con tres hojas,191.63,219,1,2026-01-15 10:00:00,2026-02-10 12:00:00
3729,P03729,Gillette Mach3 presentacion familiar,Rastrillo para afeitar con tres hojas,296.01,98,1,2026-01-15 10:00:00,2026-02-10 12:00:00
3730,P03730,JBL Go 4 paquete con 2 piezas,Bocina portatil Bluetooth,1115.28,228,1,2026-01-15 10:00:00,2026-02-10 12:00:00
3731,P03731,Sterilite Caja organizadora 40L modelo 2026,Caja plastica con tapa para almacenamiento,378.65,103,1,2026-01-15 10:00:00,2026-02-10 12:00:00
3732,P03732,Kingston NV2 1TB modelo 2026,Unidad SSD NVMe M.2 de 1 TB,1221.89,239,1,2026-01-15 10:00:00,2026-02-10 12:00:00
3733,P03733,Nike Revolution 7 presentacion familiar,Tenis deportivos para entrenamiento,1682.25,224,1,2026-01-15 10:00:00,2026-02-10 12:00:00
3734,P03734,Tefal Plancha Ultragliss presentacion familiar,Plancha de vapor para ropa,1117.88,78,1,2026-01-15 10:00:00,2026-02-10 12:00:00
3735,P03735,JBL Go 4 paquete con 2 piezas,Bocina portatil Bluetooth,973.07,39,1,2026-01-15 10:00:00,2026-02-10 12:00:00
3736,P03736,Tefal Plancha Ultragliss modelo 2026,Plancha de vapor para ropa,955.92,187,1,2026-01-15 10:00:00,2026-02-10 12:00:00
3737,P03737,Kingston NV2 1TB version estandar,Unidad SSD NVMe M.2 de 1 TB,1129.12,300,1,2026-01-15 10:00:00,2026-02-10 12:00:00
3738,P03738,Kingston NV2 1TB version estandar,Unidad SSD NVMe M.2 de 1 TB,1364.72,154,1,2026-01-15 10:00:00,2026-02-10 12:00:00
3739,P03739,Colgate Total 12 version estandar,Pasta dental de proteccion integral,56.78,96,1,2026-01-15 10:00:00,2026-02-10 12:00:00
3740,P03740,Colgate Total 12 color blanco,Pasta dental de proteccion integral,88.17,70,1,2026-01-15 10:00:00,2026-02-10 12:00:00
3741,P03741,Logitech G502 Hero modelo 2026,Mouse gamer de alto rendimiento,1091.28,289,1,2026-01-15 10:00:00,2026-02-10 12:00:00
3742,P03742,Nike Revolution 7 edicion especial,Tenis deportivos para entrenamiento,1633.48,288,1,2026-01-15 10:00:00,2026-02-10 12:00:00
3743,P03743,Kingston NV2 1TB modelo 2026,Unidad SSD NVMe M.2 de 1 TB,1433.98,71,1,2026-01-15 10:00:00,2026-02-10 12:00:00
3744,P03744,Gillette Mach3 version estandar,Rastrillo para afeitar con tres hojas,185.88,41,1,2026-01-15 10:00:00,2026-02-10 12:00:00
3745,P03745,Kingston NV2 1TB presentacion familiar,Unidad SSD NVMe M.2 de 1 TB,1023.37,254,1,2026-01-15 10:00:00,2026-02-10 12:00:00
3746,P03746,SanDisk Ultra microSD 128GB edicion especial,Tarjeta microSD de 128 GB,329.69,161,1,2026-01-15 10:00:00,2026-02-10 12:00:00
3747,P03747,SanDisk Ultra microSD 128GB color negro,Tarjeta microSD de 128 GB,270.64,36,1,2026-01-15 10:00:00,2026-02-10 12:00:00
3748,P03748,Logitech G502 Hero edicion especial,Mouse gamer de alto rendimiento,933.98,141,1,2026-01-15 10:00:00,2026-02-10 12:00:00
3749,P03749,JBL Go 4 color blanco,Bocina portatil Bluetooth,960.57,263,1,2026-01-15 10:00:00,2026-02-10 12:00:00
3750,P03750,Colgate Total 12 version estandar,Pasta dental de proteccion integral,90.62,230,1,2026-01-15 10:00:00,2026-02-10 12:00:00
3751,P03751,Cinsa Olla de presion 6L version estandar,Olla de presion de aluminio de 6 litros,1092.27,166,1,2026-01-15 10:00:00,2026-02-10 12:00:00
3752,P03752,JBL Go 4 edicion especial,Bocina portatil Bluetooth,1100.73,60,1,2026-01-15 10:00:00,2026-02-10 12:00:00
3753,P03753,Cinsa Olla de presion 6L color blanco,Olla de presion de aluminio de 6 litros,845.27,176,1,2026-01-15 10:00:00,2026-02-10 12:00:00
3754,P03754,Logitech G502 Hero color blanco,Mouse gamer de alto rendimiento,1038.68,161,1,2026-01-15 10:00:00,2026-02-10 12:00:00
3755,P03755,Cinsa Olla de presion 6L edicion especial,Olla de presion de aluminio de 6 litros,1050.07,19,1,2026-01-15 10:00:00,2026-02-10 12:00:00
3756,P03756,SanDisk Ultra microSD 128GB presentacion familiar,Tarjeta microSD de 128 GB,252.86,239,1,2026-01-15 10:00:00,2026-02-10 12:00:00
3757,P03757,Cinsa Olla de presion 6L version estandar,Olla de presion de aluminio de 6 litros,1113.09,19,1,2026-01-15 10:00:00,2026-02-10 12:00:00
3758,P03758,Kingston NV2 1TB version estandar,Unidad SSD NVMe M.2 de 1 TB,1226.76,234,1,2026-01-15 10:00:00,2026-02-10 12:00:00
3759,P03759,Kingston NV2 1TB paquete con 2 piezas,Unidad SSD NVMe M.2 de 1 TB,1338,26,1,2026-01-15 10:00:00,2026-02-10 12:00:00
3760,P03760,Sterilite Caja organizadora 40L color blanco,Caja plastica con tapa para almacenamiento,220.33,253,1,2026-01-15 10:00:00,2026-02-10 12:00:00
3761,P03761,Kingston NV2 1TB color blanco,Unidad SSD NVMe M.2 de 1 TB,1473.24,282,1,2026-01-15 10:00:00,2026-02-10 12:00:00
3762,P03762,SanDisk Ultra microSD 128GB color blanco,Tarjeta microSD de 128 GB,328.97,161,1,2026-01-15 10:00:00,2026-02-10 12:00:00
3763,P03763,Cinsa Olla de presion 6L modelo 2026,Olla de presion de aluminio de 6 litros,1106.22,72,1,2026-01-15 10:00:00,2026-02-10 12:00:00
3764,P03764,Nike Revolution 7 color negro,Tenis deportivos para entrenamiento,1759.57,30,1,2026-01-15 10:00:00,2026-02-10 12:00:00
3765,P03765,Kingston NV2 1TB color blanco,Unidad SSD NVMe M.2 de 1 TB,1212.54,17,1,2026-01-15 10:00:00,2026-02-10 12:00:00
3766,P03766,Sterilite Caja organizadora 40L edicion especial,Caja plastica con tapa para almacenamiento,436.63,244,1,2026-01-15 10:00:00,2026-02-10 12:00:00
3767,P03767,Tefal Plancha Ultragliss version estandar,Plancha de vapor para ropa,923.07,199,1,2026-01-15 10:00:00,2026-02-10 12:00:00
3768,P03768,Kingston NV2 1TB color negro,Unidad SSD NVMe M.2 de 1 TB,1409.97,39,1,2026-01-15 10:00:00,2026-02-10 12:00:00
3769,P03769,SanDisk Ultra microSD 128GB color negro,Tarjeta microSD de 128 GB,372.98,138,1,2026-01-15 10:00:00,2026-02-10 12:00:00
3770,P03770,Cinsa Olla de presion 6L presentacion familiar,Olla de presion de aluminio de 6 litros,974,38,1,2026-01-15 10:00:00,2026-02-10 12:00:00
3771,P03771,Nike Revolution 7 paquete con 2 piezas,Tenis deportivos para entrenamiento,2174.62,192,1,2026-01-15 10:00:00,2026-02-10 12:00:00
3772,P03772,Tefal Plancha Ultragliss paquete con 2 piezas,Plancha de vapor para ropa,1190.93,159,1,2026-01-15 10:00:00,2026-02-10 12:00:00
3773,P03773,Logitech G502 Hero modelo 2026,Mouse gamer de alto rendimiento,1022.92,234,1,2026-01-15 10:00:00,2026-02-10 12:00:00
3774,P03774,Tefal Plancha Ultragliss presentacion familiar,Plancha de vapor para ropa,852.8,243,1,2026-01-15 10:00:00,2026-02-10 12:00:00
3775,P03775,Logitech G502 Hero presentacion familiar,Mouse gamer de alto rendimiento,857.66,8,1,2026-01-15 10:00:00,2026-02-10 12:00:00
3776,P03776,Nike Revolution 7 version estandar,Tenis deportivos para entrenamiento,1739.64,239,1,2026-01-15 10:00:00,2026-02-10 12:00:00
3777,P03777,Colgate Total 12 color blanco,Pasta dental de proteccion integral,51.04,279,1,2026-01-15 10:00:00,2026-02-10 12:00:00
3778,P03778,Logitech G502 Hero color blanco,Mouse gamer de alto rendimiento,780.75,150,1,2026-01-15 10:00:00,2026-02-10 12:00:00
3779,P03779,Kingston NV2 1TB paquete con 2 piezas,Unidad SSD NVMe M.2 de 1 TB,1231.73,142,1,2026-01-15 10:00:00,2026-02-10 12:00:00
3780,P03780,SanDisk Ultra microSD 128GB paquete con 2 piezas,Tarjeta microSD de 128 GB,299.93,106,1,2026-01-15 10:00:00,2026-02-10 12:00:00
3781,P03781,Sterilite Caja organizadora 40L color negro,Caja plastica con tapa para almacenamiento,366.77,286,1,2026-01-15 10:00:00,2026-02-10 12:00:00
3782,P03782,Gillette Mach3 modelo 2026,Rastrillo para afeitar con tres hojas,200.41,195,1,2026-01-15 10:00:00,2026-02-10 12:00:00
3783,P03783,Gillette Mach3 edicion especial,Rastrillo para afeitar con tres hojas,298.3,206,1,2026-01-15 10:00:00,2026-02-10 12:00:00
3784,P03784,JBL Go 4 edicion especial,Bocina portatil Bluetooth,903.01,287,1,2026-01-15 10:00:00,2026-02-10 12:00:00
3785,P03785,Colgate Total 12 color negro,Pasta dental de proteccion integral,98.21,100,1,2026-01-15 10:00:00,2026-02-10 12:00:00
3786,P03786,Logitech G502 Hero modelo 2026,Mouse gamer de alto rendimiento,1099.18,179,1,2026-01-15 10:00:00,2026-02-10 12:00:00
3787,P03787,Colgate Total 12 paquete con 2 piezas,Pasta dental de proteccion integral,62.83,252,1,2026-01-15 10:00:00,2026-02-10 12:00:00
3788,P03788,Colgate Total 12 version estandar,Pasta dental de proteccion integral,84.08,276,1,2026-01-15 10:00:00,2026-02-10 12:00:00
3789,P03789,Gillette Mach3 modelo 2026,Rastrillo para afeitar con tres hojas,287.18,33,1,2026-01-15 10:00:00,2026-02-10 12:00:00
3790,P03790,Colgate Total 12 version estandar,Pasta dental de proteccion integral,87.78,16,1,2026-01-15 10:00:00,2026-02-10 12:00:00
3791,P03791,Tefal Plancha Ultragliss version estandar,Plancha de vapor para ropa,1166.15,133,1,2026-01-15 10:00:00,2026-02-10 12:00:00
3792,P03792,Logitech G502 Hero edicion especial,Mouse gamer de alto rendimiento,737.17,258,1,2026-01-15 10:00:00,2026-02-10 12:00:00
3793,P03793,Cinsa Olla de presion 6L edicion especial,Olla de presion de aluminio de 6 litros,1140.96,140,1,2026-01-15 10:00:00,2026-02-10 12:00:00
3794,P03794,Kingston NV2 1TB color blanco,Unidad SSD NVMe M.2 de 1 TB,1199.41,52,1,2026-01-15 10:00:00,2026-02-10 12:00:00
3795,P03795,Sterilite Caja organizadora 40L presentacion familiar,Caja plastica con tapa para almacenamiento,286.37,229,1,2026-01-15 10:00:00,2026-02-10 12:00:00
3796,P03796,SanDisk Ultra microSD 128GB edicion especial,Tarjeta microSD de 128 GB,397.28,204,1,2026-01-15 10:00:00,2026-02-10 12:00:00
3797,P03797,Sterilite Caja organizadora 40L presentacion familiar,Caja plastica con tapa para almacenamiento,355.96,221,1,2026-01-15 10:00:00,2026-02-10 12:00:00
3798,P03798,Tefal Plancha Ultragliss color blanco,Plancha de vapor para ropa,930.88,69,1,2026-01-15 10:00:00,2026-02-10 12:00:00
3799,P03799,Gillette Mach3 color blanco,Rastrillo para afeitar con tres hojas,268.35,176,1,2026-01-15 10:00:00,2026-02-10 12:00:00
3800,P03800,Colgate Total 12 edicion especial,Pasta dental de proteccion integral,80.22,26,1,2026-01-15 10:00:00,2026-02-10 12:00:00
3801,P03801,Cinsa Olla de presion 6L version estandar,Olla de presion de aluminio de 6 litros,1065.06,47,1,2026-01-15 10:00:00,2026-02-10 12:00:00
3802,P03802,JBL Go 4 paquete con 2 piezas,Bocina portatil Bluetooth,1165.94,18,1,2026-01-15 10:00:00,2026-02-10 12:00:00
3803,P03803,Kingston NV2 1TB color negro,Unidad SSD NVMe M.2 de 1 TB,1178.92,166,1,2026-01-15 10:00:00,2026-02-10 12:00:00
3804,P03804,Gillette Mach3 color blanco,Rastrillo para afeitar con tres hojas,259.67,14,1,2026-01-15 10:00:00,2026-02-10 12:00:00
3805,P03805,SanDisk Ultra microSD 128GB paquete con 2 piezas,Tarjeta microSD de 128 GB,348.42,276,1,2026-01-15 10:00:00,2026-02-10 12:00:00
3806,P03806,Nike Revolution 7 version estandar,Tenis deportivos para entrenamiento,1736.77,84,1,2026-01-15 10:00:00,2026-02-10 12:00:00
3807,P03807,Cinsa Olla de presion 6L modelo 2026,Olla de presion de aluminio de 6 litros,952.2,102,1,2026-01-15 10:00:00,2026-02-10 12:00:00
3808,P03808,Kingston NV2 1TB color negro,Unidad SSD NVMe M.2 de 1 TB,1243.45,60,1,2026-01-15 10:00:00,2026-02-10 12:00:00
3809,P03809,JBL Go 4 paquete con 2 piezas,Bocina portatil Bluetooth,1131.24,278,1,2026-01-15 10:00:00,2026-02-10 12:00:00
3810,P03810,Nike Revolution 7 color negro,Tenis deportivos para entrenamiento,1637.77,172,1,2026-01-15 10:00:00,2026-02-10 12:00:00
3811,P03811,JBL Go 4 edicion especial,Bocina portatil Bluetooth,1085.62,235,1,2026-01-15 10:00:00,2026-02-10 12:00:00
3812,P03812,Tefal Plancha Ultragliss color negro,Plancha de vapor para ropa,873.59,28,1,2026-01-15 10:00:00,2026-02-10 12:00:00
3813,P03813,Cinsa Olla de presion 6L color negro,Olla de presion de aluminio de 6 litros,879.09,135,1,2026-01-15 10:00:00,2026-02-10 12:00:00
3814,P03814,Nike Revolution 7 modelo 2026,Tenis deportivos para entrenamiento,1637.09,249,1,2026-01-15 10:00:00,2026-02-10 12:00:00
3815,P03815,Gillette Mach3 version estandar,Rastrillo para afeitar con tres hojas,296.44,258,1,2026-01-15 10:00:00,2026-02-10 12:00:00
3816,P03816,Nike Revolution 7 version estandar,Tenis deportivos para entrenamiento,2095.25,138,1,2026-01-15 10:00:00,2026-02-10 12:00:00
3817,P03817,Kingston NV2 1TB paquete con 2 piezas,Unidad SSD NVMe M.2 de 1 TB,1043.6,237,1,2026-01-15 10:00:00,2026-02-10 12:00:00
3818,P03818,JBL Go 4 color negro,Bocina portatil Bluetooth,985.74,170,1,2026-01-15 10:00:00,2026-02-10 12:00:00
3819,P03819,Gillette Mach3 presentacion familiar,Rastrillo para afeitar con tres hojas,226.85,99,1,2026-01-15 10:00:00,2026-02-10 12:00:00
3820,P03820,Nike Revolution 7 edicion especial,Tenis deportivos para entrenamiento,2020.86,123,1,2026-01-15 10:00:00,2026-02-10 12:00:00
3821,P03821,JBL Go 4 version estandar,Bocina portatil Bluetooth,965.01,141,1,2026-01-15 10:00:00,2026-02-10 12:00:00
3822,P03822,Colgate Total 12 presentacion familiar,Pasta dental de proteccion integral,65.06,235,1,2026-01-15 10:00:00,2026-02-10 12:00:00
3823,P03823,Gillette Mach3 color negro,Rastrillo para afeitar con tres hojas,280.23,136,1,2026-01-15 10:00:00,2026-02-10 12:00:00
3824,P03824,Nike Revolution 7 version estandar,Tenis deportivos para entrenamiento,2016.58,25,1,2026-01-15 10:00:00,2026-02-10 12:00:00
3825,P03825,Sterilite Caja organizadora 40L presentacion familiar,Caja plastica con tapa para almacenamiento,332.17,114,1,2026-01-15 10:00:00,2026-02-10 12:00:00
3826,P03826,Colgate Total 12 version estandar,Pasta dental de proteccion integral,83.96,112,1,2026-01-15 10:00:00,2026-02-10 12:00:00
3827,P03827,Tefal Plancha Ultragliss modelo 2026,Plancha de vapor para ropa,964.07,245,1,2026-01-15 10:00:00,2026-02-10 12:00:00
3828,P03828,Cinsa Olla de presion 6L color blanco,Olla de presion de aluminio de 6 litros,1174.6,151,1,2026-01-15 10:00:00,2026-02-10 12:00:00
3829,P03829,Colgate Total 12 edicion especial,Pasta dental de proteccion integral,71.03,164,1,2026-01-15 10:00:00,2026-02-10 12:00:00
3830,P03830,Cinsa Olla de presion 6L version estandar,Olla de presion de aluminio de 6 litros,1138.08,65,1,2026-01-15 10:00:00,2026-02-10 12:00:00
3831,P03831,Nike Revolution 7 version estandar,Tenis deportivos para entrenamiento,2009.81,200,1,2026-01-15 10:00:00,2026-02-10 12:00:00
3832,P03832,Logitech G502 Hero color negro,Mouse gamer de alto rendimiento,987.48,211,1,2026-01-15 10:00:00,2026-02-10 12:00:00
3833,P03833,SanDisk Ultra microSD 128GB edicion especial,Tarjeta microSD de 128 GB,342.72,267,1,2026-01-15 10:00:00,2026-02-10 12:00:00
3834,P03834,Gillette Mach3 version estandar,Rastrillo para afeitar con tres hojas,258.71,13,1,2026-01-15 10:00:00,2026-02-10 12:00:00
3835,P03835,Colgate Total 12 color negro,Pasta dental de proteccion integral,97.14,295,1,2026-01-15 10:00:00,2026-02-10 12:00:00
3836,P03836,Colgate Total 12 edicion especial,Pasta dental de proteccion integral,80.47,58,1,2026-01-15 10:00:00,2026-02-10 12:00:00
3837,P03837,Nike Revolution 7 version estandar,Tenis deportivos para entrenamiento,2071.04,84,1,2026-01-15 10:00:00,2026-02-10 12:00:00
3838,P03838,Logitech G502 Hero paquete con 2 piezas,Mouse gamer de alto rendimiento,1069.25,99,1,2026-01-15 10:00:00,2026-02-10 12:00:00
3839,P03839,Cinsa Olla de presion 6L version estandar,Olla de presion de aluminio de 6 litros,1009.05,114,1,2026-01-15 10:00:00,2026-02-10 12:00:00
3840,P03840,Colgate Total 12 presentacion familiar,Pasta dental de proteccion integral,71.89,230,1,2026-01-15 10:00:00,2026-02-10 12:00:00
3841,P03841,Logitech G502 Hero modelo 2026,Mouse gamer de alto rendimiento,887.51,224,1,2026-01-15 10:00:00,2026-02-10 12:00:00
3842,P03842,Kingston NV2 1TB presentacion familiar,Unidad SSD NVMe M.2 de 1 TB,1237.03,81,1,2026-01-15 10:00:00,2026-02-10 12:00:00
3843,P03843,Nike Revolution 7 version estandar,Tenis deportivos para entrenamiento,2157.85,112,1,2026-01-15 10:00:00,2026-02-10 12:00:00
3844,P03844,JBL Go 4 color blanco,Bocina portatil Bluetooth,1136.17,111,1,2026-01-15 10:00:00,2026-02-10 12:00:00
3845,P03845,Colgate Total 12 edicion especial,Pasta dental de proteccion integral,92.61,171,1,2026-01-15 10:00:00,2026-02-10 12:00:00
3846,P03846,Logitech G502 Hero edicion especial,Mouse gamer de alto rendimiento,1014.1,46,1,2026-01-15 10:00:00,2026-02-10 12:00:00
3847,P03847,Tefal Plancha Ultragliss version estandar,Plancha de vapor para ropa,1091.78,215,1,2026-01-15 10:00:00,2026-02-10 12:00:00
3848,P03848,Nike Revolution 7 version estandar,Tenis deportivos para entrenamiento,1764.11,178,1,2026-01-15 10:00:00,2026-02-10 12:00:00
3849,P03849,SanDisk Ultra microSD 128GB paquete con 2 piezas,Tarjeta microSD de 128 GB,260.36,276,1,2026-01-15 10:00:00,2026-02-10 12:00:00
3850,P03850,Gillette Mach3 color blanco,Rastrillo para afeitar con tres hojas,292.21,230,1,2026-01-15 10:00:00,2026-02-10 12:00:00
3851,P03851,Nike Revolution 7 edicion especial,Tenis deportivos para entrenamiento,1807.34,162,1,2026-01-15 10:00:00,2026-02-10 12:00:00
3852,P03852,Kingston NV2 1TB edicion especial,Unidad SSD NVMe M.2 de 1 TB,1446.88,89,1,2026-01-15 10:00:00,2026-02-10 12:00:00
3853,P03853,Sterilite Caja organizadora 40L paquete con 2 piezas,Caja plastica con tapa para almacenamiento,371.21,40,1,2026-01-15 10:00:00,2026-02-10 12:00:00
3854,P03854,Cinsa Olla de presion 6L color blanco,Olla de presion de aluminio de 6 litros,1127.63,143,1,2026-01-15 10:00:00,2026-02-10 12:00:00
3855,P03855,Logitech G502 Hero version estandar,Mouse gamer de alto rendimiento,795.48,289,1,2026-01-15 10:00:00,2026-02-10 12:00:00
3856,P03856,SanDisk Ultra microSD 128GB color negro,Tarjeta microSD de 128 GB,314.54,149,1,2026-01-15 10:00:00,2026-02-10 12:00:00
3857,P03857,Logitech G502 Hero version estandar,Mouse gamer de alto rendimiento,708.8,78,1,2026-01-15 10:00:00,2026-02-10 12:00:00
3858,P03858,Sterilite Caja organizadora 40L modelo 2026,Caja plastica con tapa para almacenamiento,288.06,249,1,2026-01-15 10:00:00,2026-02-10 12:00:00
3859,P03859,Tefal Plancha Ultragliss presentacion familiar,Plancha de vapor para ropa,1071.08,121,1,2026-01-15 10:00:00,2026-02-10 12:00:00
3860,P03860,Logitech G502 Hero paquete con 2 piezas,Mouse gamer de alto rendimiento,1061.85,287,1,2026-01-15 10:00:00,2026-02-10 12:00:00
3861,P03861,SanDisk Ultra microSD 128GB edicion especial,Tarjeta microSD de 128 GB,399.13,207,1,2026-01-15 10:00:00,2026-02-10 12:00:00
3862,P03862,Colgate Total 12 paquete con 2 piezas,Pasta dental de proteccion integral,71.57,145,1,2026-01-15 10:00:00,2026-02-10 12:00:00
3863,P03863,SanDisk Ultra microSD 128GB modelo 2026,Tarjeta microSD de 128 GB,399.42,212,1,2026-01-15 10:00:00,2026-02-10 12:00:00
3864,P03864,Colgate Total 12 color blanco,Pasta dental de proteccion integral,72.29,40,1,2026-01-15 10:00:00,2026-02-10 12:00:00
3865,P03865,Cinsa Olla de presion 6L color blanco,Olla de presion de aluminio de 6 litros,1016.37,272,1,2026-01-15 10:00:00,2026-02-10 12:00:00
3866,P03866,Tefal Plancha Ultragliss modelo 2026,Plancha de vapor para ropa,1001.05,14,1,2026-01-15 10:00:00,2026-02-10 12:00:00
3867,P03867,Nike Revolution 7 color negro,Tenis deportivos para entrenamiento,1884.12,22,1,2026-01-15 10:00:00,2026-02-10 12:00:00
3868,P03868,Cinsa Olla de presion 6L version estandar,Olla de presion de aluminio de 6 litros,990.51,203,1,2026-01-15 10:00:00,2026-02-10 12:00:00
3869,P03869,JBL Go 4 paquete con 2 piezas,Bocina portatil Bluetooth,1127.15,266,1,2026-01-15 10:00:00,2026-02-10 12:00:00
3870,P03870,Sterilite Caja organizadora 40L color negro,Caja plastica con tapa para almacenamiento,409.4,227,1,2026-01-15 10:00:00,2026-02-10 12:00:00
3871,P03871,Logitech G502 Hero edicion especial,Mouse gamer de alto rendimiento,1060.57,60,1,2026-01-15 10:00:00,2026-02-10 12:00:00
3872,P03872,Colgate Total 12 modelo 2026,Pasta dental de proteccion integral,60.19,179,1,2026-01-15 10:00:00,2026-02-10 12:00:00
3873,P03873,Colgate Total 12 edicion especial,Pasta dental de proteccion integral,64.46,17,1,2026-01-15 10:00:00,2026-02-10 12:00:00
3874,P03874,Sterilite Caja organizadora 40L presentacion familiar,Caja plastica con tapa para almacenamiento,306.53,228,1,2026-01-15 10:00:00,2026-02-10 12:00:00
3875,P03875,Logitech G502 Hero color blanco,Mouse gamer de alto rendimiento,1055.72,242,1,2026-01-15 10:00:00,2026-02-10 12:00:00
3876,P03876,Colgate Total 12 version estandar,Pasta dental de proteccion integral,64.65,283,1,2026-01-15 10:00:00,2026-02-10 12:00:00
3877,P03877,Cinsa Olla de presion 6L version estandar,Olla de presion de aluminio de 6 litros,918.27,103,1,2026-01-15 10:00:00,2026-02-10 12:00:00
3878,P03878,JBL Go 4 edicion especial,Bocina portatil Bluetooth,1047.98,112,1,2026-01-15 10:00:00,2026-02-10 12:00:00
3879,P03879,Cinsa Olla de presion 6L color negro,Olla de presion de aluminio de 6 litros,1195.84,297,1,2026-01-15 10:00:00,2026-02-10 12:00:00
3880,P03880,Sterilite Caja organizadora 40L version estandar,Caja plastica con tapa para almacenamiento,293.52,45,1,2026-01-15 10:00:00,2026-02-10 12:00:00
3881,P03881,Colgate Total 12 color blanco,Pasta dental de proteccion integral,71.64,194,1,2026-01-15 10:00:00,2026-02-10 12:00:00
3882,P03882,Cinsa Olla de presion 6L version estandar,Olla de presion de aluminio de 6 litros,1189.5,122,1,2026-01-15 10:00:00,2026-02-10 12:00:00
3883,P03883,Nike Revolution 7 color negro,Tenis deportivos para entrenamiento,2168.45,246,1,2026-01-15 10:00:00,2026-02-10 12:00:00
3884,P03884,Nike Revolution 7 presentacion familiar,Tenis deportivos para entrenamiento,1542.53,167,1,2026-01-15 10:00:00,2026-02-10 12:00:00
3885,P03885,Kingston NV2 1TB color blanco,Unidad SSD NVMe M.2 de 1 TB,1041.22,107,1,2026-01-15 10:00:00,2026-02-10 12:00:00
3886,P03886,SanDisk Ultra microSD 128GB color blanco,Tarjeta microSD de 128 GB,276.7,24,1,2026-01-15 10:00:00,2026-02-10 12:00:00
3887,P03887,Cinsa Olla de presion 6L color blanco,Olla de presion de aluminio de 6 litros,1181.15,276,1,2026-01-15 10:00:00,2026-02-10 12:00:00
3888,P03888,Gillette Mach3 edicion especial,Rastrillo para afeitar con tres hojas,154.04,188,1,2026-01-15 10:00:00,2026-02-10 12:00:00
3889,P03889,Tefal Plancha Ultragliss color negro,Plancha de vapor para ropa,861.75,223,1,2026-01-15 10:00:00,2026-02-10 12:00:00
3890,P03890,Logitech G502 Hero modelo 2026,Mouse gamer de alto rendimiento,1025.87,210,1,2026-01-15 10:00:00,2026-02-10 12:00:00
3891,P03891,SanDisk Ultra microSD 128GB color blanco,Tarjeta microSD de 128 GB,322.73,183,1,2026-01-15 10:00:00,2026-02-10 12:00:00
3892,P03892,Colgate Total 12 edicion especial,Pasta dental de proteccion integral,76.05,21,1,2026-01-15 10:00:00,2026-02-10 12:00:00
3893,P03893,Sterilite Caja organizadora 40L edicion especial,Caja plastica con tapa para almacenamiento,385.83,232,1,2026-01-15 10:00:00,2026-02-10 12:00:00
3894,P03894,Kingston NV2 1TB presentacion familiar,Unidad SSD NVMe M.2 de 1 TB,1400.17,237,1,2026-01-15 10:00:00,2026-02-10 12:00:00
3895,P03895,Sterilite Caja organizadora 40L version estandar,Caja plastica con tapa para almacenamiento,318.16,63,1,2026-01-15 10:00:00,2026-02-10 12:00:00
3896,P03896,JBL Go 4 presentacion familiar,Bocina portatil Bluetooth,1059.2,126,1,2026-01-15 10:00:00,2026-02-10 12:00:00
3897,P03897,Sterilite Caja organizadora 40L version estandar,Caja plastica con tapa para almacenamiento,262.32,34,1,2026-01-15 10:00:00,2026-02-10 12:00:00
3898,P03898,Nike Revolution 7 version estandar,Tenis deportivos para entrenamiento,1943.7,180,1,2026-01-15 10:00:00,2026-02-10 12:00:00
3899,P03899,Cinsa Olla de presion 6L version estandar,Olla de presion de aluminio de 6 litros,804.96,139,1,2026-01-15 10:00:00,2026-02-10 12:00:00
3900,P03900,SanDisk Ultra microSD 128GB edicion especial,Tarjeta microSD de 128 GB,321.45,187,1,2026-01-15 10:00:00,2026-02-10 12:00:00
3901,P03901,SanDisk Ultra microSD 128GB color blanco,Tarjeta microSD de 128 GB,279.15,174,1,2026-01-15 10:00:00,2026-02-10 12:00:00
3902,P03902,Colgate Total 12 paquete con 2 piezas,Pasta dental de proteccion integral,70.38,166,1,2026-01-15 10:00:00,2026-02-10 12:00:00
3903,P03903,Logitech G502 Hero version estandar,Mouse gamer de alto rendimiento,1088.16,172,1,2026-01-15 10:00:00,2026-02-10 12:00:00
3904,P03904,Cinsa Olla de presion 6L modelo 2026,Olla de presion de aluminio de 6 litros,892.82,87,1,2026-01-15 10:00:00,2026-02-10 12:00:00
3905,P03905,JBL Go 4 presentacion familiar,Bocina portatil Bluetooth,1231.6,83,1,2026-01-15 10:00:00,2026-02-10 12:00:00
3906,P03906,SanDisk Ultra microSD 128GB version estandar,Tarjeta microSD de 128 GB,279.03,122,1,2026-01-15 10:00:00,2026-02-10 12:00:00
3907,P03907,Sterilite Caja organizadora 40L paquete con 2 piezas,Caja plastica con tapa para almacenamiento,357.04,251,1,2026-01-15 10:00:00,2026-02-10 12:00:00
3908,P03908,Gillette Mach3 version estandar,Rastrillo para afeitar con tres hojas,211.96,62,1,2026-01-15 10:00:00,2026-02-10 12:00:00
3909,P03909,Nike Revolution 7 color negro,Tenis deportivos para entrenamiento,2070.36,176,1,2026-01-15 10:00:00,2026-02-10 12:00:00
3910,P03910,Nike Revolution 7 color negro,Tenis deportivos para entrenamiento,2009.55,158,1,2026-01-15 10:00:00,2026-02-10 12:00:00
3911,P03911,Logitech G502 Hero modelo 2026,Mouse gamer de alto rendimiento,771.25,154,1,2026-01-15 10:00:00,2026-02-10 12:00:00
3912,P03912,SanDisk Ultra microSD 128GB presentacion familiar,Tarjeta microSD de 128 GB,313.83,162,1,2026-01-15 10:00:00,2026-02-10 12:00:00
3913,P03913,Cinsa Olla de presion 6L color negro,Olla de presion de aluminio de 6 litros,1190.39,94,1,2026-01-15 10:00:00,2026-02-10 12:00:00
3914,P03914,Sterilite Caja organizadora 40L paquete con 2 piezas,Caja plastica con tapa para almacenamiento,280.6,297,1,2026-01-15 10:00:00,2026-02-10 12:00:00
3915,P03915,Colgate Total 12 color negro,Pasta dental de proteccion integral,89.06,165,1,2026-01-15 10:00:00,2026-02-10 12:00:00
3916,P03916,Colgate Total 12 edicion especial,Pasta dental de proteccion integral,77.45,180,1,2026-01-15 10:00:00,2026-02-10 12:00:00
3917,P03917,Logitech G502 Hero color negro,Mouse gamer de alto rendimiento,979.18,97,1,2026-01-15 10:00:00,2026-02-10 12:00:00
3918,P03918,Sterilite Caja organizadora 40L modelo 2026,Caja plastica con tapa para almacenamiento,307.26,201,1,2026-01-15 10:00:00,2026-02-10 12:00:00
3919,P03919,SanDisk Ultra microSD 128GB version estandar,Tarjeta microSD de 128 GB,303.8,182,1,2026-01-15 10:00:00,2026-02-10 12:00:00
3920,P03920,Kingston NV2 1TB modelo 2026,Unidad SSD NVMe M.2 de 1 TB,1030.37,221,1,2026-01-15 10:00:00,2026-02-10 12:00:00
3921,P03921,Sterilite Caja organizadora 40L presentacion familiar,Caja plastica con tapa para almacenamiento,371.02,84,1,2026-01-15 10:00:00,2026-02-10 12:00:00
3922,P03922,SanDisk Ultra microSD 128GB presentacion familiar,Tarjeta microSD de 128 GB,320.18,203,1,2026-01-15 10:00:00,2026-02-10 12:00:00
3923,P03923,Tefal Plancha Ultragliss color negro,Plancha de vapor para ropa,1159.01,22,1,2026-01-15 10:00:00,2026-02-10 12:00:00
3924,P03924,Gillette Mach3 paquete con 2 piezas,Rastrillo para afeitar con tres hojas,285.28,104,1,2026-01-15 10:00:00,2026-02-10 12:00:00
3925,P03925,Cinsa Olla de presion 6L modelo 2026,Olla de presion de aluminio de 6 litros,1024.52,175,1,2026-01-15 10:00:00,2026-02-10 12:00:00
3926,P03926,SanDisk Ultra microSD 128GB presentacion familiar,Tarjeta microSD de 128 GB,362.71,152,1,2026-01-15 10:00:00,2026-02-10 12:00:00
3927,P03927,Kingston NV2 1TB version estandar,Unidad SSD NVMe M.2 de 1 TB,1488.48,131,1,2026-01-15 10:00:00,2026-02-10 12:00:00
3928,P03928,Nike Revolution 7 color negro,Tenis deportivos para entrenamiento,2032.89,2,1,2026-01-15 10:00:00,2026-02-10 12:00:00
3929,P03929,Gillette Mach3 color negro,Rastrillo para afeitar con tres hojas,230.76,267,1,2026-01-15 10:00:00,2026-02-10 12:00:00
3930,P03930,Kingston NV2 1TB paquete con 2 piezas,Unidad SSD NVMe M.2 de 1 TB,1425.79,89,1,2026-01-15 10:00:00,2026-02-10 12:00:00
3931,P03931,Gillette Mach3 color negro,Rastrillo para afeitar con tres hojas,294.59,225,1,2026-01-15 10:00:00,2026-02-10 12:00:00
3932,P03932,SanDisk Ultra microSD 128GB modelo 2026,Tarjeta microSD de 128 GB,273.59,120,1,2026-01-15 10:00:00,2026-02-10 12:00:00
3933,P03933,Gillette Mach3 edicion especial,Rastrillo para afeitar con tres hojas,247.7,35,1,2026-01-15 10:00:00,2026-02-10 12:00:00
3934,P03934,JBL Go 4 version estandar,Bocina portatil Bluetooth,1147.01,101,1,2026-01-15 10:00:00,2026-02-10 12:00:00
3935,P03935,Cinsa Olla de presion 6L color blanco,Olla de presion de aluminio de 6 litros,821.34,37,1,2026-01-15 10:00:00,2026-02-10 12:00:00
3936,P03936,Gillette Mach3 color negro,Rastrillo para afeitar con tres hojas,271.45,19,1,2026-01-15 10:00:00,2026-02-10 12:00:00
3937,P03937,Nike Revolution 7 version estandar,Tenis deportivos para entrenamiento,2195.46,104,1,2026-01-15 10:00:00,2026-02-10 12:00:00
3938,P03938,SanDisk Ultra microSD 128GB edicion especial,Tarjeta microSD de 128 GB,381.97,100,1,2026-01-15 10:00:00,2026-02-10 12:00:00
3939,P03939,Sterilite Caja organizadora 40L version estandar,Caja plastica con tapa para almacenamiento,285.47,91,1,2026-01-15 10:00:00,2026-02-10 12:00:00
3940,P03940,Sterilite Caja organizadora 40L color negro,Caja plastica con tapa para almacenamiento,434.59,202,1,2026-01-15 10:00:00,2026-02-10 12:00:00
3941,P03941,Nike Revolution 7 presentacion familiar,Tenis deportivos para entrenamiento,2080.26,77,1,2026-01-15 10:00:00,2026-02-10 12:00:00
3942,P03942,Cinsa Olla de presion 6L color blanco,Olla de presion de aluminio de 6 litros,899.11,201,1,2026-01-15 10:00:00,2026-02-10 12:00:00
3943,P03943,Kingston NV2 1TB paquete con 2 piezas,Unidad SSD NVMe M.2 de 1 TB,1354.18,83,1,2026-01-15 10:00:00,2026-02-10 12:00:00
3944,P03944,Cinsa Olla de presion 6L color negro,Olla de presion de aluminio de 6 litros,906.21,55,1,2026-01-15 10:00:00,2026-02-10 12:00:00
3945,P03945,Logitech G502 Hero color blanco,Mouse gamer de alto rendimiento,1043.67,2,1,2026-01-15 10:00:00,2026-02-10 12:00:00
3946,P03946,Nike Revolution 7 presentacion familiar,Tenis deportivos para entrenamiento,1884.71,174,1,2026-01-15 10:00:00,2026-02-10 12:00:00
3947,P03947,SanDisk Ultra microSD 128GB version estandar,Tarjeta microSD de 128 GB,278.88,9,0,2026-01-15 10:00:00,2026-02-10 12:00:00
3948,P03948,Tefal Plancha Ultragliss version estandar,Plancha de vapor para ropa,819.95,114,1,2026-01-15 10:00:00,2026-02-10 12:00:00
3949,P03949,SanDisk Ultra microSD 128GB color blanco,Tarjeta microSD de 128 GB,251.26,165,1,2026-01-15 10:00:00,2026-02-10 12:00:00
3950,P03950,Logitech G502 Hero presentacion familiar,Mouse gamer de alto rendimiento,739.91,97,1,2026-01-15 10:00:00,2026-02-10 12:00:00
3951,P03951,Cinsa Olla de presion 6L paquete con 2 piezas,Olla de presion de aluminio de 6 litros,1101.02,180,1,2026-01-15 10:00:00,2026-02-10 12:00:00
3952,P03952,Cinsa Olla de presion 6L color blanco,Olla de presion de aluminio de 6 litros,808.14,47,1,2026-01-15 10:00:00,2026-02-10 12:00:00
3953,P03953,SanDisk Ultra microSD 128GB color blanco,Tarjeta microSD de 128 GB,384.48,280,1,2026-01-15 10:00:00,2026-02-10 12:00:00
3954,P03954,Gillette Mach3 presentacion familiar,Rastrillo para afeitar con tres hojas,150.23,84,1,2026-01-15 10:00:00,2026-02-10 12:00:00
3955,P03955,Colgate Total 12 color negro,Pasta dental de proteccion integral,73.95,16,1,2026-01-15 10:00:00,2026-02-10 12:00:00
3956,P03956,Colgate Total 12 color blanco,Pasta dental de proteccion integral,82.68,85,1,2026-01-15 10:00:00,2026-02-10 12:00:00
3957,P03957,Kingston NV2 1TB color negro,Unidad SSD NVMe M.2 de 1 TB,1212.22,81,1,2026-01-15 10:00:00,2026-02-10 12:00:00
3958,P03958,Cinsa Olla de presion 6L edicion especial,Olla de presion de aluminio de 6 litros,1178.33,258,1,2026-01-15 10:00:00,2026-02-10 12:00:00
3959,P03959,Logitech G502 Hero version estandar,Mouse gamer de alto rendimiento,970.63,263,1,2026-01-15 10:00:00,2026-02-10 12:00:00
3960,P03960,Sterilite Caja organizadora 40L color blanco,Caja plastica con tapa para almacenamiento,242.48,128,1,2026-01-15 10:00:00,2026-02-10 12:00:00
3961,P03961,Cinsa Olla de presion 6L color blanco,Olla de presion de aluminio de 6 litros,800.05,198,1,2026-01-15 10:00:00,2026-02-10 12:00:00
3962,P03962,Tefal Plancha Ultragliss presentacion familiar,Plancha de vapor para ropa,937.73,88,1,2026-01-15 10:00:00,2026-02-10 12:00:00
3963,P03963,Logitech G502 Hero color negro,Mouse gamer de alto rendimiento,1048.06,48,1,2026-01-15 10:00:00,2026-02-10 12:00:00
3964,P03964,Tefal Plancha Ultragliss presentacion familiar,Plancha de vapor para ropa,1073.73,70,1,2026-01-15 10:00:00,2026-02-10 12:00:00
3965,P03965,Tefal Plancha Ultragliss edicion especial,Plancha de vapor para ropa,948.79,101,1,2026-01-15 10:00:00,2026-02-10 12:00:00
3966,P03966,Tefal Plancha Ultragliss color negro,Plancha de vapor para ropa,1193.09,263,1,2026-01-15 10:00:00,2026-02-10 12:00:00
3967,P03967,Logitech G502 Hero presentacion familiar,Mouse gamer de alto rendimiento,709.07,216,1,2026-01-15 10:00:00,2026-02-10 12:00:00
3968,P03968,SanDisk Ultra microSD 128GB presentacion familiar,Tarjeta microSD de 128 GB,322.35,211,1,2026-01-15 10:00:00,2026-02-10 12:00:00
3969,P03969,Colgate Total 12 presentacion familiar,Pasta dental de proteccion integral,94.15,230,1,2026-01-15 10:00:00,2026-02-10 12:00:00
3970,P03970,Nike Revolution 7 color blanco,Tenis deportivos para entrenamiento,2031.01,33,1,2026-01-15 10:00:00,2026-02-10 12:00:00
3971,P03971,JBL Go 4 presentacion familiar,Bocina portatil Bluetooth,1012.09,134,1,2026-01-15 10:00:00,2026-02-10 12:00:00
3972,P03972,Tefal Plancha Ultragliss color negro,Plancha de vapor para ropa,933.65,259,1,2026-01-15 10:00:00,2026-02-10 12:00:00
3973,P03973,Colgate Total 12 edicion especial,Pasta dental de proteccion integral,68.36,99,1,2026-01-15 10:00:00,2026-02-10 12:00:00
3974,P03974,Colgate Total 12 color negro,Pasta dental de proteccion integral,93.53,127,1,2026-01-15 10:00:00,2026-02-10 12:00:00
3975,P03975,Nike Revolution 7 presentacion familiar,Tenis deportivos para entrenamiento,2003.57,146,1,2026-01-15 10:00:00,2026-02-10 12:00:00
3976,P03976,Gillette Mach3 modelo 2026,Rastrillo para afeitar con tres hojas,294.17,260,1,2026-01-15 10:00:00,2026-02-10 12:00:00
3977,P03977,Kingston NV2 1TB paquete con 2 piezas,Unidad SSD NVMe M.2 de 1 TB,1268.37,142,1,2026-01-15 10:00:00,2026-02-10 12:00:00
3978,P03978,Cinsa Olla de presion 6L color blanco,Olla de presion de aluminio de 6 litros,934.22,155,1,2026-01-15 10:00:00,2026-02-10 12:00:00
3979,P03979,Sterilite Caja organizadora 40L paquete con 2 piezas,Caja plastica con tapa para almacenamiento,418.16,128,1,2026-01-15 10:00:00,2026-02-10 12:00:00
3980,P03980,JBL Go 4 edicion especial,Bocina portatil Bluetooth,1023.81,47,1,2026-01-15 10:00:00,2026-02-10 12:00:00
3981,P03981,Sterilite Caja organizadora 40L paquete con 2 piezas,Caja plastica con tapa para almacenamiento,222.05,268,1,2026-01-15 10:00:00,2026-02-10 12:00:00
3982,P03982,Sterilite Caja organizadora 40L paquete con 2 piezas,Caja plastica con tapa para almacenamiento,224.37,238,1,2026-01-15 10:00:00,2026-02-10 12:00:00
3983,P03983,Cinsa Olla de presion 6L edicion especial,Olla de presion de aluminio de 6 litros,1149.47,233,1,2026-01-15 10:00:00,2026-02-10 12:00:00
3984,P03984,Kingston NV2 1TB paquete con 2 piezas,Unidad SSD NVMe M.2 de 1 TB,1006.59,252,1,2026-01-15 10:00:00,2026-02-10 12:00:00
3985,P03985,Cinsa Olla de presion 6L version estandar,Olla de presion de aluminio de 6 litros,879.84,120,1,2026-01-15 10:00:00,2026-02-10 12:00:00
3986,P03986,Kingston NV2 1TB color blanco,Unidad SSD NVMe M.2 de 1 TB,1350.95,214,1,2026-01-15 10:00:00,2026-02-10 12:00:00
3987,P03987,Cinsa Olla de presion 6L color negro,Olla de presion de aluminio de 6 litros,1048.37,103,1,2026-01-15 10:00:00,2026-02-10 12:00:00
3988,P03988,Logitech G502 Hero edicion especial,Mouse gamer de alto rendimiento,1082.35,106,1,2026-01-15 10:00:00,2026-02-10 12:00:00
3989,P03989,Nike Revolution 7 edicion especial,Tenis deportivos para entrenamiento,2047.38,282,1,2026-01-15 10:00:00,2026-02-10 12:00:00
3990,P03990,Tefal Plancha Ultragliss presentacion familiar,Plancha de vapor para ropa,842.17,28,1,2026-01-15 10:00:00,2026-02-10 12:00:00
3991,P03991,Gillette Mach3 color negro,Rastrillo para afeitar con tres hojas,193.72,211,1,2026-01-15 10:00:00,2026-02-10 12:00:00
3992,P03992,Gillette Mach3 edicion especial,Rastrillo para afeitar con tres hojas,186.32,131,1,2026-01-15 10:00:00,2026-02-10 12:00:00
3993,P03993,Kingston NV2 1TB presentacion familiar,Unidad SSD NVMe M.2 de 1 TB,1128.83,15,1,2026-01-15 10:00:00,2026-02-10 12:00:00
3994,P03994,SanDisk Ultra microSD 128GB color blanco,Tarjeta microSD de 128 GB,386.16,253,1,2026-01-15 10:00:00,2026-02-10 12:00:00
3995,P03995,JBL Go 4 version estandar,Bocina portatil Bluetooth,1213.73,273,1,2026-01-15 10:00:00,2026-02-10 12:00:00
3996,P03996,Tefal Plancha Ultragliss color negro,Plancha de vapor para ropa,1132.47,221,1,2026-01-15 10:00:00,2026-02-10 12:00:00
3997,P03997,Tefal Plancha Ultragliss edicion especial,Plancha de vapor para ropa,1184.85,213,1,2026-01-15 10:00:00,2026-02-10 12:00:00
3998,P03998,JBL Go 4 presentacion familiar,Bocina portatil Bluetooth,1021.33,29,1,2026-01-15 10:00:00,2026-02-10 12:00:00
3999,P03999,SanDisk Ultra microSD 128GB presentacion familiar,Tarjeta microSD de 128 GB,299.6,151,1,2026-01-15 10:00:00,2026-02-10 12:00:00
4000,P04000,Tefal Plancha Ultragliss color blanco,Plancha de vapor para ropa,1066.38,164,1,2026-01-15 10:00:00,2026-02-10 12:00:00
4001,P04001,Colgate Total 12 paquete con 2 piezas,Pasta dental de proteccion integral,54.71,279,1,2026-01-15 10:00:00,2026-02-10 12:00:00
4002,P04002,Cinsa Olla de presion 6L color blanco,Olla de presion de aluminio de 6 litros,807.17,272,1,2026-01-15 10:00:00,2026-02-10 12:00:00
4003,P04003,Colgate Total 12 color blanco,Pasta dental de proteccion integral,74,48,1,2026-01-15 10:00:00,2026-02-10 12:00:00
4004,P04004,Kingston NV2 1TB paquete con 2 piezas,Unidad SSD NVMe M.2 de 1 TB,1281.2,94,1,2026-01-15 10:00:00,2026-02-10 12:00:00
4005,P04005,Logitech G502 Hero edicion especial,Mouse gamer de alto rendimiento,779.68,158,1,2026-01-15 10:00:00,2026-02-10 12:00:00
4006,P04006,Tefal Plancha Ultragliss edicion especial,Plancha de vapor para ropa,1179.2,52,1,2026-01-15 10:00:00,2026-02-10 12:00:00
4007,P04007,Sterilite Caja organizadora 40L paquete con 2 piezas,Caja plastica con tapa para almacenamiento,385.81,69,1,2026-01-15 10:00:00,2026-02-10 12:00:00
4008,P04008,Tefal Plancha Ultragliss version estandar,Plancha de vapor para ropa,908.91,137,1,2026-01-15 10:00:00,2026-02-10 12:00:00
4009,P04009,Sterilite Caja organizadora 40L paquete con 2 piezas,Caja plastica con tapa para almacenamiento,274.51,104,1,2026-01-15 10:00:00,2026-02-10 12:00:00
4010,P04010,Colgate Total 12 color blanco,Pasta dental de proteccion integral,77.52,180,1,2026-01-15 10:00:00,2026-02-10 12:00:00
4011,P04011,Tefal Plancha Ultragliss presentacion familiar,Plancha de vapor para ropa,821.92,165,1,2026-01-15 10:00:00,2026-02-10 12:00:00
4012,P04012,Tefal Plancha Ultragliss paquete con 2 piezas,Plancha de vapor para ropa,1125.18,33,1,2026-01-15 10:00:00,2026-02-10 12:00:00
4013,P04013,Tefal Plancha Ultragliss presentacion familiar,Plancha de vapor para ropa,1035.44,4,1,2026-01-15 10:00:00,2026-02-10 12:00:00
4014,P04014,Cinsa Olla de presion 6L color blanco,Olla de presion de aluminio de 6 litros,831.06,70,1,2026-01-15 10:00:00,2026-02-10 12:00:00
4015,P04015,Logitech G502 Hero paquete con 2 piezas,Mouse gamer de alto rendimiento,710.97,48,1,2026-01-15 10:00:00,2026-02-10 12:00:00
4016,P04016,Sterilite Caja organizadora 40L version estandar,Caja plastica con tapa para almacenamiento,262.63,200,1,2026-01-15 10:00:00,2026-02-10 12:00:00
4017,P04017,Gillette Mach3 edicion especial,Rastrillo para afeitar con tres hojas,157.26,270,1,2026-01-15 10:00:00,2026-02-10 12:00:00
4018,P04018,Kingston NV2 1TB modelo 2026,Unidad SSD NVMe M.2 de 1 TB,1005.25,1,1,2026-01-15 10:00:00,2026-02-10 12:00:00
4019,P04019,Gillette Mach3 edicion especial,Rastrillo para afeitar con tres hojas,221.59,119,1,2026-01-15 10:00:00,2026-02-10 12:00:00
4020,P04020,Tefal Plancha Ultragliss modelo 2026,Plancha de vapor para ropa,938.34,189,1,2026-01-15 10:00:00,2026-02-10 12:00:00
4021,P04021,Colgate Total 12 edicion especial,Pasta dental de proteccion integral,90.81,77,1,2026-01-15 10:00:00,2026-02-10 12:00:00
4022,P04022,Colgate Total 12 edicion especial,Pasta dental de proteccion integral,64.42,66,1,2026-01-15 10:00:00,2026-02-10 12:00:00
4023,P04023,Cinsa Olla de presion 6L color negro,Olla de presion de aluminio de 6 litros,1082.4,157,1,2026-01-15 10:00:00,2026-02-10 12:00:00
4024,P04024,JBL Go 4 color negro,Bocina portatil Bluetooth,1192.71,242,1,2026-01-15 10:00:00,2026-02-10 12:00:00
4025,P04025,Nike Revolution 7 modelo 2026,Tenis deportivos para entrenamiento,1985.29,230,1,2026-01-15 10:00:00,2026-02-10 12:00:00
4026,P04026,Kingston NV2 1TB version estandar,Unidad SSD NVMe M.2 de 1 TB,1179.89,174,1,2026-01-15 10:00:00,2026-02-10 12:00:00
4027,P04027,Gillette Mach3 paquete con 2 piezas,Rastrillo para afeitar con tres hojas,166.97,123,1,2026-01-15 10:00:00,2026-02-10 12:00:00
4028,P04028,Colgate Total 12 color negro,Pasta dental de proteccion integral,67.19,184,1,2026-01-15 10:00:00,2026-02-10 12:00:00
4029,P04029,Colgate Total 12 edicion especial,Pasta dental de proteccion integral,54.92,229,1,2026-01-15 10:00:00,2026-02-10 12:00:00
4030,P04030,JBL Go 4 version estandar,Bocina portatil Bluetooth,1045.77,264,1,2026-01-15 10:00:00,2026-02-10 12:00:00
4031,P04031,Sterilite Caja organizadora 40L modelo 2026,Caja plastica con tapa para almacenamiento,225.4,275,1,2026-01-15 10:00:00,2026-02-10 12:00:00
4032,P04032,SanDisk Ultra microSD 128GB edicion especial,Tarjeta microSD de 128 GB,273.76,93,1,2026-01-15 10:00:00,2026-02-10 12:00:00
4033,P04033,Nike Revolution 7 modelo 2026,Tenis deportivos para entrenamiento,1859.59,0,1,2026-01-15 10:00:00,2026-02-10 12:00:00
4034,P04034,Tefal Plancha Ultragliss version estandar,Plancha de vapor para ropa,943.74,61,1,2026-01-15 10:00:00,2026-02-10 12:00:00
4035,P04035,Kingston NV2 1TB paquete con 2 piezas,Unidad SSD NVMe M.2 de 1 TB,1228.12,137,1,2026-01-15 10:00:00,2026-02-10 12:00:00
4036,P04036,Nike Revolution 7 modelo 2026,Tenis deportivos para entrenamiento,1692.23,118,1,2026-01-15 10:00:00,2026-02-10 12:00:00
4037,P04037,Gillette Mach3 color negro,Rastrillo para afeitar con tres hojas,286.81,185,1,2026-01-15 10:00:00,2026-02-10 12:00:00
4038,P04038,Logitech G502 Hero version estandar,Mouse gamer de alto rendimiento,889.43,63,1,2026-01-15 10:00:00,2026-02-10 12:00:00
4039,P04039,Nike Revolution 7 presentacion familiar,Tenis deportivos para entrenamiento,1873.17,68,1,2026-01-15 10:00:00,2026-02-10 12:00:00
4040,P04040,JBL Go 4 paquete con 2 piezas,Bocina portatil Bluetooth,1111.9,12,1,2026-01-15 10:00:00,2026-02-10 12:00:00
4041,P04041,Nike Revolution 7 modelo 2026,Tenis deportivos para entrenamiento,2149.14,97,1,2026-01-15 10:00:00,2026-02-10 12:00:00
4042,P04042,SanDisk Ultra microSD 128GB color negro,Tarjeta microSD de 128 GB,265.04,32,1,2026-01-15 10:00:00,2026-02-10 12:00:00
4043,P04043,Sterilite Caja organizadora 40L edicion especial,Caja plastica con tapa para almacenamiento,249.07,49,1,2026-01-15 10:00:00,2026-02-10 12:00:00
4044,P04044,Logitech G502 Hero version estandar,Mouse gamer de alto rendimiento,1052.26,17,1,2026-01-15 10:00:00,2026-02-10 12:00:00
4045,P04045,Nike Revolution 7 edicion especial,Tenis deportivos para entrenamiento,1647.11,192,1,2026-01-15 10:00:00,2026-02-10 12:00:00
4046,P04046,Kingston NV2 1TB modelo 2026,Unidad SSD NVMe M.2 de 1 TB,1419.53,91,1,2026-01-15 10:00:00,2026-02-10 12:00:00
4047,P04047,Gillette Mach3 color negro,Rastrillo para afeitar con tres hojas,161.72,173,1,2026-01-15 10:00:00,2026-02-10 12:00:00
4048,P04048,Nike Revolution 7 presentacion familiar,Tenis deportivos para entrenamiento,2032.22,290,1,2026-01-15 10:00:00,2026-02-10 12:00:00
4049,P04049,Sterilite Caja organizadora 40L version estandar,Caja plastica con tapa para almacenamiento,364.15,83,1,2026-01-15 10:00:00,2026-02-10 12:00:00
4050,P04050,Colgate Total 12 color blanco,Pasta dental de proteccion integral,52.72,113,1,2026-01-15 10:00:00,2026-02-10 12:00:00
4051,P04051,Sterilite Caja organizadora 40L color negro,Caja plastica con tapa para almacenamiento,419.24,123,1,2026-01-15 10:00:00,2026-02-10 12:00:00
4052,P04052,Cinsa Olla de presion 6L version estandar,Olla de presion de aluminio de 6 litros,920.52,118,1,2026-01-15 10:00:00,2026-02-10 12:00:00
4053,P04053,Cinsa Olla de presion 6L edicion especial,Olla de presion de aluminio de 6 litros,960.11,277,1,2026-01-15 10:00:00,2026-02-10 12:00:00
4054,P04054,Gillette Mach3 color blanco,Rastrillo para afeitar con tres hojas,269.5,31,1,2026-01-15 10:00:00,2026-02-10 12:00:00
4055,P04055,Sterilite Caja organizadora 40L modelo 2026,Caja plastica con tapa para almacenamiento,271.05,164,1,2026-01-15 10:00:00,2026-02-10 12:00:00
4056,P04056,Colgate Total 12 edicion especial,Pasta dental de proteccion integral,61.19,182,1,2026-01-15 10:00:00,2026-02-10 12:00:00
4057,P04057,Sterilite Caja organizadora 40L paquete con 2 piezas,Caja plastica con tapa para almacenamiento,312.49,148,1,2026-01-15 10:00:00,2026-02-10 12:00:00
4058,P04058,Sterilite Caja organizadora 40L modelo 2026,Caja plastica con tapa para almacenamiento,291.64,263,1,2026-01-15 10:00:00,2026-02-10 12:00:00
4059,P04059,JBL Go 4 color negro,Bocina portatil Bluetooth,1259.66,133,1,2026-01-15 10:00:00,2026-02-10 12:00:00
4060,P04060,Nike Revolution 7 edicion especial,Tenis deportivos para entrenamiento,1590.57,220,1,2026-01-15 10:00:00,2026-02-10 12:00:00
4061,P04061,JBL Go 4 modelo 2026,Bocina portatil Bluetooth,1081.1,123,1,2026-01-15 10:00:00,2026-02-10 12:00:00
4062,P04062,Sterilite Caja organizadora 40L color negro,Caja plastica con tapa para almacenamiento,425.27,248,1,2026-01-15 10:00:00,2026-02-10 12:00:00
4063,P04063,Colgate Total 12 edicion especial,Pasta dental de proteccion integral,75.83,20,1,2026-01-15 10:00:00,2026-02-10 12:00:00
4064,P04064,Colgate Total 12 edicion especial,Pasta dental de proteccion integral,86.76,65,1,2026-01-15 10:00:00,2026-02-10 12:00:00
4065,P04065,Tefal Plancha Ultragliss paquete con 2 piezas,Plancha de vapor para ropa,1044.45,283,1,2026-01-15 10:00:00,2026-02-10 12:00:00
4066,P04066,Nike Revolution 7 color negro,Tenis deportivos para entrenamiento,1941.79,157,1,2026-01-15 10:00:00,2026-02-10 12:00:00
4067,P04067,Cinsa Olla de presion 6L edicion especial,Olla de presion de aluminio de 6 litros,981.79,68,1,2026-01-15 10:00:00,2026-02-10 12:00:00
4068,P04068,Logitech G502 Hero version estandar,Mouse gamer de alto rendimiento,815.07,100,1,2026-01-15 10:00:00,2026-02-10 12:00:00
4069,P04069,JBL Go 4 edicion especial,Bocina portatil Bluetooth,921.68,288,1,2026-01-15 10:00:00,2026-02-10 12:00:00
4070,P04070,Gillette Mach3 color negro,Rastrillo para afeitar con tres hojas,281.28,288,1,2026-01-15 10:00:00,2026-02-10 12:00:00
4071,P04071,SanDisk Ultra microSD 128GB modelo 2026,Tarjeta microSD de 128 GB,381.74,64,1,2026-01-15 10:00:00,2026-02-10 12:00:00
4072,P04072,Gillette Mach3 version estandar,Rastrillo para afeitar con tres hojas,181.59,288,1,2026-01-15 10:00:00,2026-02-10 12:00:00
4073,P04073,Gillette Mach3 modelo 2026,Rastrillo para afeitar con tres hojas,279.8,165,1,2026-01-15 10:00:00,2026-02-10 12:00:00
4074,P04074,Nike Revolution 7 paquete con 2 piezas,Tenis deportivos para entrenamiento,2111.39,206,1,2026-01-15 10:00:00,2026-02-10 12:00:00
4075,P04075,Gillette Mach3 color blanco,Rastrillo para afeitar con tres hojas,195.69,62,1,2026-01-15 10:00:00,2026-02-10 12:00:00
4076,P04076,SanDisk Ultra microSD 128GB modelo 2026,Tarjeta microSD de 128 GB,375.31,79,1,2026-01-15 10:00:00,2026-02-10 12:00:00
4077,P04077,Kingston NV2 1TB paquete con 2 piezas,Unidad SSD NVMe M.2 de 1 TB,1286.75,34,1,2026-01-15 10:00:00,2026-02-10 12:00:00
4078,P04078,JBL Go 4 color negro,Bocina portatil Bluetooth,958.69,230,1,2026-01-15 10:00:00,2026-02-10 12:00:00
4079,P04079,SanDisk Ultra microSD 128GB modelo 2026,Tarjeta microSD de 128 GB,341.68,70,1,2026-01-15 10:00:00,2026-02-10 12:00:00
4080,P04080,Logitech G502 Hero version estandar,Mouse gamer de alto rendimiento,874.37,243,1,2026-01-15 10:00:00,2026-02-10 12:00:00
4081,P04081,SanDisk Ultra microSD 128GB edicion especial,Tarjeta microSD de 128 GB,269.45,92,1,2026-01-15 10:00:00,2026-02-10 12:00:00
4082,P04082,JBL Go 4 color negro,Bocina portatil Bluetooth,1105.93,92,1,2026-01-15 10:00:00,2026-02-10 12:00:00
4083,P04083,Colgate Total 12 version estandar,Pasta dental de proteccion integral,95.24,42,1,2026-01-15 10:00:00,2026-02-10 12:00:00
4084,P04084,Tefal Plancha Ultragliss modelo 2026,Plancha de vapor para ropa,1030.35,198,1,2026-01-15 10:00:00,2026-02-10 12:00:00
4085,P04085,Sterilite Caja organizadora 40L modelo 2026,Caja plastica con tapa para almacenamiento,437.58,271,1,2026-01-15 10:00:00,2026-02-10 12:00:00
4086,P04086,Sterilite Caja organizadora 40L presentacion familiar,Caja plastica con tapa para almacenamiento,326.45,96,1,2026-01-15 10:00:00,2026-02-10 12:00:00
4087,P04087,Tefal Plancha Ultragliss presentacion familiar,Plancha de vapor para ropa,861.47,50,1,2026-01-15 10:00:00,2026-02-10 12:00:00
4088,P04088,Tefal Plancha Ultragliss modelo 2026,Plancha de vapor para ropa,1103.21,190,1,2026-01-15 10:00:00,2026-02-10 12:00:00
4089,P04089,JBL Go 4 edicion especial,Bocina portatil Bluetooth,1258.09,267,1,2026-01-15 10:00:00,2026-02-10 12:00:00
4090,P04090,Tefal Plancha Ultragliss edicion especial,Plancha de vapor para ropa,1110.61,157,1,2026-01-15 10:00:00,2026-02-10 12:00:00
4091,P04091,Colgate Total 12 paquete con 2 piezas,Pasta dental de proteccion integral,71.74,25,1,2026-01-15 10:00:00,2026-02-10 12:00:00
4092,P04092,Nike Revolution 7 presentacion familiar,Tenis deportivos para entrenamiento,1681.43,219,1,2026-01-15 10:00:00,2026-02-10 12:00:00
4093,P04093,Gillette Mach3 color blanco,Rastrillo para afeitar con tres hojas,216.82,94,1,2026-01-15 10:00:00,2026-02-10 12:00:00
4094,P04094,JBL Go 4 edicion especial,Bocina portatil Bluetooth,933.81,65,1,2026-01-15 10:00:00,2026-02-10 12:00:00
4095,P04095,Logitech G502 Hero color negro,Mouse gamer de alto rendimiento,1009.54,116,1,2026-01-15 10:00:00,2026-02-10 12:00:00
4096,P04096,Tefal Plancha Ultragliss version estandar,Plancha de vapor para ropa,1092.43,11,1,2026-01-15 10:00:00,2026-02-10 12:00:00
4097,P04097,Colgate Total 12 paquete con 2 piezas,Pasta dental de proteccion integral,82.23,3,1,2026-01-15 10:00:00,2026-02-10 12:00:00
4098,P04098,Colgate Total 12 presentacion familiar,Pasta dental de proteccion integral,63.1,252,1,2026-01-15 10:00:00,2026-02-10 12:00:00
4099,P04099,JBL Go 4 paquete con 2 piezas,Bocina portatil Bluetooth,1083.43,199,1,2026-01-15 10:00:00,2026-02-10 12:00:00
4100,P04100,JBL Go 4 edicion especial,Bocina portatil Bluetooth,1111.16,252,1,2026-01-15 10:00:00,2026-02-10 12:00:00
4101,P04101,JBL Go 4 presentacion familiar,Bocina portatil Bluetooth,1149.51,58,1,2026-01-15 10:00:00,2026-02-10 12:00:00
4102,P04102,JBL Go 4 paquete con 2 piezas,Bocina portatil Bluetooth,1284.5,123,1,2026-01-15 10:00:00,2026-02-10 12:00:00
4103,P04103,Colgate Total 12 color blanco,Pasta dental de proteccion integral,86.7,226,1,2026-01-15 10:00:00,2026-02-10 12:00:00
4104,P04104,SanDisk Ultra microSD 128GB color blanco,Tarjeta microSD de 128 GB,298.15,161,1,2026-01-15 10:00:00,2026-02-10 12:00:00
4105,P04105,SanDisk Ultra microSD 128GB edicion especial,Tarjeta microSD de 128 GB,340.45,109,1,2026-01-15 10:00:00,2026-02-10 12:00:00
4106,P04106,Kingston NV2 1TB color blanco,Unidad SSD NVMe M.2 de 1 TB,1194.18,251,1,2026-01-15 10:00:00,2026-02-10 12:00:00
4107,P04107,Cinsa Olla de presion 6L edicion especial,Olla de presion de aluminio de 6 litros,816.38,90,1,2026-01-15 10:00:00,2026-02-10 12:00:00
4108,P04108,Colgate Total 12 edicion especial,Pasta dental de proteccion integral,78.45,108,1,2026-01-15 10:00:00,2026-02-10 12:00:00
4109,P04109,Kingston NV2 1TB edicion especial,Unidad SSD NVMe M.2 de 1 TB,1079.84,77,1,2026-01-15 10:00:00,2026-02-10 12:00:00
4110,P04110,Cinsa Olla de presion 6L color negro,Olla de presion de aluminio de 6 litros,866.3,31,1,2026-01-15 10:00:00,2026-02-10 12:00:00
4111,P04111,Colgate Total 12 modelo 2026,Pasta dental de proteccion integral,54.63,236,1,2026-01-15 10:00:00,2026-02-10 12:00:00
4112,P04112,SanDisk Ultra microSD 128GB edicion especial,Tarjeta microSD de 128 GB,317.49,147,1,2026-01-15 10:00:00,2026-02-10 12:00:00
4113,P04113,Logitech G502 Hero color blanco,Mouse gamer de alto rendimiento,806.83,284,1,2026-01-15 10:00:00,2026-02-10 12:00:00
4114,P04114,Nike Revolution 7 paquete con 2 piezas,Tenis deportivos para entrenamiento,1914.67,141,1,2026-01-15 10:00:00,2026-02-10 12:00:00
4115,P04115,Sterilite Caja organizadora 40L color negro,Caja plastica con tapa para almacenamiento,202.61,291,1,2026-01-15 10:00:00,2026-02-10 12:00:00
4116,P04116,Cinsa Olla de presion 6L modelo 2026,Olla de presion de aluminio de 6 litros,1113.97,37,1,2026-01-15 10:00:00,2026-02-10 12:00:00
4117,P04117,SanDisk Ultra microSD 128GB version estandar,Tarjeta microSD de 128 GB,326.04,252,1,2026-01-15 10:00:00,2026-02-10 12:00:00
4118,P04118,Sterilite Caja organizadora 40L presentacion familiar,Caja plastica con tapa para almacenamiento,306.92,165,1,2026-01-15 10:00:00,2026-02-10 12:00:00
4119,P04119,SanDisk Ultra microSD 128GB edicion especial,Tarjeta microSD de 128 GB,351.85,194,1,2026-01-15 10:00:00,2026-02-10 12:00:00
4120,P04120,Nike Revolution 7 modelo 2026,Tenis deportivos para entrenamiento,1817.96,202,1,2026-01-15 10:00:00,2026-02-10 12:00:00
4121,P04121,Gillette Mach3 edicion especial,Rastrillo para afeitar con tres hojas,208.28,211,1,2026-01-15 10:00:00,2026-02-10 12:00:00
4122,P04122,Kingston NV2 1TB modelo 2026,Unidad SSD NVMe M.2 de 1 TB,1257.89,24,1,2026-01-15 10:00:00,2026-02-10 12:00:00
4123,P04123,Logitech G502 Hero modelo 2026,Mouse gamer de alto rendimiento,921.04,96,1,2026-01-15 10:00:00,2026-02-10 12:00:00
4124,P04124,Nike Revolution 7 paquete con 2 piezas,Tenis deportivos para entrenamiento,2184.66,6,1,2026-01-15 10:00:00,2026-02-10 12:00:00
4125,P04125,Logitech G502 Hero edicion especial,Mouse gamer de alto rendimiento,703.52,0,1,2026-01-15 10:00:00,2026-02-10 12:00:00
4126,P04126,Sterilite Caja organizadora 40L color negro,Caja plastica con tapa para almacenamiento,323.97,216,1,2026-01-15 10:00:00,2026-02-10 12:00:00
4127,P04127,Colgate Total 12 version estandar,Pasta dental de proteccion integral,74.33,284,1,2026-01-15 10:00:00,2026-02-10 12:00:00
4128,P04128,Colgate Total 12 presentacion familiar,Pasta dental de proteccion integral,66.66,101,1,2026-01-15 10:00:00,2026-02-10 12:00:00
4129,P04129,Logitech G502 Hero modelo 2026,Mouse gamer de alto rendimiento,808.8,24,1,2026-01-15 10:00:00,2026-02-10 12:00:00
4130,P04130,Nike Revolution 7 modelo 2026,Tenis deportivos para entrenamiento,2100.3,128,1,2026-01-15 10:00:00,2026-02-10 12:00:00
4131,P04131,Nike Revolution 7 presentacion familiar,Tenis deportivos para entrenamiento,1858.64,32,1,2026-01-15 10:00:00,2026-02-10 12:00:00
4132,P04132,Sterilite Caja organizadora 40L presentacion familiar,Caja plastica con tapa para almacenamiento,330.28,197,1,2026-01-15 10:00:00,2026-02-10 12:00:00
4133,P04133,Nike Revolution 7 color blanco,Tenis deportivos para entrenamiento,1601.72,134,1,2026-01-15 10:00:00,2026-02-10 12:00:00
4134,P04134,Colgate Total 12 version estandar,Pasta dental de proteccion integral,92.11,162,1,2026-01-15 10:00:00,2026-02-10 12:00:00
4135,P04135,Kingston NV2 1TB edicion especial,Unidad SSD NVMe M.2 de 1 TB,1494.28,51,1,2026-01-15 10:00:00,2026-02-10 12:00:00
4136,P04136,Tefal Plancha Ultragliss presentacion familiar,Plancha de vapor para ropa,833.57,135,1,2026-01-15 10:00:00,2026-02-10 12:00:00
4137,P04137,Logitech G502 Hero edicion especial,Mouse gamer de alto rendimiento,801.85,121,1,2026-01-15 10:00:00,2026-02-10 12:00:00
4138,P04138,Sterilite Caja organizadora 40L color negro,Caja plastica con tapa para almacenamiento,232.36,225,1,2026-01-15 10:00:00,2026-02-10 12:00:00
4139,P04139,Cinsa Olla de presion 6L modelo 2026,Olla de presion de aluminio de 6 litros,1091.45,187,1,2026-01-15 10:00:00,2026-02-10 12:00:00
4140,P04140,SanDisk Ultra microSD 128GB version estandar,Tarjeta microSD de 128 GB,250.67,157,1,2026-01-15 10:00:00,2026-02-10 12:00:00
4141,P04141,Nike Revolution 7 color negro,Tenis deportivos para entrenamiento,1581.41,213,1,2026-01-15 10:00:00,2026-02-10 12:00:00
4142,P04142,Logitech G502 Hero color blanco,Mouse gamer de alto rendimiento,965.8,158,1,2026-01-15 10:00:00,2026-02-10 12:00:00
4143,P04143,Sterilite Caja organizadora 40L color negro,Caja plastica con tapa para almacenamiento,419,81,1,2026-01-15 10:00:00,2026-02-10 12:00:00
4144,P04144,Sterilite Caja organizadora 40L modelo 2026,Caja plastica con tapa para almacenamiento,408.17,262,1,2026-01-15 10:00:00,2026-02-10 12:00:00
4145,P04145,Gillette Mach3 presentacion familiar,Rastrillo para afeitar con tres hojas,168.15,64,1,2026-01-15 10:00:00,2026-02-10 12:00:00
4146,P04146,Nike Revolution 7 presentacion familiar,Tenis deportivos para entrenamiento,2133.76,28,1,2026-01-15 10:00:00,2026-02-10 12:00:00
4147,P04147,Sterilite Caja organizadora 40L version estandar,Caja plastica con tapa para almacenamiento,273.55,28,1,2026-01-15 10:00:00,2026-02-10 12:00:00
4148,P04148,Colgate Total 12 paquete con 2 piezas,Pasta dental de proteccion integral,60.32,246,1,2026-01-15 10:00:00,2026-02-10 12:00:00
4149,P04149,Tefal Plancha Ultragliss edicion especial,Plancha de vapor para ropa,938.24,229,1,2026-01-15 10:00:00,2026-02-10 12:00:00
4150,P04150,Nike Revolution 7 version estandar,Tenis deportivos para entrenamiento,1845.64,29,1,2026-01-15 10:00:00,2026-02-10 12:00:00
4151,P04151,Nike Revolution 7 color negro,Tenis deportivos para entrenamiento,1971.53,6,1,2026-01-15 10:00:00,2026-02-10 12:00:00
4152,P04152,Nike Revolution 7 presentacion familiar,Tenis deportivos para entrenamiento,1824.67,223,1,2026-01-15 10:00:00,2026-02-10 12:00:00
4153,P04153,Nike Revolution 7 modelo 2026,Tenis deportivos para entrenamiento,1691.15,80,1,2026-01-15 10:00:00,2026-02-10 12:00:00
4154,P04154,Sterilite Caja organizadora 40L modelo 2026,Caja plastica con tapa para almacenamiento,377.04,278,1,2026-01-15 10:00:00,2026-02-10 12:00:00
4155,P04155,Gillette Mach3 color blanco,Rastrillo para afeitar con tres hojas,234.09,178,1,2026-01-15 10:00:00,2026-02-10 12:00:00
4156,P04156,Tefal Plancha Ultragliss color negro,Plancha de vapor para ropa,1004.27,157,1,2026-01-15 10:00:00,2026-02-10 12:00:00
4157,P04157,Gillette Mach3 modelo 2026,Rastrillo para afeitar con tres hojas,187.92,102,1,2026-01-15 10:00:00,2026-02-10 12:00:00
4158,P04158,Gillette Mach3 color blanco,Rastrillo para afeitar con tres hojas,244.6,170,1,2026-01-15 10:00:00,2026-02-10 12:00:00
4159,P04159,Gillette Mach3 version estandar,Rastrillo para afeitar con tres hojas,169.63,133,1,2026-01-15 10:00:00,2026-02-10 12:00:00
4160,P04160,Nike Revolution 7 paquete con 2 piezas,Tenis deportivos para entrenamiento,2134.4,109,1,2026-01-15 10:00:00,2026-02-10 12:00:00
4161,P04161,Nike Revolution 7 version estandar,Tenis deportivos para entrenamiento,2080.79,181,1,2026-01-15 10:00:00,2026-02-10 12:00:00
4162,P04162,Logitech G502 Hero edicion especial,Mouse gamer de alto rendimiento,1009.76,240,1,2026-01-15 10:00:00,2026-02-10 12:00:00
4163,P04163,Colgate Total 12 color negro,Pasta dental de proteccion integral,93.7,129,1,2026-01-15 10:00:00,2026-02-10 12:00:00
4164,P04164,Logitech G502 Hero edicion especial,Mouse gamer de alto rendimiento,806.5,266,1,2026-01-15 10:00:00,2026-02-10 12:00:00
4165,P04165,Cinsa Olla de presion 6L edicion especial,Olla de presion de aluminio de 6 litros,1120.03,46,1,2026-01-15 10:00:00,2026-02-10 12:00:00
4166,P04166,Sterilite Caja organizadora 40L presentacion familiar,Caja plastica con tapa para almacenamiento,368.5,264,1,2026-01-15 10:00:00,2026-02-10 12:00:00
4167,P04167,Logitech G502 Hero modelo 2026,Mouse gamer de alto rendimiento,798.08,123,1,2026-01-15 10:00:00,2026-02-10 12:00:00
4168,P04168,Tefal Plancha Ultragliss paquete con 2 piezas,Plancha de vapor para ropa,815.9,235,1,2026-01-15 10:00:00,2026-02-10 12:00:00
4169,P04169,Gillette Mach3 paquete con 2 piezas,Rastrillo para afeitar con tres hojas,264.47,64,1,2026-01-15 10:00:00,2026-02-10 12:00:00
4170,P04170,Gillette Mach3 color blanco,Rastrillo para afeitar con tres hojas,238.63,152,1,2026-01-15 10:00:00,2026-02-10 12:00:00
4171,P04171,Logitech G502 Hero edicion especial,Mouse gamer de alto rendimiento,981.76,69,1,2026-01-15 10:00:00,2026-02-10 12:00:00
4172,P04172,Cinsa Olla de presion 6L paquete con 2 piezas,Olla de presion de aluminio de 6 litros,1053.93,155,1,2026-01-15 10:00:00,2026-02-10 12:00:00
4173,P04173,Cinsa Olla de presion 6L paquete con 2 piezas,Olla de presion de aluminio de 6 litros,911.91,117,1,2026-01-15 10:00:00,2026-02-10 12:00:00
4174,P04174,JBL Go 4 color negro,Bocina portatil Bluetooth,1134.99,213,1,2026-01-15 10:00:00,2026-02-10 12:00:00
4175,P04175,Colgate Total 12 color blanco,Pasta dental de proteccion integral,80.84,68,1,2026-01-15 10:00:00,2026-02-10 12:00:00
4176,P04176,SanDisk Ultra microSD 128GB version estandar,Tarjeta microSD de 128 GB,289.88,111,1,2026-01-15 10:00:00,2026-02-10 12:00:00
4177,P04177,Sterilite Caja organizadora 40L presentacion familiar,Caja plastica con tapa para almacenamiento,298.27,222,1,2026-01-15 10:00:00,2026-02-10 12:00:00
4178,P04178,Sterilite Caja organizadora 40L presentacion familiar,Caja plastica con tapa para almacenamiento,418.42,76,1,2026-01-15 10:00:00,2026-02-10 12:00:00
4179,P04179,Logitech G502 Hero version estandar,Mouse gamer de alto rendimiento,790.19,97,1,2026-01-15 10:00:00,2026-02-10 12:00:00
4180,P04180,JBL Go 4 edicion especial,Bocina portatil Bluetooth,1209.85,236,1,2026-01-15 10:00:00,2026-02-10 12:00:00
4181,P04181,Gillette Mach3 color negro,Rastrillo para afeitar con tres hojas,194.58,86,1,2026-01-15 10:00:00,2026-02-10 12:00:00
4182,P04182,Logitech G502 Hero modelo 2026,Mouse gamer de alto rendimiento,837.06,86,1,2026-01-15 10:00:00,2026-02-10 12:00:00
4183,P04183,Colgate Total 12 presentacion familiar,Pasta dental de proteccion integral,76.84,18,1,2026-01-15 10:00:00,2026-02-10 12:00:00
4184,P04184,Kingston NV2 1TB version estandar,Unidad SSD NVMe M.2 de 1 TB,1100.05,170,1,2026-01-15 10:00:00,2026-02-10 12:00:00
4185,P04185,Cinsa Olla de presion 6L version estandar,Olla de presion de aluminio de 6 litros,972.72,3,1,2026-01-15 10:00:00,2026-02-10 12:00:00
4186,P04186,Nike Revolution 7 color negro,Tenis deportivos para entrenamiento,1543.86,111,1,2026-01-15 10:00:00,2026-02-10 12:00:00
4187,P04187,Gillette Mach3 edicion especial,Rastrillo para afeitar con tres hojas,171.72,158,1,2026-01-15 10:00:00,2026-02-10 12:00:00
4188,P04188,Kingston NV2 1TB version estandar,Unidad SSD NVMe M.2 de 1 TB,1117.75,53,1,2026-01-15 10:00:00,2026-02-10 12:00:00
4189,P04189,Nike Revolution 7 paquete con 2 piezas,Tenis deportivos para entrenamiento,1904.11,20,1,2026-01-15 10:00:00,2026-02-10 12:00:00
4190,P04190,Logitech G502 Hero version estandar,Mouse gamer de alto rendimiento,759.33,225,1,2026-01-15 10:00:00,2026-02-10 12:00:00
4191,P04191,Cinsa Olla de presion 6L presentacion familiar,Olla de presion de aluminio de 6 litros,1075.05,154,1,2026-01-15 10:00:00,2026-02-10 12:00:00
4192,P04192,Nike Revolution 7 color blanco,Tenis deportivos para entrenamiento,1879.79,28,1,2026-01-15 10:00:00,2026-02-10 12:00:00
4193,P04193,Colgate Total 12 presentacion familiar,Pasta dental de proteccion integral,54.26,3,1,2026-01-15 10:00:00,2026-02-10 12:00:00
4194,P04194,Logitech G502 Hero paquete con 2 piezas,Mouse gamer de alto rendimiento,1081.94,70,1,2026-01-15 10:00:00,2026-02-10 12:00:00
4195,P04195,Logitech G502 Hero color blanco,Mouse gamer de alto rendimiento,766.51,59,1,2026-01-15 10:00:00,2026-02-10 12:00:00
4196,P04196,Sterilite Caja organizadora 40L version estandar,Caja plastica con tapa para almacenamiento,391,90,1,2026-01-15 10:00:00,2026-02-10 12:00:00
4197,P04197,Nike Revolution 7 edicion especial,Tenis deportivos para entrenamiento,1643.07,187,1,2026-01-15 10:00:00,2026-02-10 12:00:00
4198,P04198,JBL Go 4 paquete con 2 piezas,Bocina portatil Bluetooth,1278.43,85,1,2026-01-15 10:00:00,2026-02-10 12:00:00
4199,P04199,Kingston NV2 1TB modelo 2026,Unidad SSD NVMe M.2 de 1 TB,1383.19,25,1,2026-01-15 10:00:00,2026-02-10 12:00:00
4200,P04200,Tefal Plancha Ultragliss edicion especial,Plancha de vapor para ropa,823.76,283,1,2026-01-15 10:00:00,2026-02-10 12:00:00
4201,P04201,Gillette Mach3 color blanco,Rastrillo para afeitar con tres hojas,168.51,61,1,2026-01-15 10:00:00,2026-02-10 12:00:00
4202,P04202,Kingston NV2 1TB version estandar,Unidad SSD NVMe M.2 de 1 TB,1425.86,296,1,2026-01-15 10:00:00,2026-02-10 12:00:00
4203,P04203,Colgate Total 12 color negro,Pasta dental de proteccion integral,52.98,127,1,2026-01-15 10:00:00,2026-02-10 12:00:00
4204,P04204,Logitech G502 Hero edicion especial,Mouse gamer de alto rendimiento,837.95,236,1,2026-01-15 10:00:00,2026-02-10 12:00:00
4205,P04205,Logitech G502 Hero paquete con 2 piezas,Mouse gamer de alto rendimiento,1071.55,151,1,2026-01-15 10:00:00,2026-02-10 12:00:00
4206,P04206,SanDisk Ultra microSD 128GB edicion especial,Tarjeta microSD de 128 GB,273.91,279,1,2026-01-15 10:00:00,2026-02-10 12:00:00
4207,P04207,Cinsa Olla de presion 6L color negro,Olla de presion de aluminio de 6 litros,1000.95,83,1,2026-01-15 10:00:00,2026-02-10 12:00:00
4208,P04208,JBL Go 4 color blanco,Bocina portatil Bluetooth,1174.34,107,1,2026-01-15 10:00:00,2026-02-10 12:00:00
4209,P04209,Logitech G502 Hero paquete con 2 piezas,Mouse gamer de alto rendimiento,758.73,269,1,2026-01-15 10:00:00,2026-02-10 12:00:00
4210,P04210,Kingston NV2 1TB edicion especial,Unidad SSD NVMe M.2 de 1 TB,1038.64,141,1,2026-01-15 10:00:00,2026-02-10 12:00:00
4211,P04211,Colgate Total 12 paquete con 2 piezas,Pasta dental de proteccion integral,50.02,200,1,2026-01-15 10:00:00,2026-02-10 12:00:00
4212,P04212,Cinsa Olla de presion 6L edicion especial,Olla de presion de aluminio de 6 litros,920.57,213,1,2026-01-15 10:00:00,2026-02-10 12:00:00
4213,P04213,SanDisk Ultra microSD 128GB color blanco,Tarjeta microSD de 128 GB,274.41,101,1,2026-01-15 10:00:00,2026-02-10 12:00:00
4214,P04214,Colgate Total 12 edicion especial,Pasta dental de proteccion integral,80.17,174,1,2026-01-15 10:00:00,2026-02-10 12:00:00
4215,P04215,Sterilite Caja organizadora 40L paquete con 2 piezas,Caja plastica con tapa para almacenamiento,216.61,149,1,2026-01-15 10:00:00,2026-02-10 12:00:00
4216,P04216,Logitech G502 Hero modelo 2026,Mouse gamer de alto rendimiento,931.06,226,1,2026-01-15 10:00:00,2026-02-10 12:00:00
4217,P04217,Cinsa Olla de presion 6L modelo 2026,Olla de presion de aluminio de 6 litros,1009.16,227,1,2026-01-15 10:00:00,2026-02-10 12:00:00
4218,P04218,JBL Go 4 edicion especial,Bocina portatil Bluetooth,1125.07,109,1,2026-01-15 10:00:00,2026-02-10 12:00:00
4219,P04219,Cinsa Olla de presion 6L edicion especial,Olla de presion de aluminio de 6 litros,1158.52,35,1,2026-01-15 10:00:00,2026-02-10 12:00:00
4220,P04220,JBL Go 4 edicion especial,Bocina portatil Bluetooth,1211.41,186,1,2026-01-15 10:00:00,2026-02-10 12:00:00
4221,P04221,JBL Go 4 color negro,Bocina portatil Bluetooth,1268.75,128,1,2026-01-15 10:00:00,2026-02-10 12:00:00
4222,P04222,Sterilite Caja organizadora 40L version estandar,Caja plastica con tapa para almacenamiento,382.18,104,1,2026-01-15 10:00:00,2026-02-10 12:00:00
4223,P04223,Colgate Total 12 edicion especial,Pasta dental de proteccion integral,59.45,8,0,2026-01-15 10:00:00,2026-02-10 12:00:00
4224,P04224,Tefal Plancha Ultragliss edicion especial,Plancha de vapor para ropa,813.84,193,1,2026-01-15 10:00:00,2026-02-10 12:00:00
4225,P04225,Kingston NV2 1TB edicion especial,Unidad SSD NVMe M.2 de 1 TB,1224.64,300,1,2026-01-15 10:00:00,2026-02-10 12:00:00
4226,P04226,Tefal Plancha Ultragliss version estandar,Plancha de vapor para ropa,1162.7,126,1,2026-01-15 10:00:00,2026-02-10 12:00:00
4227,P04227,Sterilite Caja organizadora 40L paquete con 2 piezas,Caja plastica con tapa para almacenamiento,243.02,198,1,2026-01-15 10:00:00,2026-02-10 12:00:00
4228,P04228,JBL Go 4 presentacion familiar,Bocina portatil Bluetooth,985.9,125,1,2026-01-15 10:00:00,2026-02-10 12:00:00
4229,P04229,JBL Go 4 presentacion familiar,Bocina portatil Bluetooth,946.86,196,1,2026-01-15 10:00:00,2026-02-10 12:00:00
4230,P04230,Cinsa Olla de presion 6L presentacion familiar,Olla de presion de aluminio de 6 litros,1118.52,292,1,2026-01-15 10:00:00,2026-02-10 12:00:00
4231,P04231,Cinsa Olla de presion 6L presentacion familiar,Olla de presion de aluminio de 6 litros,1135.47,78,1,2026-01-15 10:00:00,2026-02-10 12:00:00
4232,P04232,Tefal Plancha Ultragliss color blanco,Plancha de vapor para ropa,1021.61,270,1,2026-01-15 10:00:00,2026-02-10 12:00:00
4233,P04233,Nike Revolution 7 edicion especial,Tenis deportivos para entrenamiento,1656.93,292,1,2026-01-15 10:00:00,2026-02-10 12:00:00
4234,P04234,SanDisk Ultra microSD 128GB modelo 2026,Tarjeta microSD de 128 GB,382.4,147,1,2026-01-15 10:00:00,2026-02-10 12:00:00
4235,P04235,Gillette Mach3 presentacion familiar,Rastrillo para afeitar con tres hojas,286.23,44,1,2026-01-15 10:00:00,2026-02-10 12:00:00
4236,P04236,Tefal Plancha Ultragliss modelo 2026,Plancha de vapor para ropa,854.47,137,1,2026-01-15 10:00:00,2026-02-10 12:00:00
4237,P04237,Logitech G502 Hero modelo 2026,Mouse gamer de alto rendimiento,717.4,154,1,2026-01-15 10:00:00,2026-02-10 12:00:00
4238,P04238,JBL Go 4 version estandar,Bocina portatil Bluetooth,1095.95,59,1,2026-01-15 10:00:00,2026-02-10 12:00:00
4239,P04239,Sterilite Caja organizadora 40L edicion especial,Caja plastica con tapa para almacenamiento,405.67,122,1,2026-01-15 10:00:00,2026-02-10 12:00:00
4240,P04240,JBL Go 4 modelo 2026,Bocina portatil Bluetooth,1253.52,278,1,2026-01-15 10:00:00,2026-02-10 12:00:00
4241,P04241,Colgate Total 12 paquete con 2 piezas,Pasta dental de proteccion integral,89.84,2,1,2026-01-15 10:00:00,2026-02-10 12:00:00
4242,P04242,Kingston NV2 1TB presentacion familiar,Unidad SSD NVMe M.2 de 1 TB,1414.36,56,1,2026-01-15 10:00:00,2026-02-10 12:00:00
4243,P04243,Colgate Total 12 modelo 2026,Pasta dental de proteccion integral,57.28,42,1,2026-01-15 10:00:00,2026-02-10 12:00:00
4244,P04244,Colgate Total 12 version estandar,Pasta dental de proteccion integral,74.33,0,0,2026-01-15 10:00:00,2026-02-10 12:00:00
4245,P04245,Kingston NV2 1TB color blanco,Unidad SSD NVMe M.2 de 1 TB,1414.89,12,1,2026-01-15 10:00:00,2026-02-10 12:00:00
4246,P04246,JBL Go 4 edicion especial,Bocina portatil Bluetooth,1294.65,7,0,2026-01-15 10:00:00,2026-02-10 12:00:00
4247,P04247,Nike Revolution 7 color negro,Tenis deportivos para entrenamiento,1832.47,7,0,2026-01-15 10:00:00,2026-02-10 12:00:00
4248,P04248,Cinsa Olla de presion 6L color blanco,Olla de presion de aluminio de 6 litros,1001.21,84,1,2026-01-15 10:00:00,2026-02-10 12:00:00
4249,P04249,Nike Revolution 7 presentacion familiar,Tenis deportivos para entrenamiento,1900.25,219,1,2026-01-15 10:00:00,2026-02-10 12:00:00
4250,P04250,Tefal Plancha Ultragliss paquete con 2 piezas,Plancha de vapor para ropa,930.32,245,1,2026-01-15 10:00:00,2026-02-10 12:00:00
4251,P04251,Sterilite Caja organizadora 40L version estandar,Caja plastica con tapa para almacenamiento,214.53,23,1,2026-01-15 10:00:00,2026-02-10 12:00:00
4252,P04252,Gillette Mach3 version estandar,Rastrillo para afeitar con tres hojas,211.14,25,1,2026-01-15 10:00:00,2026-02-10 12:00:00
4253,P04253,SanDisk Ultra microSD 128GB color blanco,Tarjeta microSD de 128 GB,264.17,182,1,2026-01-15 10:00:00,2026-02-10 12:00:00
4254,P04254,Nike Revolution 7 version estandar,Tenis deportivos para entrenamiento,1515.3,258,1,2026-01-15 10:00:00,2026-02-10 12:00:00
4255,P04255,Logitech G502 Hero paquete con 2 piezas,Mouse gamer de alto rendimiento,712.66,214,1,2026-01-15 10:00:00,2026-02-10 12:00:00
4256,P04256,Colgate Total 12 paquete con 2 piezas,Pasta dental de proteccion integral,51.14,46,1,2026-01-15 10:00:00,2026-02-10 12:00:00
4257,P04257,Cinsa Olla de presion 6L presentacion familiar,Olla de presion de aluminio de 6 litros,1037.75,262,1,2026-01-15 10:00:00,2026-02-10 12:00:00
4258,P04258,Nike Revolution 7 edicion especial,Tenis deportivos para entrenamiento,1779.2,185,1,2026-01-15 10:00:00,2026-02-10 12:00:00
4259,P04259,Sterilite Caja organizadora 40L modelo 2026,Caja plastica con tapa para almacenamiento,383.27,193,1,2026-01-15 10:00:00,2026-02-10 12:00:00
4260,P04260,Logitech G502 Hero paquete con 2 piezas,Mouse gamer de alto rendimiento,1016.38,138,1,2026-01-15 10:00:00,2026-02-10 12:00:00
4261,P04261,Gillette Mach3 color blanco,Rastrillo para afeitar con tres hojas,151.23,48,1,2026-01-15 10:00:00,2026-02-10 12:00:00
4262,P04262,Nike Revolution 7 color blanco,Tenis deportivos para entrenamiento,1822.79,172,1,2026-01-15 10:00:00,2026-02-10 12:00:00
4263,P04263,Cinsa Olla de presion 6L modelo 2026,Olla de presion de aluminio de 6 litros,1092.33,87,1,2026-01-15 10:00:00,2026-02-10 12:00:00
4264,P04264,Cinsa Olla de presion 6L modelo 2026,Olla de presion de aluminio de 6 litros,885.78,143,1,2026-01-15 10:00:00,2026-02-10 12:00:00
4265,P04265,SanDisk Ultra microSD 128GB color blanco,Tarjeta microSD de 128 GB,390.17,279,1,2026-01-15 10:00:00,2026-02-10 12:00:00
4266,P04266,Sterilite Caja organizadora 40L edicion especial,Caja plastica con tapa para almacenamiento,268.38,242,1,2026-01-15 10:00:00,2026-02-10 12:00:00
4267,P04267,Tefal Plancha Ultragliss edicion especial,Plancha de vapor para ropa,1155.5,55,1,2026-01-15 10:00:00,2026-02-10 12:00:00
4268,P04268,Tefal Plancha Ultragliss version estandar,Plancha de vapor para ropa,1156.57,250,1,2026-01-15 10:00:00,2026-02-10 12:00:00
4269,P04269,JBL Go 4 edicion especial,Bocina portatil Bluetooth,1157.66,198,1,2026-01-15 10:00:00,2026-02-10 12:00:00
4270,P04270,Kingston NV2 1TB color blanco,Unidad SSD NVMe M.2 de 1 TB,1133.27,73,1,2026-01-15 10:00:00,2026-02-10 12:00:00
4271,P04271,Colgate Total 12 presentacion familiar,Pasta dental de proteccion integral,88.33,29,1,2026-01-15 10:00:00,2026-02-10 12:00:00
4272,P04272,Nike Revolution 7 presentacion familiar,Tenis deportivos para entrenamiento,1802.29,30,1,2026-01-15 10:00:00,2026-02-10 12:00:00
4273,P04273,JBL Go 4 paquete con 2 piezas,Bocina portatil Bluetooth,1028.27,19,1,2026-01-15 10:00:00,2026-02-10 12:00:00
4274,P04274,Kingston NV2 1TB color blanco,Unidad SSD NVMe M.2 de 1 TB,1359.67,160,1,2026-01-15 10:00:00,2026-02-10 12:00:00
4275,P04275,Colgate Total 12 paquete con 2 piezas,Pasta dental de proteccion integral,80.06,123,1,2026-01-15 10:00:00,2026-02-10 12:00:00
4276,P04276,Gillette Mach3 paquete con 2 piezas,Rastrillo para afeitar con tres hojas,298.49,218,1,2026-01-15 10:00:00,2026-02-10 12:00:00
4277,P04277,Nike Revolution 7 color blanco,Tenis deportivos para entrenamiento,2092.57,184,1,2026-01-15 10:00:00,2026-02-10 12:00:00
4278,P04278,Logitech G502 Hero edicion especial,Mouse gamer de alto rendimiento,787.18,138,1,2026-01-15 10:00:00,2026-02-10 12:00:00
4279,P04279,Colgate Total 12 modelo 2026,Pasta dental de proteccion integral,62.74,217,1,2026-01-15 10:00:00,2026-02-10 12:00:00
4280,P04280,Sterilite Caja organizadora 40L paquete con 2 piezas,Caja plastica con tapa para almacenamiento,444.79,136,1,2026-01-15 10:00:00,2026-02-10 12:00:00
4281,P04281,Gillette Mach3 color negro,Rastrillo para afeitar con tres hojas,263.92,99,1,2026-01-15 10:00:00,2026-02-10 12:00:00
4282,P04282,Gillette Mach3 color negro,Rastrillo para afeitar con tres hojas,239.94,174,1,2026-01-15 10:00:00,2026-02-10 12:00:00
4283,P04283,Nike Revolution 7 presentacion familiar,Tenis deportivos para entrenamiento,2193.8,16,1,2026-01-15 10:00:00,2026-02-10 12:00:00
4284,P04284,Kingston NV2 1TB color negro,Unidad SSD NVMe M.2 de 1 TB,1117.95,118,1,2026-01-15 10:00:00,2026-02-10 12:00:00
4285,P04285,Gillette Mach3 presentacion familiar,Rastrillo para afeitar con tres hojas,191.43,278,1,2026-01-15 10:00:00,2026-02-10 12:00:00
4286,P04286,Kingston NV2 1TB color negro,Unidad SSD NVMe M.2 de 1 TB,1065.78,261,1,2026-01-15 10:00:00,2026-02-10 12:00:00
4287,P04287,Gillette Mach3 color blanco,Rastrillo para afeitar con tres hojas,214.54,163,1,2026-01-15 10:00:00,2026-02-10 12:00:00
4288,P04288,Colgate Total 12 color blanco,Pasta dental de proteccion integral,88.19,148,1,2026-01-15 10:00:00,2026-02-10 12:00:00
4289,P04289,Kingston NV2 1TB paquete con 2 piezas,Unidad SSD NVMe M.2 de 1 TB,1181.19,66,1,2026-01-15 10:00:00,2026-02-10 12:00:00
4290,P04290,Tefal Plancha Ultragliss modelo 2026,Plancha de vapor para ropa,1066.95,299,1,2026-01-15 10:00:00,2026-02-10 12:00:00
4291,P04291,Kingston NV2 1TB paquete con 2 piezas,Unidad SSD NVMe M.2 de 1 TB,1380.62,258,1,2026-01-15 10:00:00,2026-02-10 12:00:00
4292,P04292,Tefal Plancha Ultragliss paquete con 2 piezas,Plancha de vapor para ropa,881.07,234,1,2026-01-15 10:00:00,2026-02-10 12:00:00
4293,P04293,JBL Go 4 color blanco,Bocina portatil Bluetooth,1176.77,219,1,2026-01-15 10:00:00,2026-02-10 12:00:00
4294,P04294,Logitech G502 Hero presentacion familiar,Mouse gamer de alto rendimiento,776.19,68,1,2026-01-15 10:00:00,2026-02-10 12:00:00
4295,P04295,Colgate Total 12 color blanco,Pasta dental de proteccion integral,64.6,60,1,2026-01-15 10:00:00,2026-02-10 12:00:00
4296,P04296,SanDisk Ultra microSD 128GB presentacion familiar,Tarjeta microSD de 128 GB,395.72,256,1,2026-01-15 10:00:00,2026-02-10 12:00:00
4297,P04297,SanDisk Ultra microSD 128GB edicion especial,Tarjeta microSD de 128 GB,374.71,33,1,2026-01-15 10:00:00,2026-02-10 12:00:00
4298,P04298,JBL Go 4 presentacion familiar,Bocina portatil Bluetooth,1250.27,111,1,2026-01-15 10:00:00,2026-02-10 12:00:00
4299,P04299,SanDisk Ultra microSD 128GB paquete con 2 piezas,Tarjeta microSD de 128 GB,344.11,299,1,2026-01-15 10:00:00,2026-02-10 12:00:00
4300,P04300,Gillette Mach3 paquete con 2 piezas,Rastrillo para afeitar con tres hojas,195.76,263,1,2026-01-15 10:00:00,2026-02-10 12:00:00
4301,P04301,Colgate Total 12 modelo 2026,Pasta dental de proteccion integral,54.52,225,1,2026-01-15 10:00:00,2026-02-10 12:00:00
4302,P04302,SanDisk Ultra microSD 128GB presentacion familiar,Tarjeta microSD de 128 GB,338.84,51,1,2026-01-15 10:00:00,2026-02-10 12:00:00
4303,P04303,Logitech G502 Hero presentacion familiar,Mouse gamer de alto rendimiento,926.79,189,1,2026-01-15 10:00:00,2026-02-10 12:00:00
4304,P04304,SanDisk Ultra microSD 128GB edicion especial,Tarjeta microSD de 128 GB,340.02,73,1,2026-01-15 10:00:00,2026-02-10 12:00:00
4305,P04305,Kingston NV2 1TB color blanco,Unidad SSD NVMe M.2 de 1 TB,1255.02,19,1,2026-01-15 10:00:00,2026-02-10 12:00:00
4306,P04306,SanDisk Ultra microSD 128GB presentacion familiar,Tarjeta microSD de 128 GB,292.73,132,1,2026-01-15 10:00:00,2026-02-10 12:00:00
4307,P04307,Logitech G502 Hero version estandar,Mouse gamer de alto rendimiento,842.06,186,1,2026-01-15 10:00:00,2026-02-10 12:00:00
4308,P04308,JBL Go 4 paquete con 2 piezas,Bocina portatil Bluetooth,968.1,115,1,2026-01-15 10:00:00,2026-02-10 12:00:00
4309,P04309,Tefal Plancha Ultragliss version estandar,Plancha de vapor para ropa,1017.32,223,1,2026-01-15 10:00:00,2026-02-10 12:00:00
4310,P04310,Logitech G502 Hero paquete con 2 piezas,Mouse gamer de alto rendimiento,919.29,94,1,2026-01-15 10:00:00,2026-02-10 12:00:00
4311,P04311,Logitech G502 Hero modelo 2026,Mouse gamer de alto rendimiento,760.87,108,1,2026-01-15 10:00:00,2026-02-10 12:00:00
4312,P04312,JBL Go 4 paquete con 2 piezas,Bocina portatil Bluetooth,900.34,272,1,2026-01-15 10:00:00,2026-02-10 12:00:00
4313,P04313,Colgate Total 12 version estandar,Pasta dental de proteccion integral,85.04,45,1,2026-01-15 10:00:00,2026-02-10 12:00:00
4314,P04314,Sterilite Caja organizadora 40L paquete con 2 piezas,Caja plastica con tapa para almacenamiento,336.25,169,1,2026-01-15 10:00:00,2026-02-10 12:00:00
4315,P04315,SanDisk Ultra microSD 128GB modelo 2026,Tarjeta microSD de 128 GB,364.56,295,1,2026-01-15 10:00:00,2026-02-10 12:00:00
4316,P04316,Colgate Total 12 color blanco,Pasta dental de proteccion integral,87.34,229,1,2026-01-15 10:00:00,2026-02-10 12:00:00
4317,P04317,Logitech G502 Hero paquete con 2 piezas,Mouse gamer de alto rendimiento,716.85,286,1,2026-01-15 10:00:00,2026-02-10 12:00:00
4318,P04318,Logitech G502 Hero color negro,Mouse gamer de alto rendimiento,811.01,21,1,2026-01-15 10:00:00,2026-02-10 12:00:00
4319,P04319,SanDisk Ultra microSD 128GB paquete con 2 piezas,Tarjeta microSD de 128 GB,273.72,201,1,2026-01-15 10:00:00,2026-02-10 12:00:00
4320,P04320,Logitech G502 Hero color blanco,Mouse gamer de alto rendimiento,1097.3,221,1,2026-01-15 10:00:00,2026-02-10 12:00:00
4321,P04321,SanDisk Ultra microSD 128GB edicion especial,Tarjeta microSD de 128 GB,390.79,12,1,2026-01-15 10:00:00,2026-02-10 12:00:00
4322,P04322,JBL Go 4 presentacion familiar,Bocina portatil Bluetooth,1147.52,103,1,2026-01-15 10:00:00,2026-02-10 12:00:00
4323,P04323,Nike Revolution 7 color blanco,Tenis deportivos para entrenamiento,1764.46,94,1,2026-01-15 10:00:00,2026-02-10 12:00:00
4324,P04324,JBL Go 4 edicion especial,Bocina portatil Bluetooth,1152.83,281,1,2026-01-15 10:00:00,2026-02-10 12:00:00
4325,P04325,Logitech G502 Hero version estandar,Mouse gamer de alto rendimiento,858.52,78,1,2026-01-15 10:00:00,2026-02-10 12:00:00
4326,P04326,Kingston NV2 1TB presentacion familiar,Unidad SSD NVMe M.2 de 1 TB,1490.54,248,1,2026-01-15 10:00:00,2026-02-10 12:00:00
4327,P04327,Cinsa Olla de presion 6L modelo 2026,Olla de presion de aluminio de 6 litros,1116.56,170,1,2026-01-15 10:00:00,2026-02-10 12:00:00
4328,P04328,Gillette Mach3 color blanco,Rastrillo para afeitar con tres hojas,243.58,132,1,2026-01-15 10:00:00,2026-02-10 12:00:00
4329,P04329,Colgate Total 12 presentacion familiar,Pasta dental de proteccion integral,83.06,69,1,2026-01-15 10:00:00,2026-02-10 12:00:00
4330,P04330,Gillette Mach3 modelo 2026,Rastrillo para afeitar con tres hojas,190.45,284,1,2026-01-15 10:00:00,2026-02-10 12:00:00
4331,P04331,Tefal Plancha Ultragliss modelo 2026,Plancha de vapor para ropa,832.11,284,1,2026-01-15 10:00:00,2026-02-10 12:00:00
4332,P04332,JBL Go 4 color blanco,Bocina portatil Bluetooth,1144.98,238,1,2026-01-15 10:00:00,2026-02-10 12:00:00
4333,P04333,Tefal Plancha Ultragliss paquete con 2 piezas,Plancha de vapor para ropa,1103.35,165,1,2026-01-15 10:00:00,2026-02-10 12:00:00
4334,P04334,Tefal Plancha Ultragliss color negro,Plancha de vapor para ropa,1012.52,82,1,2026-01-15 10:00:00,2026-02-10 12:00:00
4335,P04335,JBL Go 4 presentacion familiar,Bocina portatil Bluetooth,1273.71,260,1,2026-01-15 10:00:00,2026-02-10 12:00:00
4336,P04336,Kingston NV2 1TB presentacion familiar,Unidad SSD NVMe M.2 de 1 TB,1131.69,300,1,2026-01-15 10:00:00,2026-02-10 12:00:00
4337,P04337,SanDisk Ultra microSD 128GB color blanco,Tarjeta microSD de 128 GB,348.6,130,1,2026-01-15 10:00:00,2026-02-10 12:00:00
4338,P04338,Logitech G502 Hero version estandar,Mouse gamer de alto rendimiento,1059.66,62,1,2026-01-15 10:00:00,2026-02-10 12:00:00
4339,P04339,Cinsa Olla de presion 6L edicion especial,Olla de presion de aluminio de 6 litros,1078.24,153,1,2026-01-15 10:00:00,2026-02-10 12:00:00
4340,P04340,Logitech G502 Hero presentacion familiar,Mouse gamer de alto rendimiento,838.6,43,1,2026-01-15 10:00:00,2026-02-10 12:00:00
4341,P04341,Gillette Mach3 color blanco,Rastrillo para afeitar con tres hojas,150.06,258,1,2026-01-15 10:00:00,2026-02-10 12:00:00
4342,P04342,Cinsa Olla de presion 6L presentacion familiar,Olla de presion de aluminio de 6 litros,1165.2,278,1,2026-01-15 10:00:00,2026-02-10 12:00:00
4343,P04343,JBL Go 4 version estandar,Bocina portatil Bluetooth,1204.82,277,1,2026-01-15 10:00:00,2026-02-10 12:00:00
4344,P04344,Sterilite Caja organizadora 40L version estandar,Caja plastica con tapa para almacenamiento,379,154,1,2026-01-15 10:00:00,2026-02-10 12:00:00
4345,P04345,JBL Go 4 presentacion familiar,Bocina portatil Bluetooth,1135.9,163,1,2026-01-15 10:00:00,2026-02-10 12:00:00
4346,P04346,SanDisk Ultra microSD 128GB paquete con 2 piezas,Tarjeta microSD de 128 GB,383.51,49,1,2026-01-15 10:00:00,2026-02-10 12:00:00
4347,P04347,SanDisk Ultra microSD 128GB edicion especial,Tarjeta microSD de 128 GB,314.86,23,1,2026-01-15 10:00:00,2026-02-10 12:00:00
4348,P04348,Gillette Mach3 presentacion familiar,Rastrillo para afeitar con tres hojas,195.61,130,1,2026-01-15 10:00:00,2026-02-10 12:00:00
4349,P04349,Sterilite Caja organizadora 40L color negro,Caja plastica con tapa para almacenamiento,412.04,69,1,2026-01-15 10:00:00,2026-02-10 12:00:00
4350,P04350,Gillette Mach3 version estandar,Rastrillo para afeitar con tres hojas,282.3,85,1,2026-01-15 10:00:00,2026-02-10 12:00:00
4351,P04351,Gillette Mach3 color negro,Rastrillo para afeitar con tres hojas,290.57,155,1,2026-01-15 10:00:00,2026-02-10 12:00:00
4352,P04352,Colgate Total 12 color blanco,Pasta dental de proteccion integral,71.77,214,1,2026-01-15 10:00:00,2026-02-10 12:00:00
4353,P04353,Sterilite Caja organizadora 40L paquete con 2 piezas,Caja plastica con tapa para almacenamiento,218.94,266,1,2026-01-15 10:00:00,2026-02-10 12:00:00
4354,P04354,JBL Go 4 color negro,Bocina portatil Bluetooth,1235.48,251,1,2026-01-15 10:00:00,2026-02-10 12:00:00
4355,P04355,Cinsa Olla de presion 6L color negro,Olla de presion de aluminio de 6 litros,1012.83,169,1,2026-01-15 10:00:00,2026-02-10 12:00:00
4356,P04356,Colgate Total 12 color negro,Pasta dental de proteccion integral,94.49,142,1,2026-01-15 10:00:00,2026-02-10 12:00:00
4357,P04357,Gillette Mach3 version estandar,Rastrillo para afeitar con tres hojas,172.97,295,1,2026-01-15 10:00:00,2026-02-10 12:00:00
4358,P04358,Tefal Plancha Ultragliss edicion especial,Plancha de vapor para ropa,984.19,8,0,2026-01-15 10:00:00,2026-02-10 12:00:00
4359,P04359,SanDisk Ultra microSD 128GB edicion especial,Tarjeta microSD de 128 GB,336.08,73,1,2026-01-15 10:00:00,2026-02-10 12:00:00
4360,P04360,SanDisk Ultra microSD 128GB edicion especial,Tarjeta microSD de 128 GB,302.02,34,1,2026-01-15 10:00:00,2026-02-10 12:00:00
4361,P04361,Sterilite Caja organizadora 40L version estandar,Caja plastica con tapa para almacenamiento,413.37,284,1,2026-01-15 10:00:00,2026-02-10 12:00:00
4362,P04362,JBL Go 4 color blanco,Bocina portatil Bluetooth,1285.12,286,1,2026-01-15 10:00:00,2026-02-10 12:00:00
4363,P04363,Gillette Mach3 presentacion familiar,Rastrillo para afeitar con tres hojas,182.44,263,1,2026-01-15 10:00:00,2026-02-10 12:00:00
4364,P04364,SanDisk Ultra microSD 128GB modelo 2026,Tarjeta microSD de 128 GB,278,253,1,2026-01-15 10:00:00,2026-02-10 12:00:00
4365,P04365,JBL Go 4 edicion especial,Bocina portatil Bluetooth,1023.96,248,1,2026-01-15 10:00:00,2026-02-10 12:00:00
4366,P04366,JBL Go 4 paquete con 2 piezas,Bocina portatil Bluetooth,1000.34,217,1,2026-01-15 10:00:00,2026-02-10 12:00:00
4367,P04367,Gillette Mach3 modelo 2026,Rastrillo para afeitar con tres hojas,170.91,86,1,2026-01-15 10:00:00,2026-02-10 12:00:00
4368,P04368,Kingston NV2 1TB modelo 2026,Unidad SSD NVMe M.2 de 1 TB,1366.39,93,1,2026-01-15 10:00:00,2026-02-10 12:00:00
4369,P04369,Cinsa Olla de presion 6L edicion especial,Olla de presion de aluminio de 6 litros,1168.74,149,1,2026-01-15 10:00:00,2026-02-10 12:00:00
4370,P04370,Gillette Mach3 edicion especial,Rastrillo para afeitar con tres hojas,249.96,103,1,2026-01-15 10:00:00,2026-02-10 12:00:00
4371,P04371,Cinsa Olla de presion 6L presentacion familiar,Olla de presion de aluminio de 6 litros,1018.15,108,1,2026-01-15 10:00:00,2026-02-10 12:00:00
4372,P04372,Kingston NV2 1TB paquete con 2 piezas,Unidad SSD NVMe M.2 de 1 TB,1441.37,199,1,2026-01-15 10:00:00,2026-02-10 12:00:00
4373,P04373,SanDisk Ultra microSD 128GB color negro,Tarjeta microSD de 128 GB,366.81,284,1,2026-01-15 10:00:00,2026-02-10 12:00:00
4374,P04374,Kingston NV2 1TB edicion especial,Unidad SSD NVMe M.2 de 1 TB,1330.95,168,1,2026-01-15 10:00:00,2026-02-10 12:00:00
4375,P04375,Gillette Mach3 presentacion familiar,Rastrillo para afeitar con tres hojas,284.73,220,1,2026-01-15 10:00:00,2026-02-10 12:00:00
4376,P04376,Nike Revolution 7 modelo 2026,Tenis deportivos para entrenamiento,1980.66,125,1,2026-01-15 10:00:00,2026-02-10 12:00:00
4377,P04377,SanDisk Ultra microSD 128GB color blanco,Tarjeta microSD de 128 GB,353.27,261,1,2026-01-15 10:00:00,2026-02-10 12:00:00
4378,P04378,Sterilite Caja organizadora 40L modelo 2026,Caja plastica con tapa para almacenamiento,401.34,282,1,2026-01-15 10:00:00,2026-02-10 12:00:00
4379,P04379,Sterilite Caja organizadora 40L color blanco,Caja plastica con tapa para almacenamiento,358.8,127,1,2026-01-15 10:00:00,2026-02-10 12:00:00
4380,P04380,Colgate Total 12 color blanco,Pasta dental de proteccion integral,73.89,269,1,2026-01-15 10:00:00,2026-02-10 12:00:00
4381,P04381,Nike Revolution 7 edicion especial,Tenis deportivos para entrenamiento,2167.86,160,1,2026-01-15 10:00:00,2026-02-10 12:00:00
4382,P04382,Nike Revolution 7 color negro,Tenis deportivos para entrenamiento,1567.63,199,1,2026-01-15 10:00:00,2026-02-10 12:00:00
4383,P04383,Sterilite Caja organizadora 40L version estandar,Caja plastica con tapa para almacenamiento,301.69,272,1,2026-01-15 10:00:00,2026-02-10 12:00:00
4384,P04384,Colgate Total 12 color blanco,Pasta dental de proteccion integral,74.8,154,1,2026-01-15 10:00:00,2026-02-10 12:00:00
4385,P04385,SanDisk Ultra microSD 128GB presentacion familiar,Tarjeta microSD de 128 GB,395.67,102,1,2026-01-15 10:00:00,2026-02-10 12:00:00
4386,P04386,JBL Go 4 presentacion familiar,Bocina portatil Bluetooth,1277.18,193,1,2026-01-15 10:00:00,2026-02-10 12:00:00
4387,P04387,Logitech G502 Hero color negro,Mouse gamer de alto rendimiento,771.57,74,1,2026-01-15 10:00:00,2026-02-10 12:00:00
4388,P04388,Nike Revolution 7 paquete con 2 piezas,Tenis deportivos para entrenamiento,2164.07,60,1,2026-01-15 10:00:00,2026-02-10 12:00:00
4389,P04389,Colgate Total 12 presentacion familiar,Pasta dental de proteccion integral,96.5,111,1,2026-01-15 10:00:00,2026-02-10 12:00:00
4390,P04390,Sterilite Caja organizadora 40L paquete con 2 piezas,Caja plastica con tapa para almacenamiento,350.52,181,1,2026-01-15 10:00:00,2026-02-10 12:00:00
4391,P04391,Nike Revolution 7 presentacion familiar,Tenis deportivos para entrenamiento,1558.54,108,1,2026-01-15 10:00:00,2026-02-10 12:00:00
4392,P04392,Kingston NV2 1TB color blanco,Unidad SSD NVMe M.2 de 1 TB,1154.5,250,1,2026-01-15 10:00:00,2026-02-10 12:00:00
4393,P04393,JBL Go 4 presentacion familiar,Bocina portatil Bluetooth,932.54,145,1,2026-01-15 10:00:00,2026-02-10 12:00:00
4394,P04394,Logitech G502 Hero presentacion familiar,Mouse gamer de alto rendimiento,871.85,237,1,2026-01-15 10:00:00,2026-02-10 12:00:00
4395,P04395,Tefal Plancha Ultragliss version estandar,Plancha de vapor para ropa,1042.38,293,1,2026-01-15 10:00:00,2026-02-10 12:00:00
4396,P04396,Colgate Total 12 color negro,Pasta dental de proteccion integral,88.89,165,1,2026-01-15 10:00:00,2026-02-10 12:00:00
4397,P04397,JBL Go 4 paquete con 2 piezas,Bocina portatil Bluetooth,1000.53,188,1,2026-01-15 10:00:00,2026-02-10 12:00:00
4398,P04398,Gillette Mach3 presentacion familiar,Rastrillo para afeitar con tres hojas,268.62,56,1,2026-01-15 10:00:00,2026-02-10 12:00:00
4399,P04399,Tefal Plancha Ultragliss version estandar,Plancha de vapor para ropa,1012.55,132,1,2026-01-15 10:00:00,2026-02-10 12:00:00
4400,P04400,Logitech G502 Hero modelo 2026,Mouse gamer de alto rendimiento,843.14,7,1,2026-01-15 10:00:00,2026-02-10 12:00:00
4401,P04401,SanDisk Ultra microSD 128GB color negro,Tarjeta microSD de 128 GB,364.67,46,1,2026-01-15 10:00:00,2026-02-10 12:00:00
4402,P04402,JBL Go 4 paquete con 2 piezas,Bocina portatil Bluetooth,1106.1,172,1,2026-01-15 10:00:00,2026-02-10 12:00:00
4403,P04403,Cinsa Olla de presion 6L color negro,Olla de presion de aluminio de 6 litros,964.05,164,1,2026-01-15 10:00:00,2026-02-10 12:00:00
4404,P04404,Colgate Total 12 color blanco,Pasta dental de proteccion integral,97.97,74,1,2026-01-15 10:00:00,2026-02-10 12:00:00
4405,P04405,Tefal Plancha Ultragliss color blanco,Plancha de vapor para ropa,830.92,195,1,2026-01-15 10:00:00,2026-02-10 12:00:00
4406,P04406,Colgate Total 12 color negro,Pasta dental de proteccion integral,67.33,99,1,2026-01-15 10:00:00,2026-02-10 12:00:00
4407,P04407,Nike Revolution 7 color blanco,Tenis deportivos para entrenamiento,1883.73,182,1,2026-01-15 10:00:00,2026-02-10 12:00:00
4408,P04408,Logitech G502 Hero color blanco,Mouse gamer de alto rendimiento,1079.77,287,1,2026-01-15 10:00:00,2026-02-10 12:00:00
4409,P04409,Tefal Plancha Ultragliss edicion especial,Plancha de vapor para ropa,904.88,21,1,2026-01-15 10:00:00,2026-02-10 12:00:00
4410,P04410,Gillette Mach3 version estandar,Rastrillo para afeitar con tres hojas,292.18,278,1,2026-01-15 10:00:00,2026-02-10 12:00:00
4411,P04411,Sterilite Caja organizadora 40L presentacion familiar,Caja plastica con tapa para almacenamiento,415.9,85,1,2026-01-15 10:00:00,2026-02-10 12:00:00
4412,P04412,SanDisk Ultra microSD 128GB modelo 2026,Tarjeta microSD de 128 GB,384.67,113,1,2026-01-15 10:00:00,2026-02-10 12:00:00
4413,P04413,Tefal Plancha Ultragliss paquete con 2 piezas,Plancha de vapor para ropa,957.75,191,1,2026-01-15 10:00:00,2026-02-10 12:00:00
4414,P04414,Kingston NV2 1TB version estandar,Unidad SSD NVMe M.2 de 1 TB,1424.16,156,1,2026-01-15 10:00:00,2026-02-10 12:00:00
4415,P04415,JBL Go 4 edicion especial,Bocina portatil Bluetooth,1005.58,152,1,2026-01-15 10:00:00,2026-02-10 12:00:00
4416,P04416,Sterilite Caja organizadora 40L color blanco,Caja plastica con tapa para almacenamiento,346.21,84,1,2026-01-15 10:00:00,2026-02-10 12:00:00
4417,P04417,Nike Revolution 7 edicion especial,Tenis deportivos para entrenamiento,2177.83,56,1,2026-01-15 10:00:00,2026-02-10 12:00:00
4418,P04418,Sterilite Caja organizadora 40L color blanco,Caja plastica con tapa para almacenamiento,258.32,42,1,2026-01-15 10:00:00,2026-02-10 12:00:00
4419,P04419,Logitech G502 Hero paquete con 2 piezas,Mouse gamer de alto rendimiento,1065.22,190,1,2026-01-15 10:00:00,2026-02-10 12:00:00
4420,P04420,Logitech G502 Hero presentacion familiar,Mouse gamer de alto rendimiento,1080.04,75,1,2026-01-15 10:00:00,2026-02-10 12:00:00
4421,P04421,Gillette Mach3 paquete con 2 piezas,Rastrillo para afeitar con tres hojas,155.26,239,1,2026-01-15 10:00:00,2026-02-10 12:00:00
4422,P04422,JBL Go 4 version estandar,Bocina portatil Bluetooth,1169.67,60,1,2026-01-15 10:00:00,2026-02-10 12:00:00
4423,P04423,Tefal Plancha Ultragliss color negro,Plancha de vapor para ropa,1056.57,174,1,2026-01-15 10:00:00,2026-02-10 12:00:00
4424,P04424,Cinsa Olla de presion 6L edicion especial,Olla de presion de aluminio de 6 litros,875.8,249,1,2026-01-15 10:00:00,2026-02-10 12:00:00
4425,P04425,JBL Go 4 modelo 2026,Bocina portatil Bluetooth,1058.21,278,1,2026-01-15 10:00:00,2026-02-10 12:00:00
4426,P04426,Colgate Total 12 modelo 2026,Pasta dental de proteccion integral,82.48,205,1,2026-01-15 10:00:00,2026-02-10 12:00:00
4427,P04427,Logitech G502 Hero paquete con 2 piezas,Mouse gamer de alto rendimiento,954.38,38,1,2026-01-15 10:00:00,2026-02-10 12:00:00
4428,P04428,JBL Go 4 paquete con 2 piezas,Bocina portatil Bluetooth,1123.04,111,1,2026-01-15 10:00:00,2026-02-10 12:00:00
4429,P04429,JBL Go 4 presentacion familiar,Bocina portatil Bluetooth,1078.47,169,1,2026-01-15 10:00:00,2026-02-10 12:00:00
4430,P04430,Nike Revolution 7 color negro,Tenis deportivos para entrenamiento,2069.63,173,1,2026-01-15 10:00:00,2026-02-10 12:00:00
4431,P04431,Sterilite Caja organizadora 40L color negro,Caja plastica con tapa para almacenamiento,348.37,297,1,2026-01-15 10:00:00,2026-02-10 12:00:00
4432,P04432,Kingston NV2 1TB modelo 2026,Unidad SSD NVMe M.2 de 1 TB,1006.87,168,1,2026-01-15 10:00:00,2026-02-10 12:00:00
4433,P04433,Logitech G502 Hero presentacion familiar,Mouse gamer de alto rendimiento,766.71,114,1,2026-01-15 10:00:00,2026-02-10 12:00:00
4434,P04434,Colgate Total 12 presentacion familiar,Pasta dental de proteccion integral,78.91,105,1,2026-01-15 10:00:00,2026-02-10 12:00:00
4435,P04435,Tefal Plancha Ultragliss version estandar,Plancha de vapor para ropa,1133.77,64,1,2026-01-15 10:00:00,2026-02-10 12:00:00
4436,P04436,Colgate Total 12 edicion especial,Pasta dental de proteccion integral,86.92,113,1,2026-01-15 10:00:00,2026-02-10 12:00:00
4437,P04437,Cinsa Olla de presion 6L paquete con 2 piezas,Olla de presion de aluminio de 6 litros,838.5,34,1,2026-01-15 10:00:00,2026-02-10 12:00:00
4438,P04438,Logitech G502 Hero modelo 2026,Mouse gamer de alto rendimiento,1081.83,203,1,2026-01-15 10:00:00,2026-02-10 12:00:00
4439,P04439,Sterilite Caja organizadora 40L color negro,Caja plastica con tapa para almacenamiento,236.03,273,1,2026-01-15 10:00:00,2026-02-10 12:00:00
4440,P04440,Cinsa Olla de presion 6L modelo 2026,Olla de presion de aluminio de 6 litros,975.14,92,1,2026-01-15 10:00:00,2026-02-10 12:00:00
4441,P04441,Kingston NV2 1TB presentacion familiar,Unidad SSD NVMe M.2 de 1 TB,1081.55,114,1,2026-01-15 10:00:00,2026-02-10 12:00:00
4442,P04442,Gillette Mach3 paquete con 2 piezas,Rastrillo para afeitar con tres hojas,255.44,138,1,2026-01-15 10:00:00,2026-02-10 12:00:00
4443,P04443,JBL Go 4 presentacion familiar,Bocina portatil Bluetooth,917.89,157,1,2026-01-15 10:00:00,2026-02-10 12:00:00
4444,P04444,Logitech G502 Hero modelo 2026,Mouse gamer de alto rendimiento,1059.16,70,1,2026-01-15 10:00:00,2026-02-10 12:00:00
4445,P04445,Gillette Mach3 paquete con 2 piezas,Rastrillo para afeitar con tres hojas,270.63,293,1,2026-01-15 10:00:00,2026-02-10 12:00:00
4446,P04446,Tefal Plancha Ultragliss color blanco,Plancha de vapor para ropa,1025.24,102,1,2026-01-15 10:00:00,2026-02-10 12:00:00
4447,P04447,Cinsa Olla de presion 6L edicion especial,Olla de presion de aluminio de 6 litros,1043.83,254,1,2026-01-15 10:00:00,2026-02-10 12:00:00
4448,P04448,Nike Revolution 7 modelo 2026,Tenis deportivos para entrenamiento,1662.11,258,1,2026-01-15 10:00:00,2026-02-10 12:00:00
4449,P04449,Logitech G502 Hero edicion especial,Mouse gamer de alto rendimiento,1090.32,180,1,2026-01-15 10:00:00,2026-02-10 12:00:00
4450,P04450,SanDisk Ultra microSD 128GB version estandar,Tarjeta microSD de 128 GB,299.4,1,1,2026-01-15 10:00:00,2026-02-10 12:00:00
4451,P04451,Colgate Total 12 modelo 2026,Pasta dental de proteccion integral,94.91,174,1,2026-01-15 10:00:00,2026-02-10 12:00:00
4452,P04452,JBL Go 4 color negro,Bocina portatil Bluetooth,968.14,277,1,2026-01-15 10:00:00,2026-02-10 12:00:00
4453,P04453,Logitech G502 Hero color blanco,Mouse gamer de alto rendimiento,1060.8,258,1,2026-01-15 10:00:00,2026-02-10 12:00:00
4454,P04454,JBL Go 4 color negro,Bocina portatil Bluetooth,1036.08,154,1,2026-01-15 10:00:00,2026-02-10 12:00:00
4455,P04455,Nike Revolution 7 paquete con 2 piezas,Tenis deportivos para entrenamiento,1890.77,171,1,2026-01-15 10:00:00,2026-02-10 12:00:00
4456,P04456,Nike Revolution 7 modelo 2026,Tenis deportivos para entrenamiento,2034.55,260,1,2026-01-15 10:00:00,2026-02-10 12:00:00
4457,P04457,Cinsa Olla de presion 6L modelo 2026,Olla de presion de aluminio de 6 litros,971.23,187,1,2026-01-15 10:00:00,2026-02-10 12:00:00
4458,P04458,Kingston NV2 1TB color negro,Unidad SSD NVMe M.2 de 1 TB,1334.06,266,1,2026-01-15 10:00:00,2026-02-10 12:00:00
4459,P04459,Sterilite Caja organizadora 40L version estandar,Caja plastica con tapa para almacenamiento,429.94,65,1,2026-01-15 10:00:00,2026-02-10 12:00:00
4460,P04460,Colgate Total 12 color negro,Pasta dental de proteccion integral,84.92,231,1,2026-01-15 10:00:00,2026-02-10 12:00:00
4461,P04461,JBL Go 4 color blanco,Bocina portatil Bluetooth,1288.24,238,1,2026-01-15 10:00:00,2026-02-10 12:00:00
4462,P04462,SanDisk Ultra microSD 128GB presentacion familiar,Tarjeta microSD de 128 GB,317.33,233,1,2026-01-15 10:00:00,2026-02-10 12:00:00
4463,P04463,Colgate Total 12 presentacion familiar,Pasta dental de proteccion integral,78,33,1,2026-01-15 10:00:00,2026-02-10 12:00:00
4464,P04464,Sterilite Caja organizadora 40L edicion especial,Caja plastica con tapa para almacenamiento,378.25,17,1,2026-01-15 10:00:00,2026-02-10 12:00:00
4465,P04465,Logitech G502 Hero presentacion familiar,Mouse gamer de alto rendimiento,857.41,247,1,2026-01-15 10:00:00,2026-02-10 12:00:00
4466,P04466,Kingston NV2 1TB edicion especial,Unidad SSD NVMe M.2 de 1 TB,1312.07,18,1,2026-01-15 10:00:00,2026-02-10 12:00:00
4467,P04467,Kingston NV2 1TB presentacion familiar,Unidad SSD NVMe M.2 de 1 TB,1029.47,18,1,2026-01-15 10:00:00,2026-02-10 12:00:00
4468,P04468,Nike Revolution 7 presentacion familiar,Tenis deportivos para entrenamiento,2094.79,19,1,2026-01-15 10:00:00,2026-02-10 12:00:00
4469,P04469,Tefal Plancha Ultragliss color negro,Plancha de vapor para ropa,851.66,280,1,2026-01-15 10:00:00,2026-02-10 12:00:00
4470,P04470,Colgate Total 12 color blanco,Pasta dental de proteccion integral,76.79,55,1,2026-01-15 10:00:00,2026-02-10 12:00:00
4471,P04471,Cinsa Olla de presion 6L modelo 2026,Olla de presion de aluminio de 6 litros,1195.32,63,1,2026-01-15 10:00:00,2026-02-10 12:00:00
4472,P04472,Kingston NV2 1TB edicion especial,Unidad SSD NVMe M.2 de 1 TB,1057.6,108,1,2026-01-15 10:00:00,2026-02-10 12:00:00
4473,P04473,Colgate Total 12 color blanco,Pasta dental de proteccion integral,64.99,190,1,2026-01-15 10:00:00,2026-02-10 12:00:00
4474,P04474,SanDisk Ultra microSD 128GB color blanco,Tarjeta microSD de 128 GB,321.41,268,1,2026-01-15 10:00:00,2026-02-10 12:00:00
4475,P04475,SanDisk Ultra microSD 128GB color blanco,Tarjeta microSD de 128 GB,337.05,94,1,2026-01-15 10:00:00,2026-02-10 12:00:00
4476,P04476,Logitech G502 Hero version estandar,Mouse gamer de alto rendimiento,1078.87,154,1,2026-01-15 10:00:00,2026-02-10 12:00:00
4477,P04477,Kingston NV2 1TB edicion especial,Unidad SSD NVMe M.2 de 1 TB,1280.71,295,1,2026-01-15 10:00:00,2026-02-10 12:00:00
4478,P04478,SanDisk Ultra microSD 128GB color negro,Tarjeta microSD de 128 GB,317.78,284,1,2026-01-15 10:00:00,2026-02-10 12:00:00
4479,P04479,JBL Go 4 paquete con 2 piezas,Bocina portatil Bluetooth,1164.92,193,1,2026-01-15 10:00:00,2026-02-10 12:00:00
4480,P04480,Tefal Plancha Ultragliss version estandar,Plancha de vapor para ropa,1107.97,196,1,2026-01-15 10:00:00,2026-02-10 12:00:00
4481,P04481,Logitech G502 Hero modelo 2026,Mouse gamer de alto rendimiento,847.58,291,1,2026-01-15 10:00:00,2026-02-10 12:00:00
4482,P04482,Nike Revolution 7 paquete con 2 piezas,Tenis deportivos para entrenamiento,1989.4,202,1,2026-01-15 10:00:00,2026-02-10 12:00:00
4483,P04483,SanDisk Ultra microSD 128GB paquete con 2 piezas,Tarjeta microSD de 128 GB,344.79,209,1,2026-01-15 10:00:00,2026-02-10 12:00:00
4484,P04484,SanDisk Ultra microSD 128GB paquete con 2 piezas,Tarjeta microSD de 128 GB,286.65,232,1,2026-01-15 10:00:00,2026-02-10 12:00:00
4485,P04485,Sterilite Caja organizadora 40L edicion especial,Caja plastica con tapa para almacenamiento,444,239,1,2026-01-15 10:00:00,2026-02-10 12:00:00
4486,P04486,Logitech G502 Hero presentacion familiar,Mouse gamer de alto rendimiento,721.35,274,1,2026-01-15 10:00:00,2026-02-10 12:00:00
4487,P04487,JBL Go 4 version estandar,Bocina portatil Bluetooth,953.95,47,1,2026-01-15 10:00:00,2026-02-10 12:00:00
4488,P04488,Kingston NV2 1TB color negro,Unidad SSD NVMe M.2 de 1 TB,1167.33,267,1,2026-01-15 10:00:00,2026-02-10 12:00:00
4489,P04489,Cinsa Olla de presion 6L color blanco,Olla de presion de aluminio de 6 litros,965.35,73,1,2026-01-15 10:00:00,2026-02-10 12:00:00
4490,P04490,Gillette Mach3 color blanco,Rastrillo para afeitar con tres hojas,253.41,5,1,2026-01-15 10:00:00,2026-02-10 12:00:00
4491,P04491,Nike Revolution 7 modelo 2026,Tenis deportivos para entrenamiento,1550.19,44,1,2026-01-15 10:00:00,2026-02-10 12:00:00
4492,P04492,Sterilite Caja organizadora 40L edicion especial,Caja plastica con tapa para almacenamiento,268.81,289,1,2026-01-15 10:00:00,2026-02-10 12:00:00
4493,P04493,Nike Revolution 7 color blanco,Tenis deportivos para entrenamiento,1557.67,131,1,2026-01-15 10:00:00,2026-02-10 12:00:00
4494,P04494,Logitech G502 Hero modelo 2026,Mouse gamer de alto rendimiento,1006.93,193,1,2026-01-15 10:00:00,2026-02-10 12:00:00
4495,P04495,JBL Go 4 edicion especial,Bocina portatil Bluetooth,1087.43,24,1,2026-01-15 10:00:00,2026-02-10 12:00:00
4496,P04496,Tefal Plancha Ultragliss edicion especial,Plancha de vapor para ropa,991.7,271,1,2026-01-15 10:00:00,2026-02-10 12:00:00
4497,P04497,Sterilite Caja organizadora 40L edicion especial,Caja plastica con tapa para almacenamiento,316.41,243,1,2026-01-15 10:00:00,2026-02-10 12:00:00
4498,P04498,Gillette Mach3 color negro,Rastrillo para afeitar con tres hojas,258.93,236,1,2026-01-15 10:00:00,2026-02-10 12:00:00
4499,P04499,Logitech G502 Hero color blanco,Mouse gamer de alto rendimiento,743.26,139,1,2026-01-15 10:00:00,2026-02-10 12:00:00
4500,P04500,Logitech G502 Hero color negro,Mouse gamer de alto rendimiento,961.38,241,1,2026-01-15 10:00:00,2026-02-10 12:00:00
4501,P04501,Nike Revolution 7 paquete con 2 piezas,Tenis deportivos para entrenamiento,1725.93,269,1,2026-01-15 10:00:00,2026-02-10 12:00:00
4502,P04502,Kingston NV2 1TB edicion especial,Unidad SSD NVMe M.2 de 1 TB,1082.74,80,1,2026-01-15 10:00:00,2026-02-10 12:00:00
4503,P04503,Colgate Total 12 modelo 2026,Pasta dental de proteccion integral,78.06,125,1,2026-01-15 10:00:00,2026-02-10 12:00:00
4504,P04504,Kingston NV2 1TB color blanco,Unidad SSD NVMe M.2 de 1 TB,1127.55,128,1,2026-01-15 10:00:00,2026-02-10 12:00:00
4505,P04505,Cinsa Olla de presion 6L paquete con 2 piezas,Olla de presion de aluminio de 6 litros,961.97,59,1,2026-01-15 10:00:00,2026-02-10 12:00:00
4506,P04506,Gillette Mach3 edicion especial,Rastrillo para afeitar con tres hojas,294.46,41,1,2026-01-15 10:00:00,2026-02-10 12:00:00
4507,P04507,Kingston NV2 1TB version estandar,Unidad SSD NVMe M.2 de 1 TB,1239.2,294,1,2026-01-15 10:00:00,2026-02-10 12:00:00
4508,P04508,Tefal Plancha Ultragliss version estandar,Plancha de vapor para ropa,1064.98,209,1,2026-01-15 10:00:00,2026-02-10 12:00:00
4509,P04509,Logitech G502 Hero modelo 2026,Mouse gamer de alto rendimiento,789.28,104,1,2026-01-15 10:00:00,2026-02-10 12:00:00
4510,P04510,Cinsa Olla de presion 6L modelo 2026,Olla de presion de aluminio de 6 litros,1059.77,87,1,2026-01-15 10:00:00,2026-02-10 12:00:00
4511,P04511,SanDisk Ultra microSD 128GB paquete con 2 piezas,Tarjeta microSD de 128 GB,274.37,120,1,2026-01-15 10:00:00,2026-02-10 12:00:00
4512,P04512,Cinsa Olla de presion 6L version estandar,Olla de presion de aluminio de 6 litros,1026.21,6,1,2026-01-15 10:00:00,2026-02-10 12:00:00
4513,P04513,Colgate Total 12 paquete con 2 piezas,Pasta dental de proteccion integral,90.58,107,1,2026-01-15 10:00:00,2026-02-10 12:00:00
4514,P04514,JBL Go 4 modelo 2026,Bocina portatil Bluetooth,1057.17,69,1,2026-01-15 10:00:00,2026-02-10 12:00:00
4515,P04515,Cinsa Olla de presion 6L modelo 2026,Olla de presion de aluminio de 6 litros,1182.49,293,1,2026-01-15 10:00:00,2026-02-10 12:00:00
4516,P04516,Cinsa Olla de presion 6L color negro,Olla de presion de aluminio de 6 litros,937.17,282,1,2026-01-15 10:00:00,2026-02-10 12:00:00
4517,P04517,Nike Revolution 7 edicion especial,Tenis deportivos para entrenamiento,1887.18,214,1,2026-01-15 10:00:00,2026-02-10 12:00:00
4518,P04518,Logitech G502 Hero version estandar,Mouse gamer de alto rendimiento,942.23,156,1,2026-01-15 10:00:00,2026-02-10 12:00:00
4519,P04519,Cinsa Olla de presion 6L color negro,Olla de presion de aluminio de 6 litros,1155.79,91,1,2026-01-15 10:00:00,2026-02-10 12:00:00
4520,P04520,Tefal Plancha Ultragliss color blanco,Plancha de vapor para ropa,1160.92,219,1,2026-01-15 10:00:00,2026-02-10 12:00:00
4521,P04521,JBL Go 4 paquete con 2 piezas,Bocina portatil Bluetooth,1247.69,8,1,2026-01-15 10:00:00,2026-02-10 12:00:00
4522,P04522,SanDisk Ultra microSD 128GB edicion especial,Tarjeta microSD de 128 GB,393.24,249,1,2026-01-15 10:00:00,2026-02-10 12:00:00
4523,P04523,Cinsa Olla de presion 6L color blanco,Olla de presion de aluminio de 6 litros,1160.62,208,1,2026-01-15 10:00:00,2026-02-10 12:00:00
4524,P04524,SanDisk Ultra microSD 128GB paquete con 2 piezas,Tarjeta microSD de 128 GB,322.35,246,1,2026-01-15 10:00:00,2026-02-10 12:00:00
4525,P04525,JBL Go 4 version estandar,Bocina portatil Bluetooth,1220.77,3,0,2026-01-15 10:00:00,2026-02-10 12:00:00
4526,P04526,Nike Revolution 7 version estandar,Tenis deportivos para entrenamiento,1968.22,87,1,2026-01-15 10:00:00,2026-02-10 12:00:00
4527,P04527,Kingston NV2 1TB modelo 2026,Unidad SSD NVMe M.2 de 1 TB,1411.65,26,1,2026-01-15 10:00:00,2026-02-10 12:00:00
4528,P04528,Colgate Total 12 paquete con 2 piezas,Pasta dental de proteccion integral,89.01,67,1,2026-01-15 10:00:00,2026-02-10 12:00:00
4529,P04529,Tefal Plancha Ultragliss color blanco,Plancha de vapor para ropa,1138.82,94,1,2026-01-15 10:00:00,2026-02-10 12:00:00
4530,P04530,Gillette Mach3 edicion especial,Rastrillo para afeitar con tres hojas,158.24,180,1,2026-01-15 10:00:00,2026-02-10 12:00:00
4531,P04531,Nike Revolution 7 color negro,Tenis deportivos para entrenamiento,1734.24,211,1,2026-01-15 10:00:00,2026-02-10 12:00:00
4532,P04532,Nike Revolution 7 color negro,Tenis deportivos para entrenamiento,1924.42,122,1,2026-01-15 10:00:00,2026-02-10 12:00:00
4533,P04533,JBL Go 4 presentacion familiar,Bocina portatil Bluetooth,1148.84,30,1,2026-01-15 10:00:00,2026-02-10 12:00:00
4534,P04534,Sterilite Caja organizadora 40L paquete con 2 piezas,Caja plastica con tapa para almacenamiento,299.68,143,1,2026-01-15 10:00:00,2026-02-10 12:00:00
4535,P04535,SanDisk Ultra microSD 128GB edicion especial,Tarjeta microSD de 128 GB,264.51,242,1,2026-01-15 10:00:00,2026-02-10 12:00:00
4536,P04536,Cinsa Olla de presion 6L color negro,Olla de presion de aluminio de 6 litros,978.36,216,1,2026-01-15 10:00:00,2026-02-10 12:00:00
4537,P04537,Cinsa Olla de presion 6L edicion especial,Olla de presion de aluminio de 6 litros,1120.27,74,1,2026-01-15 10:00:00,2026-02-10 12:00:00
4538,P04538,Colgate Total 12 edicion especial,Pasta dental de proteccion integral,68.79,241,1,2026-01-15 10:00:00,2026-02-10 12:00:00
4539,P04539,Sterilite Caja organizadora 40L version estandar,Caja plastica con tapa para almacenamiento,307.04,12,1,2026-01-15 10:00:00,2026-02-10 12:00:00
4540,P04540,Gillette Mach3 color blanco,Rastrillo para afeitar con tres hojas,219.56,135,1,2026-01-15 10:00:00,2026-02-10 12:00:00
4541,P04541,Gillette Mach3 version estandar,Rastrillo para afeitar con tres hojas,240.59,171,1,2026-01-15 10:00:00,2026-02-10 12:00:00
4542,P04542,Colgate Total 12 modelo 2026,Pasta dental de proteccion integral,75.38,111,1,2026-01-15 10:00:00,2026-02-10 12:00:00
4543,P04543,Tefal Plancha Ultragliss version estandar,Plancha de vapor para ropa,1181.79,158,1,2026-01-15 10:00:00,2026-02-10 12:00:00
4544,P04544,JBL Go 4 paquete con 2 piezas,Bocina portatil Bluetooth,1086.62,42,1,2026-01-15 10:00:00,2026-02-10 12:00:00
4545,P04545,SanDisk Ultra microSD 128GB modelo 2026,Tarjeta microSD de 128 GB,337.41,108,1,2026-01-15 10:00:00,2026-02-10 12:00:00
4546,P04546,Logitech G502 Hero version estandar,Mouse gamer de alto rendimiento,1008.75,294,1,2026-01-15 10:00:00,2026-02-10 12:00:00
4547,P04547,Sterilite Caja organizadora 40L color negro,Caja plastica con tapa para almacenamiento,288.34,91,1,2026-01-15 10:00:00,2026-02-10 12:00:00
4548,P04548,Sterilite Caja organizadora 40L version estandar,Caja plastica con tapa para almacenamiento,304.53,118,1,2026-01-15 10:00:00,2026-02-10 12:00:00
4549,P04549,Gillette Mach3 modelo 2026,Rastrillo para afeitar con tres hojas,265.05,215,1,2026-01-15 10:00:00,2026-02-10 12:00:00
4550,P04550,Cinsa Olla de presion 6L color blanco,Olla de presion de aluminio de 6 litros,841.97,132,1,2026-01-15 10:00:00,2026-02-10 12:00:00
4551,P04551,Logitech G502 Hero edicion especial,Mouse gamer de alto rendimiento,975.98,79,1,2026-01-15 10:00:00,2026-02-10 12:00:00
4552,P04552,Tefal Plancha Ultragliss color negro,Plancha de vapor para ropa,949.96,150,1,2026-01-15 10:00:00,2026-02-10 12:00:00
4553,P04553,Logitech G502 Hero version estandar,Mouse gamer de alto rendimiento,976.89,133,1,2026-01-15 10:00:00,2026-02-10 12:00:00
4554,P04554,SanDisk Ultra microSD 128GB presentacion familiar,Tarjeta microSD de 128 GB,318.17,204,1,2026-01-15 10:00:00,2026-02-10 12:00:00
4555,P04555,Colgate Total 12 modelo 2026,Pasta dental de proteccion integral,92.19,238,1,2026-01-15 10:00:00,2026-02-10 12:00:00
4556,P04556,SanDisk Ultra microSD 128GB paquete con 2 piezas,Tarjeta microSD de 128 GB,348.06,59,1,2026-01-15 10:00:00,2026-02-10 12:00:00
4557,P04557,Logitech G502 Hero edicion especial,Mouse gamer de alto rendimiento,872.5,234,1,2026-01-15 10:00:00,2026-02-10 12:00:00
4558,P04558,JBL Go 4 color negro,Bocina portatil Bluetooth,901.06,141,1,2026-01-15 10:00:00,2026-02-10 12:00:00
4559,P04559,Tefal Plancha Ultragliss presentacion familiar,Plancha de vapor para ropa,960.05,170,1,2026-01-15 10:00:00,2026-02-10 12:00:00
4560,P04560,Colgate Total 12 edicion especial,Pasta dental de proteccion integral,71.43,263,1,2026-01-15 10:00:00,2026-02-10 12:00:00
4561,P04561,JBL Go 4 color negro,Bocina portatil Bluetooth,1042.44,129,1,2026-01-15 10:00:00,2026-02-10 12:00:00
4562,P04562,Colgate Total 12 color blanco,Pasta dental de proteccion integral,50.64,298,1,2026-01-15 10:00:00,2026-02-10 12:00:00
4563,P04563,Cinsa Olla de presion 6L presentacion familiar,Olla de presion de aluminio de 6 litros,828.49,154,1,2026-01-15 10:00:00,2026-02-10 12:00:00
4564,P04564,Gillette Mach3 version estandar,Rastrillo para afeitar con tres hojas,167.22,227,1,2026-01-15 10:00:00,2026-02-10 12:00:00
4565,P04565,Sterilite Caja organizadora 40L edicion especial,Caja plastica con tapa para almacenamiento,278,298,1,2026-01-15 10:00:00,2026-02-10 12:00:00
4566,P04566,JBL Go 4 modelo 2026,Bocina portatil Bluetooth,907.26,59,1,2026-01-15 10:00:00,2026-02-10 12:00:00
4567,P04567,Kingston NV2 1TB paquete con 2 piezas,Unidad SSD NVMe M.2 de 1 TB,1465.36,72,1,2026-01-15 10:00:00,2026-02-10 12:00:00
4568,P04568,Sterilite Caja organizadora 40L color blanco,Caja plastica con tapa para almacenamiento,202.61,41,1,2026-01-15 10:00:00,2026-02-10 12:00:00
4569,P04569,Cinsa Olla de presion 6L color blanco,Olla de presion de aluminio de 6 litros,939.43,142,1,2026-01-15 10:00:00,2026-02-10 12:00:00
4570,P04570,Nike Revolution 7 paquete con 2 piezas,Tenis deportivos para entrenamiento,1872.63,293,1,2026-01-15 10:00:00,2026-02-10 12:00:00
4571,P04571,Tefal Plancha Ultragliss edicion especial,Plancha de vapor para ropa,1034.23,118,1,2026-01-15 10:00:00,2026-02-10 12:00:00
4572,P04572,Colgate Total 12 edicion especial,Pasta dental de proteccion integral,71.85,60,1,2026-01-15 10:00:00,2026-02-10 12:00:00
4573,P04573,Gillette Mach3 modelo 2026,Rastrillo para afeitar con tres hojas,268.45,53,1,2026-01-15 10:00:00,2026-02-10 12:00:00
4574,P04574,Cinsa Olla de presion 6L edicion especial,Olla de presion de aluminio de 6 litros,983.43,255,1,2026-01-15 10:00:00,2026-02-10 12:00:00
4575,P04575,Nike Revolution 7 paquete con 2 piezas,Tenis deportivos para entrenamiento,1601.39,133,1,2026-01-15 10:00:00,2026-02-10 12:00:00
4576,P04576,Gillette Mach3 color negro,Rastrillo para afeitar con tres hojas,193.25,91,1,2026-01-15 10:00:00,2026-02-10 12:00:00
4577,P04577,Gillette Mach3 color blanco,Rastrillo para afeitar con tres hojas,197.58,19,1,2026-01-15 10:00:00,2026-02-10 12:00:00
4578,P04578,Logitech G502 Hero modelo 2026,Mouse gamer de alto rendimiento,1063.27,166,1,2026-01-15 10:00:00,2026-02-10 12:00:00
4579,P04579,Logitech G502 Hero version estandar,Mouse gamer de alto rendimiento,877.77,294,1,2026-01-15 10:00:00,2026-02-10 12:00:00
4580,P04580,Gillette Mach3 modelo 2026,Rastrillo para afeitar con tres hojas,227.52,239,1,2026-01-15 10:00:00,2026-02-10 12:00:00
4581,P04581,Sterilite Caja organizadora 40L color negro,Caja plastica con tapa para almacenamiento,253.54,17,1,2026-01-15 10:00:00,2026-02-10 12:00:00
4582,P04582,Gillette Mach3 color negro,Rastrillo para afeitar con tres hojas,291.25,228,1,2026-01-15 10:00:00,2026-02-10 12:00:00
4583,P04583,Tefal Plancha Ultragliss edicion especial,Plancha de vapor para ropa,1054.44,207,1,2026-01-15 10:00:00,2026-02-10 12:00:00
4584,P04584,Gillette Mach3 presentacion familiar,Rastrillo para afeitar con tres hojas,289.66,233,1,2026-01-15 10:00:00,2026-02-10 12:00:00
4585,P04585,Cinsa Olla de presion 6L paquete con 2 piezas,Olla de presion de aluminio de 6 litros,927.14,224,1,2026-01-15 10:00:00,2026-02-10 12:00:00
4586,P04586,Cinsa Olla de presion 6L version estandar,Olla de presion de aluminio de 6 litros,894.88,115,1,2026-01-15 10:00:00,2026-02-10 12:00:00
4587,P04587,Sterilite Caja organizadora 40L paquete con 2 piezas,Caja plastica con tapa para almacenamiento,254.75,258,1,2026-01-15 10:00:00,2026-02-10 12:00:00
4588,P04588,Logitech G502 Hero edicion especial,Mouse gamer de alto rendimiento,1035.67,63,1,2026-01-15 10:00:00,2026-02-10 12:00:00
4589,P04589,Colgate Total 12 version estandar,Pasta dental de proteccion integral,83.01,94,1,2026-01-15 10:00:00,2026-02-10 12:00:00
4590,P04590,Tefal Plancha Ultragliss paquete con 2 piezas,Plancha de vapor para ropa,881.84,73,1,2026-01-15 10:00:00,2026-02-10 12:00:00
4591,P04591,Logitech G502 Hero edicion especial,Mouse gamer de alto rendimiento,922.62,139,1,2026-01-15 10:00:00,2026-02-10 12:00:00
4592,P04592,Gillette Mach3 paquete con 2 piezas,Rastrillo para afeitar con tres hojas,220.92,262,1,2026-01-15 10:00:00,2026-02-10 12:00:00
4593,P04593,JBL Go 4 modelo 2026,Bocina portatil Bluetooth,1230.97,219,1,2026-01-15 10:00:00,2026-02-10 12:00:00
4594,P04594,SanDisk Ultra microSD 128GB color negro,Tarjeta microSD de 128 GB,343.51,124,1,2026-01-15 10:00:00,2026-02-10 12:00:00
4595,P04595,JBL Go 4 color negro,Bocina portatil Bluetooth,1029.4,259,1,2026-01-15 10:00:00,2026-02-10 12:00:00
4596,P04596,Colgate Total 12 presentacion familiar,Pasta dental de proteccion integral,88.28,8,1,2026-01-15 10:00:00,2026-02-10 12:00:00
4597,P04597,JBL Go 4 presentacion familiar,Bocina portatil Bluetooth,1191.88,128,1,2026-01-15 10:00:00,2026-02-10 12:00:00
4598,P04598,Colgate Total 12 paquete con 2 piezas,Pasta dental de proteccion integral,96.1,23,1,2026-01-15 10:00:00,2026-02-10 12:00:00
4599,P04599,Gillette Mach3 color negro,Rastrillo para afeitar con tres hojas,242.04,245,1,2026-01-15 10:00:00,2026-02-10 12:00:00
4600,P04600,Sterilite Caja organizadora 40L version estandar,Caja plastica con tapa para almacenamiento,329.05,230,1,2026-01-15 10:00:00,2026-02-10 12:00:00
4601,P04601,SanDisk Ultra microSD 128GB edicion especial,Tarjeta microSD de 128 GB,298.49,196,1,2026-01-15 10:00:00,2026-02-10 12:00:00
4602,P04602,Cinsa Olla de presion 6L color blanco,Olla de presion de aluminio de 6 litros,1148.55,218,1,2026-01-15 10:00:00,2026-02-10 12:00:00
4603,P04603,Kingston NV2 1TB color negro,Unidad SSD NVMe M.2 de 1 TB,1363.89,272,1,2026-01-15 10:00:00,2026-02-10 12:00:00
4604,P04604,SanDisk Ultra microSD 128GB modelo 2026,Tarjeta microSD de 128 GB,386.61,238,1,2026-01-15 10:00:00,2026-02-10 12:00:00
4605,P04605,Tefal Plancha Ultragliss color negro,Plancha de vapor para ropa,1033.02,52,1,2026-01-15 10:00:00,2026-02-10 12:00:00
4606,P04606,Sterilite Caja organizadora 40L edicion especial,Caja plastica con tapa para almacenamiento,397,136,1,2026-01-15 10:00:00,2026-02-10 12:00:00
4607,P04607,Logitech G502 Hero modelo 2026,Mouse gamer de alto rendimiento,792.96,5,0,2026-01-15 10:00:00,2026-02-10 12:00:00
4608,P04608,Tefal Plancha Ultragliss color negro,Plancha de vapor para ropa,981.03,243,1,2026-01-15 10:00:00,2026-02-10 12:00:00
4609,P04609,Gillette Mach3 paquete con 2 piezas,Rastrillo para afeitar con tres hojas,244,133,1,2026-01-15 10:00:00,2026-02-10 12:00:00
4610,P04610,SanDisk Ultra microSD 128GB edicion especial,Tarjeta microSD de 128 GB,327.68,52,1,2026-01-15 10:00:00,2026-02-10 12:00:00
4611,P04611,Gillette Mach3 paquete con 2 piezas,Rastrillo para afeitar con tres hojas,269.31,147,1,2026-01-15 10:00:00,2026-02-10 12:00:00
4612,P04612,Gillette Mach3 color negro,Rastrillo para afeitar con tres hojas,216.43,253,1,2026-01-15 10:00:00,2026-02-10 12:00:00
4613,P04613,Nike Revolution 7 version estandar,Tenis deportivos para entrenamiento,2179.17,239,1,2026-01-15 10:00:00,2026-02-10 12:00:00
4614,P04614,SanDisk Ultra microSD 128GB presentacion familiar,Tarjeta microSD de 128 GB,385.55,200,1,2026-01-15 10:00:00,2026-02-10 12:00:00
4615,P04615,Nike Revolution 7 color negro,Tenis deportivos para entrenamiento,1820.72,202,1,2026-01-15 10:00:00,2026-02-10 12:00:00
4616,P04616,Nike Revolution 7 color negro,Tenis deportivos para entrenamiento,1953.85,30,1,2026-01-15 10:00:00,2026-02-10 12:00:00
4617,P04617,Kingston NV2 1TB presentacion familiar,Unidad SSD NVMe M.2 de 1 TB,1123.16,109,1,2026-01-15 10:00:00,2026-02-10 12:00:00
4618,P04618,Kingston NV2 1TB version estandar,Unidad SSD NVMe M.2 de 1 TB,1075.81,76,1,2026-01-15 10:00:00,2026-02-10 12:00:00
4619,P04619,Gillette Mach3 color blanco,Rastrillo para afeitar con tres hojas,260.88,79,1,2026-01-15 10:00:00,2026-02-10 12:00:00
4620,P04620,Logitech G502 Hero color blanco,Mouse gamer de alto rendimiento,1055.52,276,1,2026-01-15 10:00:00,2026-02-10 12:00:00
4621,P04621,Sterilite Caja organizadora 40L paquete con 2 piezas,Caja plastica con tapa para almacenamiento,247.29,93,1,2026-01-15 10:00:00,2026-02-10 12:00:00
4622,P04622,Sterilite Caja organizadora 40L modelo 2026,Caja plastica con tapa para almacenamiento,316.32,22,1,2026-01-15 10:00:00,2026-02-10 12:00:00
4623,P04623,SanDisk Ultra microSD 128GB color blanco,Tarjeta microSD de 128 GB,335.79,189,1,2026-01-15 10:00:00,2026-02-10 12:00:00
4624,P04624,Gillette Mach3 color negro,Rastrillo para afeitar con tres hojas,198.18,86,1,2026-01-15 10:00:00,2026-02-10 12:00:00
4625,P04625,Tefal Plancha Ultragliss modelo 2026,Plancha de vapor para ropa,885.54,276,1,2026-01-15 10:00:00,2026-02-10 12:00:00
4626,P04626,JBL Go 4 presentacion familiar,Bocina portatil Bluetooth,1123.27,141,1,2026-01-15 10:00:00,2026-02-10 12:00:00
4627,P04627,Cinsa Olla de presion 6L color negro,Olla de presion de aluminio de 6 litros,1092.12,103,1,2026-01-15 10:00:00,2026-02-10 12:00:00
4628,P04628,Kingston NV2 1TB modelo 2026,Unidad SSD NVMe M.2 de 1 TB,1337.33,272,1,2026-01-15 10:00:00,2026-02-10 12:00:00
4629,P04629,Nike Revolution 7 edicion especial,Tenis deportivos para entrenamiento,2118.87,203,1,2026-01-15 10:00:00,2026-02-10 12:00:00
4630,P04630,Tefal Plancha Ultragliss version estandar,Plancha de vapor para ropa,940.6,185,1,2026-01-15 10:00:00,2026-02-10 12:00:00
4631,P04631,Colgate Total 12 paquete con 2 piezas,Pasta dental de proteccion integral,50.16,97,1,2026-01-15 10:00:00,2026-02-10 12:00:00
4632,P04632,Sterilite Caja organizadora 40L edicion especial,Caja plastica con tapa para almacenamiento,240.53,66,1,2026-01-15 10:00:00,2026-02-10 12:00:00
4633,P04633,Colgate Total 12 edicion especial,Pasta dental de proteccion integral,86.54,89,1,2026-01-15 10:00:00,2026-02-10 12:00:00
4634,P04634,Sterilite Caja organizadora 40L color blanco,Caja plastica con tapa para almacenamiento,307.72,214,1,2026-01-15 10:00:00,2026-02-10 12:00:00
4635,P04635,Colgate Total 12 color negro,Pasta dental de proteccion integral,58.81,9,1,2026-01-15 10:00:00,2026-02-10 12:00:00
4636,P04636,Cinsa Olla de presion 6L color negro,Olla de presion de aluminio de 6 litros,1088.58,85,1,2026-01-15 10:00:00,2026-02-10 12:00:00
4637,P04637,Colgate Total 12 color negro,Pasta dental de proteccion integral,77.59,289,1,2026-01-15 10:00:00,2026-02-10 12:00:00
4638,P04638,Colgate Total 12 color negro,Pasta dental de proteccion integral,59.78,103,1,2026-01-15 10:00:00,2026-02-10 12:00:00
4639,P04639,Tefal Plancha Ultragliss version estandar,Plancha de vapor para ropa,926.28,22,1,2026-01-15 10:00:00,2026-02-10 12:00:00
4640,P04640,Kingston NV2 1TB modelo 2026,Unidad SSD NVMe M.2 de 1 TB,1306.15,166,1,2026-01-15 10:00:00,2026-02-10 12:00:00
4641,P04641,Tefal Plancha Ultragliss modelo 2026,Plancha de vapor para ropa,1132.59,273,1,2026-01-15 10:00:00,2026-02-10 12:00:00
4642,P04642,SanDisk Ultra microSD 128GB paquete con 2 piezas,Tarjeta microSD de 128 GB,383.28,32,1,2026-01-15 10:00:00,2026-02-10 12:00:00
4643,P04643,Cinsa Olla de presion 6L presentacion familiar,Olla de presion de aluminio de 6 litros,1123.03,48,1,2026-01-15 10:00:00,2026-02-10 12:00:00
4644,P04644,SanDisk Ultra microSD 128GB modelo 2026,Tarjeta microSD de 128 GB,326.45,114,1,2026-01-15 10:00:00,2026-02-10 12:00:00
4645,P04645,Kingston NV2 1TB presentacion familiar,Unidad SSD NVMe M.2 de 1 TB,1056.68,226,1,2026-01-15 10:00:00,2026-02-10 12:00:00
4646,P04646,Colgate Total 12 paquete con 2 piezas,Pasta dental de proteccion integral,51.72,207,1,2026-01-15 10:00:00,2026-02-10 12:00:00
4647,P04647,Tefal Plancha Ultragliss color blanco,Plancha de vapor para ropa,861.48,205,1,2026-01-15 10:00:00,2026-02-10 12:00:00
4648,P04648,Cinsa Olla de presion 6L modelo 2026,Olla de presion de aluminio de 6 litros,953.74,8,1,2026-01-15 10:00:00,2026-02-10 12:00:00
4649,P04649,JBL Go 4 version estandar,Bocina portatil Bluetooth,1083.78,289,1,2026-01-15 10:00:00,2026-02-10 12:00:00
4650,P04650,Nike Revolution 7 color blanco,Tenis deportivos para entrenamiento,1856.07,265,1,2026-01-15 10:00:00,2026-02-10 12:00:00
4651,P04651,JBL Go 4 color negro,Bocina portatil Bluetooth,1133.96,286,1,2026-01-15 10:00:00,2026-02-10 12:00:00
4652,P04652,Gillette Mach3 presentacion familiar,Rastrillo para afeitar con tres hojas,285.88,233,1,2026-01-15 10:00:00,2026-02-10 12:00:00
4653,P04653,Logitech G502 Hero color negro,Mouse gamer de alto rendimiento,777.43,173,1,2026-01-15 10:00:00,2026-02-10 12:00:00
4654,P04654,Nike Revolution 7 color blanco,Tenis deportivos para entrenamiento,1674.74,189,1,2026-01-15 10:00:00,2026-02-10 12:00:00
4655,P04655,Cinsa Olla de presion 6L version estandar,Olla de presion de aluminio de 6 litros,968.32,0,0,2026-01-15 10:00:00,2026-02-10 12:00:00
4656,P04656,Logitech G502 Hero edicion especial,Mouse gamer de alto rendimiento,969.95,234,1,2026-01-15 10:00:00,2026-02-10 12:00:00
4657,P04657,Tefal Plancha Ultragliss color negro,Plancha de vapor para ropa,909.18,15,1,2026-01-15 10:00:00,2026-02-10 12:00:00
4658,P04658,JBL Go 4 edicion especial,Bocina portatil Bluetooth,952.62,182,1,2026-01-15 10:00:00,2026-02-10 12:00:00
4659,P04659,Nike Revolution 7 paquete con 2 piezas,Tenis deportivos para entrenamiento,1830.69,135,1,2026-01-15 10:00:00,2026-02-10 12:00:00
4660,P04660,Sterilite Caja organizadora 40L edicion especial,Caja plastica con tapa para almacenamiento,432.79,74,1,2026-01-15 10:00:00,2026-02-10 12:00:00
4661,P04661,Logitech G502 Hero paquete con 2 piezas,Mouse gamer de alto rendimiento,1037.67,57,1,2026-01-15 10:00:00,2026-02-10 12:00:00
4662,P04662,JBL Go 4 modelo 2026,Bocina portatil Bluetooth,1113.84,50,1,2026-01-15 10:00:00,2026-02-10 12:00:00
4663,P04663,Nike Revolution 7 color negro,Tenis deportivos para entrenamiento,1805.92,146,1,2026-01-15 10:00:00,2026-02-10 12:00:00
4664,P04664,Tefal Plancha Ultragliss modelo 2026,Plancha de vapor para ropa,979.63,76,1,2026-01-15 10:00:00,2026-02-10 12:00:00
4665,P04665,Logitech G502 Hero paquete con 2 piezas,Mouse gamer de alto rendimiento,875.21,55,1,2026-01-15 10:00:00,2026-02-10 12:00:00
4666,P04666,Colgate Total 12 color negro,Pasta dental de proteccion integral,75.8,97,1,2026-01-15 10:00:00,2026-02-10 12:00:00
4667,P04667,Gillette Mach3 color blanco,Rastrillo para afeitar con tres hojas,298.06,233,1,2026-01-15 10:00:00,2026-02-10 12:00:00
4668,P04668,Sterilite Caja organizadora 40L paquete con 2 piezas,Caja plastica con tapa para almacenamiento,301.08,263,1,2026-01-15 10:00:00,2026-02-10 12:00:00
4669,P04669,JBL Go 4 color negro,Bocina portatil Bluetooth,1018.52,245,1,2026-01-15 10:00:00,2026-02-10 12:00:00
4670,P04670,Colgate Total 12 edicion especial,Pasta dental de proteccion integral,66.46,268,1,2026-01-15 10:00:00,2026-02-10 12:00:00
4671,P04671,SanDisk Ultra microSD 128GB presentacion familiar,Tarjeta microSD de 128 GB,282.98,180,1,2026-01-15 10:00:00,2026-02-10 12:00:00
4672,P04672,Gillette Mach3 modelo 2026,Rastrillo para afeitar con tres hojas,164.85,58,1,2026-01-15 10:00:00,2026-02-10 12:00:00
4673,P04673,Sterilite Caja organizadora 40L paquete con 2 piezas,Caja plastica con tapa para almacenamiento,334.89,169,1,2026-01-15 10:00:00,2026-02-10 12:00:00
4674,P04674,Gillette Mach3 color negro,Rastrillo para afeitar con tres hojas,242.24,54,1,2026-01-15 10:00:00,2026-02-10 12:00:00
4675,P04675,Colgate Total 12 edicion especial,Pasta dental de proteccion integral,56.44,143,1,2026-01-15 10:00:00,2026-02-10 12:00:00
4676,P04676,Sterilite Caja organizadora 40L color negro,Caja plastica con tapa para almacenamiento,297.64,195,1,2026-01-15 10:00:00,2026-02-10 12:00:00
4677,P04677,JBL Go 4 edicion especial,Bocina portatil Bluetooth,1299.16,225,1,2026-01-15 10:00:00,2026-02-10 12:00:00
4678,P04678,SanDisk Ultra microSD 128GB modelo 2026,Tarjeta microSD de 128 GB,334.25,128,1,2026-01-15 10:00:00,2026-02-10 12:00:00
4679,P04679,Nike Revolution 7 edicion especial,Tenis deportivos para entrenamiento,2115.71,158,1,2026-01-15 10:00:00,2026-02-10 12:00:00
4680,P04680,Tefal Plancha Ultragliss color blanco,Plancha de vapor para ropa,915.99,125,1,2026-01-15 10:00:00,2026-02-10 12:00:00
4681,P04681,Nike Revolution 7 color negro,Tenis deportivos para entrenamiento,1540.7,167,1,2026-01-15 10:00:00,2026-02-10 12:00:00
4682,P04682,Colgate Total 12 color negro,Pasta dental de proteccion integral,90.59,223,1,2026-01-15 10:00:00,2026-02-10 12:00:00
4683,P04683,Cinsa Olla de presion 6L presentacion familiar,Olla de presion de aluminio de 6 litros,860.3,51,1,2026-01-15 10:00:00,2026-02-10 12:00:00
4684,P04684,SanDisk Ultra microSD 128GB color negro,Tarjeta microSD de 128 GB,276.14,164,1,2026-01-15 10:00:00,2026-02-10 12:00:00
4685,P04685,Sterilite Caja organizadora 40L edicion especial,Caja plastica con tapa para almacenamiento,246.45,141,1,2026-01-15 10:00:00,2026-02-10 12:00:00
4686,P04686,Colgate Total 12 version estandar,Pasta dental de proteccion integral,90.71,25,1,2026-01-15 10:00:00,2026-02-10 12:00:00
4687,P04687,Colgate Total 12 presentacion familiar,Pasta dental de proteccion integral,85.91,155,1,2026-01-15 10:00:00,2026-02-10 12:00:00
4688,P04688,Nike Revolution 7 presentacion familiar,Tenis deportivos para entrenamiento,1973.08,225,1,2026-01-15 10:00:00,2026-02-10 12:00:00
4689,P04689,Kingston NV2 1TB modelo 2026,Unidad SSD NVMe M.2 de 1 TB,1301.48,278,1,2026-01-15 10:00:00,2026-02-10 12:00:00
4690,P04690,Colgate Total 12 color negro,Pasta dental de proteccion integral,50.54,172,1,2026-01-15 10:00:00,2026-02-10 12:00:00
4691,P04691,Sterilite Caja organizadora 40L paquete con 2 piezas,Caja plastica con tapa para almacenamiento,352.58,80,1,2026-01-15 10:00:00,2026-02-10 12:00:00
4692,P04692,JBL Go 4 version estandar,Bocina portatil Bluetooth,928.24,298,1,2026-01-15 10:00:00,2026-02-10 12:00:00
4693,P04693,SanDisk Ultra microSD 128GB version estandar,Tarjeta microSD de 128 GB,371.96,282,1,2026-01-15 10:00:00,2026-02-10 12:00:00
4694,P04694,Sterilite Caja organizadora 40L color negro,Caja plastica con tapa para almacenamiento,392.99,158,1,2026-01-15 10:00:00,2026-02-10 12:00:00
4695,P04695,Logitech G502 Hero color blanco,Mouse gamer de alto rendimiento,1059.79,158,1,2026-01-15 10:00:00,2026-02-10 12:00:00
4696,P04696,Cinsa Olla de presion 6L version estandar,Olla de presion de aluminio de 6 litros,1150.53,15,1,2026-01-15 10:00:00,2026-02-10 12:00:00
4697,P04697,JBL Go 4 version estandar,Bocina portatil Bluetooth,1275.43,194,1,2026-01-15 10:00:00,2026-02-10 12:00:00
4698,P04698,Kingston NV2 1TB paquete con 2 piezas,Unidad SSD NVMe M.2 de 1 TB,1423.59,265,1,2026-01-15 10:00:00,2026-02-10 12:00:00
4699,P04699,Tefal Plancha Ultragliss modelo 2026,Plancha de vapor para ropa,1087.72,117,1,2026-01-15 10:00:00,2026-02-10 12:00:00
4700,P04700,Sterilite Caja organizadora 40L edicion especial,Caja plastica con tapa para almacenamiento,349.91,80,1,2026-01-15 10:00:00,2026-02-10 12:00:00
4701,P04701,Gillette Mach3 color negro,Rastrillo para afeitar con tres hojas,171.69,160,1,2026-01-15 10:00:00,2026-02-10 12:00:00
4702,P04702,Kingston NV2 1TB color negro,Unidad SSD NVMe M.2 de 1 TB,1009.34,123,1,2026-01-15 10:00:00,2026-02-10 12:00:00
4703,P04703,Logitech G502 Hero presentacion familiar,Mouse gamer de alto rendimiento,1079.11,218,1,2026-01-15 10:00:00,2026-02-10 12:00:00
4704,P04704,Logitech G502 Hero edicion especial,Mouse gamer de alto rendimiento,880.06,137,1,2026-01-15 10:00:00,2026-02-10 12:00:00
4705,P04705,SanDisk Ultra microSD 128GB edicion especial,Tarjeta microSD de 128 GB,374.18,24,1,2026-01-15 10:00:00,2026-02-10 12:00:00
4706,P04706,JBL Go 4 version estandar,Bocina portatil Bluetooth,1197.39,37,1,2026-01-15 10:00:00,2026-02-10 12:00:00
4707,P04707,JBL Go 4 color blanco,Bocina portatil Bluetooth,1051.54,35,1,2026-01-15 10:00:00,2026-02-10 12:00:00
4708,P04708,Cinsa Olla de presion 6L version estandar,Olla de presion de aluminio de 6 litros,1115.04,129,1,2026-01-15 10:00:00,2026-02-10 12:00:00
4709,P04709,SanDisk Ultra microSD 128GB modelo 2026,Tarjeta microSD de 128 GB,322.49,119,1,2026-01-15 10:00:00,2026-02-10 12:00:00
4710,P04710,Cinsa Olla de presion 6L version estandar,Olla de presion de aluminio de 6 litros,1111.57,210,1,2026-01-15 10:00:00,2026-02-10 12:00:00
4711,P04711,SanDisk Ultra microSD 128GB edicion especial,Tarjeta microSD de 128 GB,355.87,51,1,2026-01-15 10:00:00,2026-02-10 12:00:00
4712,P04712,SanDisk Ultra microSD 128GB presentacion familiar,Tarjeta microSD de 128 GB,392.2,22,1,2026-01-15 10:00:00,2026-02-10 12:00:00
4713,P04713,Cinsa Olla de presion 6L paquete con 2 piezas,Olla de presion de aluminio de 6 litros,805.19,54,1,2026-01-15 10:00:00,2026-02-10 12:00:00
4714,P04714,Sterilite Caja organizadora 40L edicion especial,Caja plastica con tapa para almacenamiento,403.2,185,1,2026-01-15 10:00:00,2026-02-10 12:00:00
4715,P04715,Logitech G502 Hero presentacion familiar,Mouse gamer de alto rendimiento,719.61,103,1,2026-01-15 10:00:00,2026-02-10 12:00:00
4716,P04716,SanDisk Ultra microSD 128GB color blanco,Tarjeta microSD de 128 GB,296.64,168,1,2026-01-15 10:00:00,2026-02-10 12:00:00
4717,P04717,Kingston NV2 1TB edicion especial,Unidad SSD NVMe M.2 de 1 TB,1175.28,90,1,2026-01-15 10:00:00,2026-02-10 12:00:00
4718,P04718,Gillette Mach3 presentacion familiar,Rastrillo para afeitar con tres hojas,195.67,10,1,2026-01-15 10:00:00,2026-02-10 12:00:00
4719,P04719,Cinsa Olla de presion 6L modelo 2026,Olla de presion de aluminio de 6 litros,1170.47,216,1,2026-01-15 10:00:00,2026-02-10 12:00:00
4720,P04720,Tefal Plancha Ultragliss color negro,Plancha de vapor para ropa,945.42,296,1,2026-01-15 10:00:00,2026-02-10 12:00:00
4721,P04721,SanDisk Ultra microSD 128GB color blanco,Tarjeta microSD de 128 GB,375.49,110,1,2026-01-15 10:00:00,2026-02-10 12:00:00
4722,P04722,Colgate Total 12 modelo 2026,Pasta dental de proteccion integral,92.83,246,1,2026-01-15 10:00:00,2026-02-10 12:00:00
4723,P04723,Nike Revolution 7 version estandar,Tenis deportivos para entrenamiento,1590.6,88,1,2026-01-15 10:00:00,2026-02-10 12:00:00
4724,P04724,JBL Go 4 version estandar,Bocina portatil Bluetooth,1092.93,65,1,2026-01-15 10:00:00,2026-02-10 12:00:00
4725,P04725,Cinsa Olla de presion 6L color blanco,Olla de presion de aluminio de 6 litros,1113.25,232,1,2026-01-15 10:00:00,2026-02-10 12:00:00
4726,P04726,Colgate Total 12 presentacion familiar,Pasta dental de proteccion integral,55.49,288,1,2026-01-15 10:00:00,2026-02-10 12:00:00
4727,P04727,Logitech G502 Hero version estandar,Mouse gamer de alto rendimiento,936.72,246,1,2026-01-15 10:00:00,2026-02-10 12:00:00
4728,P04728,Nike Revolution 7 color blanco,Tenis deportivos para entrenamiento,1787.36,59,1,2026-01-15 10:00:00,2026-02-10 12:00:00
4729,P04729,Colgate Total 12 version estandar,Pasta dental de proteccion integral,52.74,284,1,2026-01-15 10:00:00,2026-02-10 12:00:00
4730,P04730,JBL Go 4 paquete con 2 piezas,Bocina portatil Bluetooth,1173.15,243,1,2026-01-15 10:00:00,2026-02-10 12:00:00
4731,P04731,JBL Go 4 edicion especial,Bocina portatil Bluetooth,954.01,191,1,2026-01-15 10:00:00,2026-02-10 12:00:00
4732,P04732,Cinsa Olla de presion 6L color negro,Olla de presion de aluminio de 6 litros,936.83,237,1,2026-01-15 10:00:00,2026-02-10 12:00:00
4733,P04733,Kingston NV2 1TB modelo 2026,Unidad SSD NVMe M.2 de 1 TB,1286.35,207,1,2026-01-15 10:00:00,2026-02-10 12:00:00
4734,P04734,Gillette Mach3 modelo 2026,Rastrillo para afeitar con tres hojas,200.34,70,1,2026-01-15 10:00:00,2026-02-10 12:00:00
4735,P04735,Nike Revolution 7 color blanco,Tenis deportivos para entrenamiento,1773.73,61,1,2026-01-15 10:00:00,2026-02-10 12:00:00
4736,P04736,Cinsa Olla de presion 6L presentacion familiar,Olla de presion de aluminio de 6 litros,1173.56,291,1,2026-01-15 10:00:00,2026-02-10 12:00:00
4737,P04737,Gillette Mach3 color blanco,Rastrillo para afeitar con tres hojas,241.12,23,1,2026-01-15 10:00:00,2026-02-10 12:00:00
4738,P04738,Kingston NV2 1TB edicion especial,Unidad SSD NVMe M.2 de 1 TB,1370.91,288,1,2026-01-15 10:00:00,2026-02-10 12:00:00
4739,P04739,Cinsa Olla de presion 6L color blanco,Olla de presion de aluminio de 6 litros,910.93,50,1,2026-01-15 10:00:00,2026-02-10 12:00:00
4740,P04740,Logitech G502 Hero edicion especial,Mouse gamer de alto rendimiento,1013.76,70,1,2026-01-15 10:00:00,2026-02-10 12:00:00
4741,P04741,Gillette Mach3 color negro,Rastrillo para afeitar con tres hojas,240.79,53,1,2026-01-15 10:00:00,2026-02-10 12:00:00
4742,P04742,SanDisk Ultra microSD 128GB color negro,Tarjeta microSD de 128 GB,274,28,1,2026-01-15 10:00:00,2026-02-10 12:00:00
4743,P04743,Gillette Mach3 color negro,Rastrillo para afeitar con tres hojas,165.24,179,1,2026-01-15 10:00:00,2026-02-10 12:00:00
4744,P04744,Sterilite Caja organizadora 40L edicion especial,Caja plastica con tapa para almacenamiento,372.33,137,1,2026-01-15 10:00:00,2026-02-10 12:00:00
4745,P04745,Tefal Plancha Ultragliss paquete con 2 piezas,Plancha de vapor para ropa,1052.66,73,1,2026-01-15 10:00:00,2026-02-10 12:00:00
4746,P04746,Cinsa Olla de presion 6L paquete con 2 piezas,Olla de presion de aluminio de 6 litros,1001.28,204,1,2026-01-15 10:00:00,2026-02-10 12:00:00
4747,P04747,Logitech G502 Hero modelo 2026,Mouse gamer de alto rendimiento,895.97,19,1,2026-01-15 10:00:00,2026-02-10 12:00:00
4748,P04748,SanDisk Ultra microSD 128GB paquete con 2 piezas,Tarjeta microSD de 128 GB,294.3,111,1,2026-01-15 10:00:00,2026-02-10 12:00:00
4749,P04749,Gillette Mach3 paquete con 2 piezas,Rastrillo para afeitar con tres hojas,171.58,94,1,2026-01-15 10:00:00,2026-02-10 12:00:00
4750,P04750,JBL Go 4 color negro,Bocina portatil Bluetooth,1158.16,85,1,2026-01-15 10:00:00,2026-02-10 12:00:00
4751,P04751,Sterilite Caja organizadora 40L edicion especial,Caja plastica con tapa para almacenamiento,213.37,139,1,2026-01-15 10:00:00,2026-02-10 12:00:00
4752,P04752,JBL Go 4 paquete con 2 piezas,Bocina portatil Bluetooth,962.94,216,1,2026-01-15 10:00:00,2026-02-10 12:00:00
4753,P04753,Kingston NV2 1TB color negro,Unidad SSD NVMe M.2 de 1 TB,1311.16,232,1,2026-01-15 10:00:00,2026-02-10 12:00:00
4754,P04754,Nike Revolution 7 edicion especial,Tenis deportivos para entrenamiento,1567.99,239,1,2026-01-15 10:00:00,2026-02-10 12:00:00
4755,P04755,SanDisk Ultra microSD 128GB color blanco,Tarjeta microSD de 128 GB,281.28,213,1,2026-01-15 10:00:00,2026-02-10 12:00:00
4756,P04756,Kingston NV2 1TB presentacion familiar,Unidad SSD NVMe M.2 de 1 TB,1389.06,257,1,2026-01-15 10:00:00,2026-02-10 12:00:00
4757,P04757,Tefal Plancha Ultragliss color negro,Plancha de vapor para ropa,1001.8,193,1,2026-01-15 10:00:00,2026-02-10 12:00:00
4758,P04758,SanDisk Ultra microSD 128GB version estandar,Tarjeta microSD de 128 GB,254.05,237,1,2026-01-15 10:00:00,2026-02-10 12:00:00
4759,P04759,Tefal Plancha Ultragliss version estandar,Plancha de vapor para ropa,989.84,187,1,2026-01-15 10:00:00,2026-02-10 12:00:00
4760,P04760,Kingston NV2 1TB presentacion familiar,Unidad SSD NVMe M.2 de 1 TB,1122.77,247,1,2026-01-15 10:00:00,2026-02-10 12:00:00
4761,P04761,JBL Go 4 color negro,Bocina portatil Bluetooth,1211.01,149,1,2026-01-15 10:00:00,2026-02-10 12:00:00
4762,P04762,Tefal Plancha Ultragliss edicion especial,Plancha de vapor para ropa,1012.26,166,1,2026-01-15 10:00:00,2026-02-10 12:00:00
4763,P04763,Gillette Mach3 version estandar,Rastrillo para afeitar con tres hojas,152.19,152,1,2026-01-15 10:00:00,2026-02-10 12:00:00
4764,P04764,Tefal Plancha Ultragliss color blanco,Plancha de vapor para ropa,821.07,202,1,2026-01-15 10:00:00,2026-02-10 12:00:00
4765,P04765,Sterilite Caja organizadora 40L paquete con 2 piezas,Caja plastica con tapa para almacenamiento,434.14,212,1,2026-01-15 10:00:00,2026-02-10 12:00:00
4766,P04766,Colgate Total 12 edicion especial,Pasta dental de proteccion integral,69.31,274,1,2026-01-15 10:00:00,2026-02-10 12:00:00
4767,P04767,Sterilite Caja organizadora 40L color negro,Caja plastica con tapa para almacenamiento,262.93,148,1,2026-01-15 10:00:00,2026-02-10 12:00:00
4768,P04768,Gillette Mach3 edicion especial,Rastrillo para afeitar con tres hojas,237.58,78,1,2026-01-15 10:00:00,2026-02-10 12:00:00
4769,P04769,Colgate Total 12 version estandar,Pasta dental de proteccion integral,62.49,139,1,2026-01-15 10:00:00,2026-02-10 12:00:00
4770,P04770,SanDisk Ultra microSD 128GB paquete con 2 piezas,Tarjeta microSD de 128 GB,296.63,0,0,2026-01-15 10:00:00,2026-02-10 12:00:00
4771,P04771,Logitech G502 Hero modelo 2026,Mouse gamer de alto rendimiento,1094.47,108,1,2026-01-15 10:00:00,2026-02-10 12:00:00
4772,P04772,Tefal Plancha Ultragliss paquete con 2 piezas,Plancha de vapor para ropa,1033.21,88,1,2026-01-15 10:00:00,2026-02-10 12:00:00
4773,P04773,Nike Revolution 7 color blanco,Tenis deportivos para entrenamiento,1509.9,31,1,2026-01-15 10:00:00,2026-02-10 12:00:00
4774,P04774,Tefal Plancha Ultragliss paquete con 2 piezas,Plancha de vapor para ropa,1177.1,115,1,2026-01-15 10:00:00,2026-02-10 12:00:00
4775,P04775,Nike Revolution 7 modelo 2026,Tenis deportivos para entrenamiento,1998,81,1,2026-01-15 10:00:00,2026-02-10 12:00:00
4776,P04776,Gillette Mach3 edicion especial,Rastrillo para afeitar con tres hojas,237.79,230,1,2026-01-15 10:00:00,2026-02-10 12:00:00
4777,P04777,Sterilite Caja organizadora 40L color negro,Caja plastica con tapa para almacenamiento,240.94,206,1,2026-01-15 10:00:00,2026-02-10 12:00:00
4778,P04778,Tefal Plancha Ultragliss version estandar,Plancha de vapor para ropa,981.44,266,1,2026-01-15 10:00:00,2026-02-10 12:00:00
4779,P04779,Logitech G502 Hero edicion especial,Mouse gamer de alto rendimiento,975.5,281,1,2026-01-15 10:00:00,2026-02-10 12:00:00
4780,P04780,SanDisk Ultra microSD 128GB edicion especial,Tarjeta microSD de 128 GB,290.61,178,1,2026-01-15 10:00:00,2026-02-10 12:00:00
4781,P04781,Colgate Total 12 paquete con 2 piezas,Pasta dental de proteccion integral,63.21,177,1,2026-01-15 10:00:00,2026-02-10 12:00:00
4782,P04782,Tefal Plancha Ultragliss paquete con 2 piezas,Plancha de vapor para ropa,855.64,60,1,2026-01-15 10:00:00,2026-02-10 12:00:00
4783,P04783,SanDisk Ultra microSD 128GB presentacion familiar,Tarjeta microSD de 128 GB,317.94,174,1,2026-01-15 10:00:00,2026-02-10 12:00:00
4784,P04784,Tefal Plancha Ultragliss color negro,Plancha de vapor para ropa,864.77,139,1,2026-01-15 10:00:00,2026-02-10 12:00:00
4785,P04785,Logitech G502 Hero paquete con 2 piezas,Mouse gamer de alto rendimiento,942.23,209,1,2026-01-15 10:00:00,2026-02-10 12:00:00
4786,P04786,Gillette Mach3 color blanco,Rastrillo para afeitar con tres hojas,255.68,134,1,2026-01-15 10:00:00,2026-02-10 12:00:00
4787,P04787,JBL Go 4 presentacion familiar,Bocina portatil Bluetooth,968,10,0,2026-01-15 10:00:00,2026-02-10 12:00:00
4788,P04788,Gillette Mach3 color blanco,Rastrillo para afeitar con tres hojas,197.12,130,1,2026-01-15 10:00:00,2026-02-10 12:00:00
4789,P04789,Cinsa Olla de presion 6L modelo 2026,Olla de presion de aluminio de 6 litros,1135.35,67,1,2026-01-15 10:00:00,2026-02-10 12:00:00
4790,P04790,Logitech G502 Hero paquete con 2 piezas,Mouse gamer de alto rendimiento,939.03,206,1,2026-01-15 10:00:00,2026-02-10 12:00:00
4791,P04791,Logitech G502 Hero version estandar,Mouse gamer de alto rendimiento,904.57,271,1,2026-01-15 10:00:00,2026-02-10 12:00:00
4792,P04792,Nike Revolution 7 version estandar,Tenis deportivos para entrenamiento,1641.53,103,1,2026-01-15 10:00:00,2026-02-10 12:00:00
4793,P04793,Kingston NV2 1TB color blanco,Unidad SSD NVMe M.2 de 1 TB,1089.21,284,1,2026-01-15 10:00:00,2026-02-10 12:00:00
4794,P04794,Tefal Plancha Ultragliss edicion especial,Plancha de vapor para ropa,1109.18,148,1,2026-01-15 10:00:00,2026-02-10 12:00:00
4795,P04795,Nike Revolution 7 paquete con 2 piezas,Tenis deportivos para entrenamiento,1809.45,297,1,2026-01-15 10:00:00,2026-02-10 12:00:00
4796,P04796,Cinsa Olla de presion 6L modelo 2026,Olla de presion de aluminio de 6 litros,919.69,28,1,2026-01-15 10:00:00,2026-02-10 12:00:00
4797,P04797,Cinsa Olla de presion 6L paquete con 2 piezas,Olla de presion de aluminio de 6 litros,992.77,38,1,2026-01-15 10:00:00,2026-02-10 12:00:00
4798,P04798,SanDisk Ultra microSD 128GB paquete con 2 piezas,Tarjeta microSD de 128 GB,250.07,7,0,2026-01-15 10:00:00,2026-02-10 12:00:00
4799,P04799,Gillette Mach3 presentacion familiar,Rastrillo para afeitar con tres hojas,227.34,58,1,2026-01-15 10:00:00,2026-02-10 12:00:00
4800,P04800,Tefal Plancha Ultragliss edicion especial,Plancha de vapor para ropa,1136.23,291,1,2026-01-15 10:00:00,2026-02-10 12:00:00
4801,P04801,Colgate Total 12 paquete con 2 piezas,Pasta dental de proteccion integral,53.43,242,1,2026-01-15 10:00:00,2026-02-10 12:00:00
4802,P04802,SanDisk Ultra microSD 128GB color blanco,Tarjeta microSD de 128 GB,339.96,249,1,2026-01-15 10:00:00,2026-02-10 12:00:00
4803,P04803,SanDisk Ultra microSD 128GB version estandar,Tarjeta microSD de 128 GB,375.5,226,1,2026-01-15 10:00:00,2026-02-10 12:00:00
4804,P04804,Colgate Total 12 modelo 2026,Pasta dental de proteccion integral,62.78,24,1,2026-01-15 10:00:00,2026-02-10 12:00:00
4805,P04805,JBL Go 4 color negro,Bocina portatil Bluetooth,1190.54,242,1,2026-01-15 10:00:00,2026-02-10 12:00:00
4806,P04806,Gillette Mach3 presentacion familiar,Rastrillo para afeitar con tres hojas,297.97,282,1,2026-01-15 10:00:00,2026-02-10 12:00:00
4807,P04807,Cinsa Olla de presion 6L color blanco,Olla de presion de aluminio de 6 litros,1025.16,121,1,2026-01-15 10:00:00,2026-02-10 12:00:00
4808,P04808,Kingston NV2 1TB version estandar,Unidad SSD NVMe M.2 de 1 TB,1137.55,180,1,2026-01-15 10:00:00,2026-02-10 12:00:00
4809,P04809,Colgate Total 12 presentacion familiar,Pasta dental de proteccion integral,70.59,131,1,2026-01-15 10:00:00,2026-02-10 12:00:00
4810,P04810,Kingston NV2 1TB version estandar,Unidad SSD NVMe M.2 de 1 TB,1385.44,87,1,2026-01-15 10:00:00,2026-02-10 12:00:00
4811,P04811,Nike Revolution 7 version estandar,Tenis deportivos para entrenamiento,2185.49,250,1,2026-01-15 10:00:00,2026-02-10 12:00:00
4812,P04812,Cinsa Olla de presion 6L paquete con 2 piezas,Olla de presion de aluminio de 6 litros,958.88,129,1,2026-01-15 10:00:00,2026-02-10 12:00:00
4813,P04813,Nike Revolution 7 edicion especial,Tenis deportivos para entrenamiento,2044.41,234,1,2026-01-15 10:00:00,2026-02-10 12:00:00
4814,P04814,Nike Revolution 7 presentacion familiar,Tenis deportivos para entrenamiento,2125.66,202,1,2026-01-15 10:00:00,2026-02-10 12:00:00
4815,P04815,Kingston NV2 1TB presentacion familiar,Unidad SSD NVMe M.2 de 1 TB,1326.4,129,1,2026-01-15 10:00:00,2026-02-10 12:00:00
4816,P04816,Kingston NV2 1TB paquete con 2 piezas,Unidad SSD NVMe M.2 de 1 TB,1286.37,13,1,2026-01-15 10:00:00,2026-02-10 12:00:00
4817,P04817,Cinsa Olla de presion 6L paquete con 2 piezas,Olla de presion de aluminio de 6 litros,860.55,178,1,2026-01-15 10:00:00,2026-02-10 12:00:00
4818,P04818,Cinsa Olla de presion 6L color negro,Olla de presion de aluminio de 6 litros,1140.15,37,1,2026-01-15 10:00:00,2026-02-10 12:00:00
4819,P04819,Logitech G502 Hero edicion especial,Mouse gamer de alto rendimiento,1069.19,233,1,2026-01-15 10:00:00,2026-02-10 12:00:00
4820,P04820,Gillette Mach3 paquete con 2 piezas,Rastrillo para afeitar con tres hojas,266.24,264,1,2026-01-15 10:00:00,2026-02-10 12:00:00
4821,P04821,Tefal Plancha Ultragliss presentacion familiar,Plancha de vapor para ropa,1018.31,247,1,2026-01-15 10:00:00,2026-02-10 12:00:00
4822,P04822,Tefal Plancha Ultragliss edicion especial,Plancha de vapor para ropa,1107.61,170,1,2026-01-15 10:00:00,2026-02-10 12:00:00
4823,P04823,Cinsa Olla de presion 6L color negro,Olla de presion de aluminio de 6 litros,862.01,30,1,2026-01-15 10:00:00,2026-02-10 12:00:00
4824,P04824,Colgate Total 12 version estandar,Pasta dental de proteccion integral,99.69,206,1,2026-01-15 10:00:00,2026-02-10 12:00:00
4825,P04825,Sterilite Caja organizadora 40L color blanco,Caja plastica con tapa para almacenamiento,375.87,279,1,2026-01-15 10:00:00,2026-02-10 12:00:00
4826,P04826,Cinsa Olla de presion 6L color negro,Olla de presion de aluminio de 6 litros,903.36,12,1,2026-01-15 10:00:00,2026-02-10 12:00:00
4827,P04827,Tefal Plancha Ultragliss modelo 2026,Plancha de vapor para ropa,1115.1,118,1,2026-01-15 10:00:00,2026-02-10 12:00:00
4828,P04828,Cinsa Olla de presion 6L presentacion familiar,Olla de presion de aluminio de 6 litros,1052.35,39,1,2026-01-15 10:00:00,2026-02-10 12:00:00
4829,P04829,SanDisk Ultra microSD 128GB color negro,Tarjeta microSD de 128 GB,383.32,48,1,2026-01-15 10:00:00,2026-02-10 12:00:00
4830,P04830,Colgate Total 12 color negro,Pasta dental de proteccion integral,76,191,1,2026-01-15 10:00:00,2026-02-10 12:00:00
4831,P04831,JBL Go 4 modelo 2026,Bocina portatil Bluetooth,1086.67,129,1,2026-01-15 10:00:00,2026-02-10 12:00:00
4832,P04832,Colgate Total 12 color negro,Pasta dental de proteccion integral,74.27,196,1,2026-01-15 10:00:00,2026-02-10 12:00:00
4833,P04833,JBL Go 4 paquete con 2 piezas,Bocina portatil Bluetooth,920.24,31,1,2026-01-15 10:00:00,2026-02-10 12:00:00
4834,P04834,JBL Go 4 color negro,Bocina portatil Bluetooth,1202.34,221,1,2026-01-15 10:00:00,2026-02-10 12:00:00
4835,P04835,Nike Revolution 7 edicion especial,Tenis deportivos para entrenamiento,1666.96,261,1,2026-01-15 10:00:00,2026-02-10 12:00:00
4836,P04836,Sterilite Caja organizadora 40L version estandar,Caja plastica con tapa para almacenamiento,313.41,2,0,2026-01-15 10:00:00,2026-02-10 12:00:00
4837,P04837,Gillette Mach3 color negro,Rastrillo para afeitar con tres hojas,279.59,136,1,2026-01-15 10:00:00,2026-02-10 12:00:00
4838,P04838,Nike Revolution 7 presentacion familiar,Tenis deportivos para entrenamiento,2182.73,125,1,2026-01-15 10:00:00,2026-02-10 12:00:00
4839,P04839,Gillette Mach3 edicion especial,Rastrillo para afeitar con tres hojas,230.56,101,1,2026-01-15 10:00:00,2026-02-10 12:00:00
4840,P04840,Nike Revolution 7 version estandar,Tenis deportivos para entrenamiento,2084.2,50,1,2026-01-15 10:00:00,2026-02-10 12:00:00
4841,P04841,Cinsa Olla de presion 6L color blanco,Olla de presion de aluminio de 6 litros,1150.35,20,1,2026-01-15 10:00:00,2026-02-10 12:00:00
4842,P04842,Tefal Plancha Ultragliss modelo 2026,Plancha de vapor para ropa,1003.08,5,0,2026-01-15 10:00:00,2026-02-10 12:00:00
4843,P04843,Kingston NV2 1TB paquete con 2 piezas,Unidad SSD NVMe M.2 de 1 TB,1255.74,195,1,2026-01-15 10:00:00,2026-02-10 12:00:00
4844,P04844,Logitech G502 Hero presentacion familiar,Mouse gamer de alto rendimiento,752.65,138,1,2026-01-15 10:00:00,2026-02-10 12:00:00
4845,P04845,SanDisk Ultra microSD 128GB modelo 2026,Tarjeta microSD de 128 GB,250.59,187,1,2026-01-15 10:00:00,2026-02-10 12:00:00
4846,P04846,Cinsa Olla de presion 6L modelo 2026,Olla de presion de aluminio de 6 litros,880.04,22,1,2026-01-15 10:00:00,2026-02-10 12:00:00
4847,P04847,Colgate Total 12 version estandar,Pasta dental de proteccion integral,69.33,65,1,2026-01-15 10:00:00,2026-02-10 12:00:00
4848,P04848,SanDisk Ultra microSD 128GB presentacion familiar,Tarjeta microSD de 128 GB,269.22,121,1,2026-01-15 10:00:00,2026-02-10 12:00:00
4849,P04849,Sterilite Caja organizadora 40L edicion especial,Caja plastica con tapa para almacenamiento,305.88,173,1,2026-01-15 10:00:00,2026-02-10 12:00:00
4850,P04850,Logitech G502 Hero modelo 2026,Mouse gamer de alto rendimiento,837.79,71,1,2026-01-15 10:00:00,2026-02-10 12:00:00
4851,P04851,Nike Revolution 7 version estandar,Tenis deportivos para entrenamiento,1882.9,268,1,2026-01-15 10:00:00,2026-02-10 12:00:00
4852,P04852,JBL Go 4 color negro,Bocina portatil Bluetooth,955.95,110,1,2026-01-15 10:00:00,2026-02-10 12:00:00
4853,P04853,JBL Go 4 color blanco,Bocina portatil Bluetooth,1102.95,222,1,2026-01-15 10:00:00,2026-02-10 12:00:00
4854,P04854,Nike Revolution 7 edicion especial,Tenis deportivos para entrenamiento,2156.19,102,1,2026-01-15 10:00:00,2026-02-10 12:00:00
4855,P04855,Colgate Total 12 color blanco,Pasta dental de proteccion integral,91.86,90,1,2026-01-15 10:00:00,2026-02-10 12:00:00
4856,P04856,Cinsa Olla de presion 6L color negro,Olla de presion de aluminio de 6 litros,1102.5,71,1,2026-01-15 10:00:00,2026-02-10 12:00:00
4857,P04857,Gillette Mach3 presentacion familiar,Rastrillo para afeitar con tres hojas,292.4,107,1,2026-01-15 10:00:00,2026-02-10 12:00:00
4858,P04858,Colgate Total 12 edicion especial,Pasta dental de proteccion integral,75.97,222,1,2026-01-15 10:00:00,2026-02-10 12:00:00
4859,P04859,Kingston NV2 1TB color negro,Unidad SSD NVMe M.2 de 1 TB,1388.13,270,1,2026-01-15 10:00:00,2026-02-10 12:00:00
4860,P04860,Gillette Mach3 version estandar,Rastrillo para afeitar con tres hojas,241.71,277,1,2026-01-15 10:00:00,2026-02-10 12:00:00
4861,P04861,Kingston NV2 1TB presentacion familiar,Unidad SSD NVMe M.2 de 1 TB,1406.69,155,1,2026-01-15 10:00:00,2026-02-10 12:00:00
4862,P04862,Tefal Plancha Ultragliss version estandar,Plancha de vapor para ropa,1029.32,46,1,2026-01-15 10:00:00,2026-02-10 12:00:00
4863,P04863,Colgate Total 12 presentacion familiar,Pasta dental de proteccion integral,95.1,285,1,2026-01-15 10:00:00,2026-02-10 12:00:00
4864,P04864,Sterilite Caja organizadora 40L presentacion familiar,Caja plastica con tapa para almacenamiento,229.25,13,1,2026-01-15 10:00:00,2026-02-10 12:00:00
4865,P04865,Tefal Plancha Ultragliss version estandar,Plancha de vapor para ropa,1150.23,107,1,2026-01-15 10:00:00,2026-02-10 12:00:00
4866,P04866,Nike Revolution 7 color negro,Tenis deportivos para entrenamiento,1989.41,256,1,2026-01-15 10:00:00,2026-02-10 12:00:00
4867,P04867,SanDisk Ultra microSD 128GB color negro,Tarjeta microSD de 128 GB,316.95,19,1,2026-01-15 10:00:00,2026-02-10 12:00:00
4868,P04868,Sterilite Caja organizadora 40L presentacion familiar,Caja plastica con tapa para almacenamiento,269.12,110,1,2026-01-15 10:00:00,2026-02-10 12:00:00
4869,P04869,SanDisk Ultra microSD 128GB color blanco,Tarjeta microSD de 128 GB,258.74,30,1,2026-01-15 10:00:00,2026-02-10 12:00:00
4870,P04870,Logitech G502 Hero paquete con 2 piezas,Mouse gamer de alto rendimiento,979.17,188,1,2026-01-15 10:00:00,2026-02-10 12:00:00
4871,P04871,Tefal Plancha Ultragliss color negro,Plancha de vapor para ropa,1089.7,176,1,2026-01-15 10:00:00,2026-02-10 12:00:00
4872,P04872,Colgate Total 12 edicion especial,Pasta dental de proteccion integral,99.58,74,1,2026-01-15 10:00:00,2026-02-10 12:00:00
4873,P04873,Colgate Total 12 color negro,Pasta dental de proteccion integral,67.85,227,1,2026-01-15 10:00:00,2026-02-10 12:00:00
4874,P04874,JBL Go 4 paquete con 2 piezas,Bocina portatil Bluetooth,942.9,138,1,2026-01-15 10:00:00,2026-02-10 12:00:00
4875,P04875,SanDisk Ultra microSD 128GB color blanco,Tarjeta microSD de 128 GB,273.66,231,1,2026-01-15 10:00:00,2026-02-10 12:00:00
4876,P04876,Logitech G502 Hero edicion especial,Mouse gamer de alto rendimiento,853.39,179,1,2026-01-15 10:00:00,2026-02-10 12:00:00
4877,P04877,Nike Revolution 7 edicion especial,Tenis deportivos para entrenamiento,1897.22,250,1,2026-01-15 10:00:00,2026-02-10 12:00:00
4878,P04878,Logitech G502 Hero presentacion familiar,Mouse gamer de alto rendimiento,723.43,91,1,2026-01-15 10:00:00,2026-02-10 12:00:00
4879,P04879,Colgate Total 12 paquete con 2 piezas,Pasta dental de proteccion integral,91.1,6,0,2026-01-15 10:00:00,2026-02-10 12:00:00
4880,P04880,Cinsa Olla de presion 6L paquete con 2 piezas,Olla de presion de aluminio de 6 litros,1115.44,234,1,2026-01-15 10:00:00,2026-02-10 12:00:00
4881,P04881,Cinsa Olla de presion 6L version estandar,Olla de presion de aluminio de 6 litros,815.85,204,1,2026-01-15 10:00:00,2026-02-10 12:00:00
4882,P04882,Tefal Plancha Ultragliss color blanco,Plancha de vapor para ropa,850.18,242,1,2026-01-15 10:00:00,2026-02-10 12:00:00
4883,P04883,Tefal Plancha Ultragliss color negro,Plancha de vapor para ropa,809.92,24,1,2026-01-15 10:00:00,2026-02-10 12:00:00
4884,P04884,Logitech G502 Hero modelo 2026,Mouse gamer de alto rendimiento,710.29,123,1,2026-01-15 10:00:00,2026-02-10 12:00:00
4885,P04885,Cinsa Olla de presion 6L color negro,Olla de presion de aluminio de 6 litros,846.98,1,0,2026-01-15 10:00:00,2026-02-10 12:00:00
4886,P04886,Kingston NV2 1TB modelo 2026,Unidad SSD NVMe M.2 de 1 TB,1336.26,15,1,2026-01-15 10:00:00,2026-02-10 12:00:00
4887,P04887,Cinsa Olla de presion 6L paquete con 2 piezas,Olla de presion de aluminio de 6 litros,973.22,25,1,2026-01-15 10:00:00,2026-02-10 12:00:00
4888,P04888,JBL Go 4 paquete con 2 piezas,Bocina portatil Bluetooth,1204.83,111,1,2026-01-15 10:00:00,2026-02-10 12:00:00
4889,P04889,Logitech G502 Hero color negro,Mouse gamer de alto rendimiento,737.03,103,1,2026-01-15 10:00:00,2026-02-10 12:00:00
4890,P04890,Logitech G502 Hero paquete con 2 piezas,Mouse gamer de alto rendimiento,939.75,133,1,2026-01-15 10:00:00,2026-02-10 12:00:00
4891,P04891,Gillette Mach3 version estandar,Rastrillo para afeitar con tres hojas,184.69,10,0,2026-01-15 10:00:00,2026-02-10 12:00:00
4892,P04892,Colgate Total 12 edicion especial,Pasta dental de proteccion integral,89.82,183,1,2026-01-15 10:00:00,2026-02-10 12:00:00
4893,P04893,Logitech G502 Hero version estandar,Mouse gamer de alto rendimiento,732.92,236,1,2026-01-15 10:00:00,2026-02-10 12:00:00
4894,P04894,Colgate Total 12 color blanco,Pasta dental de proteccion integral,89.08,110,1,2026-01-15 10:00:00,2026-02-10 12:00:00
4895,P04895,Colgate Total 12 version estandar,Pasta dental de proteccion integral,87.51,208,1,2026-01-15 10:00:00,2026-02-10 12:00:00
4896,P04896,Sterilite Caja organizadora 40L paquete con 2 piezas,Caja plastica con tapa para almacenamiento,344.32,79,1,2026-01-15 10:00:00,2026-02-10 12:00:00
4897,P04897,Sterilite Caja organizadora 40L color blanco,Caja plastica con tapa para almacenamiento,435.36,280,1,2026-01-15 10:00:00,2026-02-10 12:00:00
4898,P04898,Gillette Mach3 paquete con 2 piezas,Rastrillo para afeitar con tres hojas,224.08,155,1,2026-01-15 10:00:00,2026-02-10 12:00:00
4899,P04899,Tefal Plancha Ultragliss presentacion familiar,Plancha de vapor para ropa,1149.75,121,1,2026-01-15 10:00:00,2026-02-10 12:00:00
4900,P04900,Colgate Total 12 color negro,Pasta dental de proteccion integral,73.01,187,1,2026-01-15 10:00:00,2026-02-10 12:00:00
4901,P04901,Colgate Total 12 edicion especial,Pasta dental de proteccion integral,73.56,262,1,2026-01-15 10:00:00,2026-02-10 12:00:00
4902,P04902,Colgate Total 12 modelo 2026,Pasta dental de proteccion integral,68.66,243,1,2026-01-15 10:00:00,2026-02-10 12:00:00
4903,P04903,SanDisk Ultra microSD 128GB color blanco,Tarjeta microSD de 128 GB,293.15,273,1,2026-01-15 10:00:00,2026-02-10 12:00:00
4904,P04904,Nike Revolution 7 color negro,Tenis deportivos para entrenamiento,1713.85,56,1,2026-01-15 10:00:00,2026-02-10 12:00:00
4905,P04905,Colgate Total 12 color negro,Pasta dental de proteccion integral,75.59,225,1,2026-01-15 10:00:00,2026-02-10 12:00:00
4906,P04906,Colgate Total 12 color blanco,Pasta dental de proteccion integral,77.07,215,1,2026-01-15 10:00:00,2026-02-10 12:00:00
4907,P04907,Nike Revolution 7 edicion especial,Tenis deportivos para entrenamiento,1656.02,146,1,2026-01-15 10:00:00,2026-02-10 12:00:00
4908,P04908,Gillette Mach3 version estandar,Rastrillo para afeitar con tres hojas,259.25,240,1,2026-01-15 10:00:00,2026-02-10 12:00:00
4909,P04909,Logitech G502 Hero presentacion familiar,Mouse gamer de alto rendimiento,722.27,73,1,2026-01-15 10:00:00,2026-02-10 12:00:00
4910,P04910,Sterilite Caja organizadora 40L modelo 2026,Caja plastica con tapa para almacenamiento,345.74,38,1,2026-01-15 10:00:00,2026-02-10 12:00:00
4911,P04911,Tefal Plancha Ultragliss presentacion familiar,Plancha de vapor para ropa,1048.87,27,1,2026-01-15 10:00:00,2026-02-10 12:00:00
4912,P04912,Logitech G502 Hero modelo 2026,Mouse gamer de alto rendimiento,967.53,244,1,2026-01-15 10:00:00,2026-02-10 12:00:00
4913,P04913,Nike Revolution 7 modelo 2026,Tenis deportivos para entrenamiento,2024.34,261,1,2026-01-15 10:00:00,2026-02-10 12:00:00
4914,P04914,SanDisk Ultra microSD 128GB modelo 2026,Tarjeta microSD de 128 GB,250.35,232,1,2026-01-15 10:00:00,2026-02-10 12:00:00
4915,P04915,Logitech G502 Hero color negro,Mouse gamer de alto rendimiento,712.29,34,1,2026-01-15 10:00:00,2026-02-10 12:00:00
4916,P04916,SanDisk Ultra microSD 128GB color blanco,Tarjeta microSD de 128 GB,361.91,280,1,2026-01-15 10:00:00,2026-02-10 12:00:00
4917,P04917,Kingston NV2 1TB edicion especial,Unidad SSD NVMe M.2 de 1 TB,1494.77,217,1,2026-01-15 10:00:00,2026-02-10 12:00:00
4918,P04918,Colgate Total 12 presentacion familiar,Pasta dental de proteccion integral,73.08,285,1,2026-01-15 10:00:00,2026-02-10 12:00:00
4919,P04919,Cinsa Olla de presion 6L version estandar,Olla de presion de aluminio de 6 litros,874.32,146,1,2026-01-15 10:00:00,2026-02-10 12:00:00
4920,P04920,Kingston NV2 1TB edicion especial,Unidad SSD NVMe M.2 de 1 TB,1395.56,76,1,2026-01-15 10:00:00,2026-02-10 12:00:00
4921,P04921,Nike Revolution 7 version estandar,Tenis deportivos para entrenamiento,1960.13,113,1,2026-01-15 10:00:00,2026-02-10 12:00:00
4922,P04922,Colgate Total 12 color blanco,Pasta dental de proteccion integral,74.04,61,1,2026-01-15 10:00:00,2026-02-10 12:00:00
4923,P04923,Cinsa Olla de presion 6L paquete con 2 piezas,Olla de presion de aluminio de 6 litros,923.02,292,1,2026-01-15 10:00:00,2026-02-10 12:00:00
4924,P04924,Colgate Total 12 edicion especial,Pasta dental de proteccion integral,88.29,202,1,2026-01-15 10:00:00,2026-02-10 12:00:00
4925,P04925,SanDisk Ultra microSD 128GB modelo 2026,Tarjeta microSD de 128 GB,376.4,131,1,2026-01-15 10:00:00,2026-02-10 12:00:00
4926,P04926,Tefal Plancha Ultragliss color blanco,Plancha de vapor para ropa,847.32,230,1,2026-01-15 10:00:00,2026-02-10 12:00:00
4927,P04927,Kingston NV2 1TB color negro,Unidad SSD NVMe M.2 de 1 TB,1339.8,280,1,2026-01-15 10:00:00,2026-02-10 12:00:00
4928,P04928,Tefal Plancha Ultragliss edicion especial,Plancha de vapor para ropa,1013.03,146,1,2026-01-15 10:00:00,2026-02-10 12:00:00
4929,P04929,Logitech G502 Hero color negro,Mouse gamer de alto rendimiento,788.05,286,1,2026-01-15 10:00:00,2026-02-10 12:00:00
4930,P04930,Kingston NV2 1TB version estandar,Unidad SSD NVMe M.2 de 1 TB,1151.54,116,1,2026-01-15 10:00:00,2026-02-10 12:00:00
4931,P04931,Gillette Mach3 color negro,Rastrillo para afeitar con tres hojas,239.57,123,1,2026-01-15 10:00:00,2026-02-10 12:00:00
4932,P04932,Sterilite Caja organizadora 40L edicion especial,Caja plastica con tapa para almacenamiento,268.24,216,1,2026-01-15 10:00:00,2026-02-10 12:00:00
4933,P04933,Colgate Total 12 edicion especial,Pasta dental de proteccion integral,54.98,165,1,2026-01-15 10:00:00,2026-02-10 12:00:00
4934,P04934,Colgate Total 12 version estandar,Pasta dental de proteccion integral,82.84,285,1,2026-01-15 10:00:00,2026-02-10 12:00:00
4935,P04935,Kingston NV2 1TB color blanco,Unidad SSD NVMe M.2 de 1 TB,1076.16,249,1,2026-01-15 10:00:00,2026-02-10 12:00:00
4936,P04936,Cinsa Olla de presion 6L edicion especial,Olla de presion de aluminio de 6 litros,1071.58,183,1,2026-01-15 10:00:00,2026-02-10 12:00:00
4937,P04937,Sterilite Caja organizadora 40L color negro,Caja plastica con tapa para almacenamiento,202.28,270,1,2026-01-15 10:00:00,2026-02-10 12:00:00
4938,P04938,Kingston NV2 1TB color negro,Unidad SSD NVMe M.2 de 1 TB,1221.93,5,0,2026-01-15 10:00:00,2026-02-10 12:00:00
4939,P04939,JBL Go 4 version estandar,Bocina portatil Bluetooth,1225.19,105,1,2026-01-15 10:00:00,2026-02-10 12:00:00
4940,P04940,Sterilite Caja organizadora 40L presentacion familiar,Caja plastica con tapa para almacenamiento,383.8,158,1,2026-01-15 10:00:00,2026-02-10 12:00:00
4941,P04941,Logitech G502 Hero version estandar,Mouse gamer de alto rendimiento,706,125,1,2026-01-15 10:00:00,2026-02-10 12:00:00
4942,P04942,Logitech G502 Hero color blanco,Mouse gamer de alto rendimiento,943.41,36,1,2026-01-15 10:00:00,2026-02-10 12:00:00
4943,P04943,Kingston NV2 1TB modelo 2026,Unidad SSD NVMe M.2 de 1 TB,1169.46,65,1,2026-01-15 10:00:00,2026-02-10 12:00:00
4944,P04944,JBL Go 4 paquete con 2 piezas,Bocina portatil Bluetooth,1084.45,31,1,2026-01-15 10:00:00,2026-02-10 12:00:00
4945,P04945,Logitech G502 Hero modelo 2026,Mouse gamer de alto rendimiento,1073.02,144,1,2026-01-15 10:00:00,2026-02-10 12:00:00
4946,P04946,SanDisk Ultra microSD 128GB edicion especial,Tarjeta microSD de 128 GB,370.54,20,1,2026-01-15 10:00:00,2026-02-10 12:00:00
4947,P04947,Gillette Mach3 paquete con 2 piezas,Rastrillo para afeitar con tres hojas,172.91,279,1,2026-01-15 10:00:00,2026-02-10 12:00:00
4948,P04948,Nike Revolution 7 modelo 2026,Tenis deportivos para entrenamiento,1910.12,265,1,2026-01-15 10:00:00,2026-02-10 12:00:00
4949,P04949,JBL Go 4 version estandar,Bocina portatil Bluetooth,988.85,70,1,2026-01-15 10:00:00,2026-02-10 12:00:00
4950,P04950,Colgate Total 12 paquete con 2 piezas,Pasta dental de proteccion integral,88.41,284,1,2026-01-15 10:00:00,2026-02-10 12:00:00
4951,P04951,JBL Go 4 color negro,Bocina portatil Bluetooth,1290.31,47,1,2026-01-15 10:00:00,2026-02-10 12:00:00
4952,P04952,Cinsa Olla de presion 6L color negro,Olla de presion de aluminio de 6 litros,1164.79,74,1,2026-01-15 10:00:00,2026-02-10 12:00:00
4953,P04953,Logitech G502 Hero modelo 2026,Mouse gamer de alto rendimiento,844.84,13,1,2026-01-15 10:00:00,2026-02-10 12:00:00
4954,P04954,Gillette Mach3 paquete con 2 piezas,Rastrillo para afeitar con tres hojas,173.01,146,1,2026-01-15 10:00:00,2026-02-10 12:00:00
4955,P04955,Tefal Plancha Ultragliss color blanco,Plancha de vapor para ropa,933.47,245,1,2026-01-15 10:00:00,2026-02-10 12:00:00
4956,P04956,Sterilite Caja organizadora 40L modelo 2026,Caja plastica con tapa para almacenamiento,269.01,202,1,2026-01-15 10:00:00,2026-02-10 12:00:00
4957,P04957,Gillette Mach3 edicion especial,Rastrillo para afeitar con tres hojas,270.04,52,1,2026-01-15 10:00:00,2026-02-10 12:00:00
4958,P04958,Logitech G502 Hero paquete con 2 piezas,Mouse gamer de alto rendimiento,876.5,238,1,2026-01-15 10:00:00,2026-02-10 12:00:00
4959,P04959,Nike Revolution 7 color blanco,Tenis deportivos para entrenamiento,1555.41,179,1,2026-01-15 10:00:00,2026-02-10 12:00:00
4960,P04960,JBL Go 4 modelo 2026,Bocina portatil Bluetooth,1285.04,84,1,2026-01-15 10:00:00,2026-02-10 12:00:00
4961,P04961,Kingston NV2 1TB color blanco,Unidad SSD NVMe M.2 de 1 TB,1480.57,40,1,2026-01-15 10:00:00,2026-02-10 12:00:00
4962,P04962,Kingston NV2 1TB edicion especial,Unidad SSD NVMe M.2 de 1 TB,1401.14,48,1,2026-01-15 10:00:00,2026-02-10 12:00:00
4963,P04963,Cinsa Olla de presion 6L color negro,Olla de presion de aluminio de 6 litros,1088.65,215,1,2026-01-15 10:00:00,2026-02-10 12:00:00
4964,P04964,Nike Revolution 7 color blanco,Tenis deportivos para entrenamiento,1653.72,216,1,2026-01-15 10:00:00,2026-02-10 12:00:00
4965,P04965,Tefal Plancha Ultragliss version estandar,Plancha de vapor para ropa,833.53,194,1,2026-01-15 10:00:00,2026-02-10 12:00:00
4966,P04966,Gillette Mach3 color negro,Rastrillo para afeitar con tres hojas,189.53,222,1,2026-01-15 10:00:00,2026-02-10 12:00:00
4967,P04967,Kingston NV2 1TB edicion especial,Unidad SSD NVMe M.2 de 1 TB,1075.05,27,1,2026-01-15 10:00:00,2026-02-10 12:00:00
4968,P04968,Cinsa Olla de presion 6L edicion especial,Olla de presion de aluminio de 6 litros,1195.13,260,1,2026-01-15 10:00:00,2026-02-10 12:00:00
4969,P04969,Logitech G502 Hero presentacion familiar,Mouse gamer de alto rendimiento,925.48,246,1,2026-01-15 10:00:00,2026-02-10 12:00:00
4970,P04970,Sterilite Caja organizadora 40L presentacion familiar,Caja plastica con tapa para almacenamiento,308.9,159,1,2026-01-15 10:00:00,2026-02-10 12:00:00
4971,P04971,Colgate Total 12 modelo 2026,Pasta dental de proteccion integral,51.35,74,1,2026-01-15 10:00:00,2026-02-10 12:00:00
4972,P04972,Tefal Plancha Ultragliss color negro,Plancha de vapor para ropa,1173.27,283,1,2026-01-15 10:00:00,2026-02-10 12:00:00
4973,P04973,Sterilite Caja organizadora 40L version estandar,Caja plastica con tapa para almacenamiento,223.41,58,1,2026-01-15 10:00:00,2026-02-10 12:00:00
4974,P04974,Tefal Plancha Ultragliss version estandar,Plancha de vapor para ropa,912.61,154,1,2026-01-15 10:00:00,2026-02-10 12:00:00
4975,P04975,Colgate Total 12 paquete con 2 piezas,Pasta dental de proteccion integral,93.48,201,1,2026-01-15 10:00:00,2026-02-10 12:00:00
4976,P04976,SanDisk Ultra microSD 128GB modelo 2026,Tarjeta microSD de 128 GB,397.81,177,1,2026-01-15 10:00:00,2026-02-10 12:00:00
4977,P04977,Sterilite Caja organizadora 40L color blanco,Caja plastica con tapa para almacenamiento,382.92,243,1,2026-01-15 10:00:00,2026-02-10 12:00:00
4978,P04978,SanDisk Ultra microSD 128GB version estandar,Tarjeta microSD de 128 GB,399.96,109,1,2026-01-15 10:00:00,2026-02-10 12:00:00
4979,P04979,Nike Revolution 7 edicion especial,Tenis deportivos para entrenamiento,2193.49,108,1,2026-01-15 10:00:00,2026-02-10 12:00:00
4980,P04980,Sterilite Caja organizadora 40L presentacion familiar,Caja plastica con tapa para almacenamiento,257.81,163,1,2026-01-15 10:00:00,2026-02-10 12:00:00
4981,P04981,Colgate Total 12 paquete con 2 piezas,Pasta dental de proteccion integral,66.1,245,1,2026-01-15 10:00:00,2026-02-10 12:00:00
4982,P04982,JBL Go 4 color negro,Bocina portatil Bluetooth,1020.28,201,1,2026-01-15 10:00:00,2026-02-10 12:00:00
4983,P04983,Sterilite Caja organizadora 40L presentacion familiar,Caja plastica con tapa para almacenamiento,244.84,149,1,2026-01-15 10:00:00,2026-02-10 12:00:00
4984,P04984,Kingston NV2 1TB color negro,Unidad SSD NVMe M.2 de 1 TB,1069.62,284,1,2026-01-15 10:00:00,2026-02-10 12:00:00
4985,P04985,Colgate Total 12 edicion especial,Pasta dental de proteccion integral,74.96,195,1,2026-01-15 10:00:00,2026-02-10 12:00:00
4986,P04986,Logitech G502 Hero presentacion familiar,Mouse gamer de alto rendimiento,921.67,111,1,2026-01-15 10:00:00,2026-02-10 12:00:00
4987,P04987,SanDisk Ultra microSD 128GB color negro,Tarjeta microSD de 128 GB,299.01,3,0,2026-01-15 10:00:00,2026-02-10 12:00:00
4988,P04988,Logitech G502 Hero color negro,Mouse gamer de alto rendimiento,950.16,298,1,2026-01-15 10:00:00,2026-02-10 12:00:00
4989,P04989,SanDisk Ultra microSD 128GB presentacion familiar,Tarjeta microSD de 128 GB,277.57,117,1,2026-01-15 10:00:00,2026-02-10 12:00:00
4990,P04990,Cinsa Olla de presion 6L presentacion familiar,Olla de presion de aluminio de 6 litros,1182.17,167,1,2026-01-15 10:00:00,2026-02-10 12:00:00
4991,P04991,Gillette Mach3 presentacion familiar,Rastrillo para afeitar con tres hojas,200.89,66,1,2026-01-15 10:00:00,2026-02-10 12:00:00
4992,P04992,Tefal Plancha Ultragliss presentacion familiar,Plancha de vapor para ropa,840.15,124,1,2026-01-15 10:00:00,2026-02-10 12:00:00
4993,P04993,Gillette Mach3 modelo 2026,Rastrillo para afeitar con tres hojas,191.06,155,1,2026-01-15 10:00:00,2026-02-10 12:00:00
4994,P04994,Tefal Plancha Ultragliss edicion especial,Plancha de vapor para ropa,1004.19,196,1,2026-01-15 10:00:00,2026-02-10 12:00:00
4995,P04995,Logitech G502 Hero edicion especial,Mouse gamer de alto rendimiento,993.02,140,1,2026-01-15 10:00:00,2026-02-10 12:00:00
4996,P04996,Kingston NV2 1TB version estandar,Unidad SSD NVMe M.2 de 1 TB,1425.29,73,1,2026-01-15 10:00:00,2026-02-10 12:00:00
4997,P04997,Tefal Plancha Ultragliss edicion especial,Plancha de vapor para ropa,1177.04,221,1,2026-01-15 10:00:00,2026-02-10 12:00:00
4998,P04998,Logitech G502 Hero edicion especial,Mouse gamer de alto rendimiento,893.75,93,1,2026-01-15 10:00:00,2026-02-10 12:00:00
4999,P04999,Tefal Plancha Ultragliss presentacion familiar,Plancha de vapor para ropa,1172.13,26,1,2026-01-15 10:00:00,2026-02-10 12:00:00
5000,P05000,Kingston NV2 1TB paquete con 2 piezas,Unidad SSD NVMe M.2 de 1 TB,1428.44,192,1,2026-01-15 10:00:00,2026-02-10 12:00:00
